#,Split,MedInc (std),House Value ($100k)
1,train,-1.155301,0.477000
2,train,-0.706143,0.458000
3,train,-0.204836,5.000010
4,train,0.987934,2.186000
5,train,-0.075441,2.780000
6,train,0.447476,1.587000
7,train,0.642546,1.982000
8,train,-0.093511,1.575000
9,train,0.494447,3.400000
10,train,2.243103,4.466000
11,train,-0.700648,1.232000
12,train,-0.458501,2.539000
13,train,-0.532789,2.151000
14,train,-0.278384,2.205000
15,train,0.792018,2.198000
16,train,-0.025194,1.362000
17,train,0.020350,1.784000
18,train,0.140975,1.875000
19,train,-0.023503,1.398000
20,train,-0.887793,1.375000
21,train,0.191222,4.250000
22,train,0.263607,4.056000
23,train,0.781979,1.388000
24,train,1.196477,5.000010
25,train,0.187893,1.621000
26,train,-1.007889,0.514000
27,train,-0.696051,1.513000
28,train,-0.326412,0.948000
29,train,-0.115068,2.041000
30,train,1.233726,3.615000
31,train,-1.187848,0.851000
32,train,-1.393696,1.384000
33,train,-0.232047,1.375000
34,train,1.713476,4.650000
35,train,-0.198602,2.718000
36,train,0.865619,2.394000
37,train,0.267992,3.409000
38,train,-0.241082,1.504000
39,train,-0.410051,1.281000
40,train,-0.600049,1.560000
41,train,1.447447,2.581000
42,train,-0.040200,0.905000
43,train,-0.845313,0.713000
44,train,-0.211282,2.197000
45,train,0.034774,1.510000
46,train,-0.446825,2.901000
47,train,-0.189250,1.420000
48,train,-0.412270,2.915000
49,train,-0.593180,2.554000
50,train,-0.341417,0.981000
51,train,0.334037,2.519000
52,train,-0.667943,1.621000
53,train,-0.232047,1.294000
54,train,-1.202589,0.894000
55,train,-0.570513,1.505000
56,train,0.827365,1.338000
57,train,-0.966360,0.804000
58,train,0.638266,2.111000
59,train,0.386186,2.556000
60,train,0.892142,2.145000
61,train,0.190693,5.000010
62,train,-0.522274,2.021000
63,train,-0.651722,0.815000
64,train,-0.485712,0.988000
65,train,1.257238,2.819000
66,train,-0.166953,1.846000
67,train,-0.592863,2.547000
68,train,0.110383,1.431000
69,train,-1.396127,1.625000
70,train,-0.735890,1.426000
71,train,-0.143494,0.859000
72,train,0.489005,1.869000
73,train,-0.172289,0.713000
74,train,0.125335,1.744000
75,train,-0.210278,2.250000
76,train,-0.045695,1.465000
77,train,1.182792,4.050000
78,train,0.078681,1.896000
79,train,0.118784,1.644000
80,train,-0.839237,3.375000
81,train,-0.760670,0.725000
82,train,-0.722681,1.438000
83,train,-1.144522,1.600000
84,train,-1.143360,1.181000
85,train,1.609231,3.740000
86,train,0.961410,2.027000
87,train,-0.991827,0.966000
88,train,-1.168457,0.658000
89,train,-1.147851,1.674000
90,train,-0.588478,1.798000
91,train,-0.402865,0.967000
92,train,-0.105452,2.661000
93,train,-1.055758,0.911000
94,train,-1.273389,0.498000
95,train,-0.644959,0.907000
96,train,-0.545839,1.158000
97,train,-0.171338,2.786000
98,train,-1.352960,2.500000
99,train,-0.493901,0.850000
100,train,-0.236960,1.770000
101,train,-0.426905,0.997000
102,train,3.080763,3.576000
103,train,0.294410,4.750000
104,train,1.457962,2.736000
105,train,-0.071320,1.824000
106,train,-0.429442,1.578000
107,train,-1.062098,1.938000
108,train,0.543161,3.336000
109,train,-0.126058,2.646000
110,train,-0.892865,0.584000
111,train,-0.682420,1.734000
112,train,0.222606,2.148000
113,train,3.253906,2.000000
114,train,2.105730,4.228000
115,train,-0.331484,0.936000
116,train,-0.421833,1.222000
117,train,-0.120933,1.676000
118,train,0.145360,3.036000
119,train,0.532171,2.693000
120,train,0.691313,2.644000
121,train,-0.370688,1.910000
122,train,-0.049023,1.538000
123,train,0.482664,2.755000
124,train,-1.158048,2.088000
125,train,-0.448357,1.423000
126,train,-0.710317,0.635000
127,train,-1.162539,0.958000
128,train,-0.609665,2.317000
129,train,-0.271198,2.215000
130,train,-0.128277,0.895000
131,train,1.067980,2.260000
132,train,5.881857,5.000010
133,train,0.273751,2.702000
134,train,-0.808169,0.596000
135,train,-0.246101,1.933000
136,train,-0.264488,1.336000
137,train,0.267992,1.619000
138,train,-0.386433,3.575000
139,train,0.234970,2.765000
140,train,0.652796,4.107000
141,train,-1.037318,3.750000
142,train,-0.618435,1.352000
143,train,-0.768384,1.672000
144,train,-0.687915,2.520000
145,train,2.276284,3.084000
146,train,-0.982263,1.721000
147,train,1.315727,5.000010
148,train,-0.872365,1.938000
149,train,-0.911886,1.052000
150,train,-0.832738,0.908000
151,train,-1.199683,1.688000
152,train,-0.361970,1.621000
153,train,0.223980,1.612000
154,train,-0.849698,1.375000
155,train,-0.354045,2.893000
156,train,1.343942,2.787000
157,train,0.212937,1.617000
158,train,0.923844,2.310000
159,train,-1.032563,0.875000
160,train,-1.228479,0.957000
161,train,1.240278,2.406000
162,train,-0.272942,2.141000
163,train,2.242733,4.286000
164,train,-1.309317,1.250000
165,train,-0.887793,0.764000
166,train,0.866253,2.638000
167,train,-0.617009,1.204000
168,train,-0.450259,1.091000
169,train,-0.400065,1.706000
170,train,0.777858,2.574000
171,train,0.937792,3.200000
172,train,-0.420142,2.896000
173,train,1.236421,3.073000
174,train,1.278267,3.255000
175,train,-1.115463,0.584000
176,train,-1.140982,0.485000
177,train,-1.042760,2.167000
178,train,-0.581979,0.979000
179,train,0.446049,1.586000
180,train,-0.828035,0.690000
181,train,1.499649,3.223000
182,train,1.590104,4.677000
183,train,-0.212339,1.630000
184,train,0.404203,2.871000
185,train,-1.255636,0.546000
186,train,-1.593046,0.904000
187,train,-0.331008,1.555000
188,train,-0.843780,1.750000
189,train,2.508497,4.112000
190,train,-0.168644,3.321000
191,train,-0.310666,1.412000
192,train,0.571217,2.471000
193,train,-0.689658,1.530000
194,train,-0.371111,1.550000
195,train,-0.335869,3.908000
196,train,-0.544888,0.900000
197,train,0.111545,1.967000
198,train,-0.422943,0.682000
199,train,3.925767,5.000010
200,train,-0.810758,0.921000
201,train,-0.429653,2.979000
202,train,3.135395,5.000010
203,train,1.018261,3.323000
204,train,0.869687,1.711000
205,train,0.230848,1.521000
206,train,-0.474986,2.320000
207,train,-1.550302,1.271000
208,train,-1.166132,0.875000
209,train,0.386873,2.034000
210,train,-0.585994,2.286000
211,train,-0.829990,1.167000
212,train,4.470663,4.167000
213,train,0.765653,2.276000
214,train,1.408613,2.679000
215,train,-0.912309,0.972000
216,train,-0.793798,1.375000
217,train,-0.780113,1.988000
218,train,-1.021626,0.686000
219,train,-0.191944,3.525000
220,train,-0.908663,1.038000
221,train,-0.592863,1.078000
222,train,0.239672,1.317000
223,train,0.186730,2.713000
224,train,0.095272,0.973000
225,train,-1.028442,0.950000
226,train,-1.196460,0.675000
227,train,0.491805,3.261000
228,train,-0.663980,0.656000
229,train,0.634462,2.256000
230,train,0.165279,2.638000
231,train,0.307619,3.483000
232,train,-0.315422,3.250000
233,train,-1.153240,1.088000
234,train,0.304977,4.000000
235,train,-0.761092,1.384000
236,train,-0.863594,0.610000
237,train,2.064042,4.531000
238,train,2.891241,5.000010
239,train,-0.524546,1.202000
240,train,0.614014,3.292000
241,train,-0.045008,1.963000
242,train,-0.622557,1.500000
243,train,-0.403446,1.520000
244,train,-1.022419,1.699000
245,train,-1.261448,1.375000
246,train,0.426500,2.830000
247,train,0.671447,4.045000
248,train,0.780025,1.935000
249,train,0.730306,2.051000
250,train,0.307038,1.456000
251,train,-0.766693,2.250000
252,train,0.008885,2.159000
253,train,-0.338088,1.585000
254,train,-0.135251,1.247000
255,train,-1.168774,0.654000
256,train,0.714772,2.802000
257,train,-0.743181,1.805000
258,train,-0.007758,1.054000
259,train,-1.552310,1.000000
260,train,-0.616692,1.663000
261,train,0.613327,1.580000
262,train,0.019029,2.438000
263,train,1.747608,3.629000
264,train,0.138121,2.019000
265,train,-0.666569,0.526000
266,train,0.715512,5.000010
267,train,-0.832738,1.120000
268,train,-0.337401,2.250000
269,train,1.904319,4.399000
270,train,-0.616903,0.883000
271,train,5.881857,5.000010
272,train,-0.282399,2.768000
273,train,-0.326412,1.792000
274,train,-0.148936,1.997000
275,train,-1.135910,1.320000
276,train,-1.109703,0.613000
277,train,0.754452,1.719000
278,train,-0.194322,1.238000
279,train,-0.893658,1.353000
280,train,0.869581,1.371000
281,train,-0.502514,1.293000
282,train,0.223980,2.279000
283,train,-0.366038,0.944000
284,train,-0.488512,1.035000
285,train,-0.346436,3.208000
286,train,1.813653,1.250000
287,train,1.794368,3.324000
288,train,0.283420,1.591000
289,train,1.081400,2.369000
290,train,2.620826,4.616000
291,train,-0.064663,1.569000
292,train,-0.411900,1.482000
293,train,-0.336556,1.665000
294,train,-1.043447,1.969000
295,train,-0.700067,1.678000
296,train,-0.830413,1.267000
297,train,-0.142279,5.000010
298,train,-1.322157,0.579000
299,train,0.753395,2.380000
300,train,0.345872,1.420000
301,train,-1.413932,0.869000
302,train,-0.961816,0.560000
303,train,1.469691,5.000010
304,train,-0.494535,1.124000
305,train,-0.722681,0.636000
306,train,1.907859,4.313000
307,train,-0.852023,2.659000
308,train,-1.085927,0.580000
309,train,2.064465,1.941000
310,train,-0.201930,1.428000
311,train,-0.656636,1.787000
312,train,-1.515219,1.875000
313,train,0.373664,2.250000
314,train,0.498092,3.130000
315,train,5.277150,5.000010
316,train,-0.307549,1.536000
317,train,-0.678668,0.623000
318,train,0.114240,1.945000
319,train,0.321462,1.639000
320,train,1.651288,3.988000
321,train,0.312744,2.041000
322,train,0.434425,1.993000
323,train,-0.876169,1.767000
324,train,2.826569,5.000010
325,train,0.871061,2.489000
326,train,-0.650613,1.500000
327,train,0.792547,2.317000
328,train,-0.776732,0.580000
329,train,0.086395,1.260000
330,train,-0.428015,1.633000
331,train,-0.506952,1.134000
332,train,-0.375919,3.000000
333,train,0.661989,3.109000
334,train,-0.104712,2.188000
335,train,-0.631486,0.704000
336,train,1.391071,2.377000
337,train,-1.047304,1.188000
338,train,-1.260127,0.731000
339,train,-1.472897,0.750000
340,train,2.630654,4.507000
341,train,0.995119,2.402000
342,train,-0.990083,0.658000
343,train,-0.986860,0.647000
344,train,0.104624,1.751000
345,train,-0.194322,2.237000
346,train,-0.566551,0.963000
347,train,1.062274,4.051000
348,train,0.770514,3.768000
349,train,3.930786,5.000010
350,train,-0.165738,3.500000
351,train,-0.996846,1.625000
352,train,-0.507322,1.773000
353,train,-1.395123,0.984000
354,train,-0.825077,1.388000
355,train,0.532171,1.750000
356,train,-0.700648,2.609000
357,train,-0.850860,1.047000
358,train,0.423647,1.595000
359,train,0.639640,2.959000
360,train,-0.316954,1.375000
361,train,1.611608,5.000010
362,train,0.842424,2.270000
363,train,-0.219102,2.639000
364,train,-0.128277,1.604000
365,train,-0.422467,1.420000
366,train,0.088720,1.625000
367,train,-0.177784,2.304000
368,train,1.849423,5.000010
369,train,0.444094,2.177000
370,train,-0.022605,1.830000
371,train,-0.253287,2.458000
372,train,-1.184096,1.292000
373,train,-1.266256,0.604000
374,train,-1.118950,0.675000
375,train,0.306826,2.952000
376,train,0.732842,1.926000
377,train,-0.169542,1.506000
378,train,0.408905,1.257000
379,train,-0.858416,0.634000
380,train,0.356862,1.513000
381,train,1.131542,2.456000
382,train,4.407260,5.000010
383,train,0.069858,1.655000
384,train,-0.270775,1.135000
385,train,-0.500717,3.222000
386,train,-0.130549,3.625000
387,train,-0.809067,0.696000
388,train,-0.543039,1.561000
389,train,-0.948079,0.875000
390,train,-0.118133,1.931000
391,train,0.214152,2.180000
392,train,-0.961182,1.018000
393,train,-1.151074,1.291000
394,train,-0.625357,1.563000
395,train,0.504644,1.832000
396,train,-0.781751,1.481000
397,train,5.881857,5.000010
398,train,0.948888,2.221000
399,train,-0.282769,1.676000
400,train,-0.719510,1.845000
401,train,-0.262903,3.700000
402,train,-0.186079,2.394000
403,train,0.057864,1.667000
404,train,-0.760405,2.333000
405,train,-0.703237,2.400000
406,train,-0.817785,0.913000
407,train,2.524295,4.835000
408,train,-0.110683,1.505000
409,train,-0.960812,0.995000
410,train,-0.494060,2.402000
411,train,-0.716235,0.955000
412,train,3.434552,5.000010
413,train,0.222976,2.516000
414,train,-1.341336,1.208000
415,train,0.152440,1.357000
416,train,0.510139,2.254000
417,train,0.093052,5.000010
418,train,-0.213184,0.851000
419,train,1.062538,5.000010
420,train,-0.414489,1.648000
421,train,-0.596509,1.116000
422,train,-0.032221,1.610000
423,train,0.894150,2.137000
424,train,-0.487191,1.165000
425,train,3.023806,3.500000
426,train,0.102880,1.599000
427,train,-0.382153,4.383000
428,train,0.436750,1.711000
429,train,-0.099376,2.711000
430,train,-0.602479,5.000010
431,train,-0.670215,0.680000
432,train,-0.619281,1.917000
433,train,1.023704,2.559000
434,train,-0.830413,1.125000
435,train,-0.073222,1.822000
436,train,0.749750,3.476000
437,train,0.643814,3.320000
438,train,-0.571729,1.109000
439,train,-0.095255,2.119000
440,train,0.193705,2.625000
441,train,0.109484,2.379000
442,train,-0.537755,0.900000
443,train,0.343495,4.272000
444,train,1.116325,3.705000
445,train,-0.425479,1.163000
446,train,-0.598516,1.708000
447,train,1.467789,2.855000
448,train,-0.385376,1.115000
449,train,-0.141486,0.832000
450,train,0.642493,2.482000
451,train,0.406211,3.955000
452,train,-0.362181,2.183000
453,train,1.984048,5.000010
454,train,-0.460351,0.889000
455,train,-0.537121,1.810000
456,train,0.819968,2.809000
457,train,-0.412957,3.453000
458,train,0.563450,1.810000
459,train,0.757569,1.922000
460,train,-1.219179,0.781000
461,train,-1.354809,0.750000
462,train,2.206963,4.333000
463,train,0.069858,1.601000
464,train,-0.711004,1.092000
465,train,0.102880,0.962000
466,train,0.321832,1.914000
467,train,0.886489,3.600000
468,train,0.618294,1.856000
469,train,-0.809596,1.188000
470,train,-1.187742,1.227000
471,train,0.790433,2.063000
472,train,0.249341,1.956000
473,train,-1.052905,0.756000
474,train,-0.194322,1.043000
475,train,0.245959,3.859000
476,train,-0.582084,1.139000
477,train,-1.198204,0.794000
478,train,-0.963295,0.813000
479,train,-0.437737,1.292000
480,train,-1.211994,0.735000
481,train,0.371392,1.759000
482,train,-0.268134,1.424000
483,train,-0.680095,2.341000
484,train,-0.170810,2.867000
485,train,-0.531626,0.925000
486,train,-0.031957,1.701000
487,train,-0.579601,1.618000
488,train,0.660087,2.253000
489,train,-0.808539,1.706000
490,train,-0.428173,3.194000
491,train,-0.338088,0.958000
492,train,-0.871678,0.734000
493,train,-0.143494,0.936000
494,train,-1.096442,0.517000
495,train,-0.537015,3.587000
496,train,-1.153082,0.647000
497,train,1.339345,3.442000
498,train,0.942284,3.140000
499,train,-0.648605,1.857000
500,train,0.903449,2.793000
501,train,-0.510386,1.194000
502,train,0.829954,2.804000
503,train,0.543161,1.871000
504,train,-0.905387,0.838000
505,train,-0.148090,3.093000
506,train,1.350176,2.292000
507,train,-0.570778,2.450000
508,train,0.872751,2.276000
509,train,0.606194,5.000010
510,train,-0.204942,3.208000
511,train,-0.062232,1.473000
512,train,0.656230,1.623000
513,train,1.557399,2.659000
514,train,1.560886,5.000010
515,train,0.259961,1.891000
516,train,1.919113,3.164000
517,train,-0.454116,1.819000
518,train,-0.357004,2.615000
519,train,-1.334679,0.690000
520,train,-0.908452,1.813000
521,train,0.565194,2.930000
522,train,0.264082,1.111000
523,train,0.527786,2.183000
524,train,-0.891227,1.472000
525,train,-0.967416,2.438000
526,train,0.371445,2.230000
527,train,-0.436469,1.375000
528,train,-1.122807,0.606000
529,train,-1.184995,2.750000
530,train,-1.265728,3.500000
531,train,-0.818736,1.712000
532,train,-0.804259,0.835000
533,train,-0.188563,2.250000
534,train,-0.764580,1.656000
535,train,-0.156597,1.520000
536,train,-0.508008,1.920000
537,train,1.412523,2.542000
538,train,-0.682314,1.500000
539,train,0.142718,2.125000
540,train,-1.175537,0.804000
541,train,0.936366,2.065000
542,train,1.226752,3.311000
543,train,0.838514,2.014000
544,train,0.693902,1.884000
545,train,0.394323,1.954000
546,train,2.292610,4.425000
547,train,0.312638,1.527000
548,train,3.728055,5.000010
549,train,0.719686,2.398000
550,train,-0.504204,1.594000
551,train,-0.282399,0.918000
552,train,0.126445,2.409000
553,train,-0.201138,1.364000
554,train,-1.086614,1.036000
555,train,0.049093,1.325000
556,train,-0.289426,2.929000
557,train,-0.528033,0.628000
558,train,-0.648710,1.121000
559,train,-0.166636,0.891000
560,train,-0.543409,1.207000
561,train,-0.253392,4.714000
562,train,0.457884,3.147000
563,train,0.295942,2.264000
564,train,0.095641,4.097000
565,train,-1.015761,1.490000
566,train,1.771754,1.717000
567,train,1.322015,2.355000
568,train,0.996070,3.228000
569,train,0.460949,2.445000
570,train,-0.032855,1.622000
571,train,1.410726,3.409000
572,train,-1.263033,0.574000
573,train,-0.372432,1.989000
574,train,-0.601000,1.097000
575,train,-1.196301,1.375000
576,train,0.149111,0.857000
577,train,-0.696527,0.983000
578,train,0.069858,1.782000
579,train,-0.656636,1.375000
580,train,-0.270670,2.750000
581,train,1.788714,3.815000
582,train,2.267619,5.000010
583,train,3.649541,5.000010
584,train,-0.159080,1.792000
585,train,-0.346912,2.045000
586,train,1.732233,3.941000
587,train,-0.410473,1.844000
588,train,-0.704188,1.740000
589,train,-0.536751,0.807000
590,train,0.223980,1.896000
591,train,-0.711691,0.600000
592,train,-0.854770,1.266000
593,train,-0.148936,2.625000
594,train,-0.544888,1.392000
595,train,-1.340649,0.513000
596,train,1.167946,2.292000
597,train,0.482189,1.011000
598,train,-0.707992,0.977000
599,train,-1.120905,1.583000
600,train,1.937553,3.491000
601,train,-0.158922,0.855000
602,train,0.642598,2.141000
603,train,0.411864,2.271000
604,train,-0.517942,1.557000
605,train,-1.218017,0.668000
606,train,0.786259,2.073000
607,train,0.138438,2.228000
608,train,-0.585994,3.545000
609,train,-0.142173,3.405000
610,train,-0.818102,0.529000
611,train,-0.590591,1.406000
612,train,-0.842090,1.508000
613,train,-0.939149,0.561000
614,train,1.091968,2.596000
615,train,-0.011721,3.189000
616,train,0.286009,1.484000
617,train,0.457250,2.899000
618,train,0.611848,1.618000
619,train,-0.762308,2.550000
620,train,-0.536540,0.875000
621,train,1.153838,2.450000
622,train,-0.500083,3.050000
623,train,-0.120933,2.150000
624,train,-0.112955,2.490000
625,train,5.881857,5.000010
626,train,-0.634603,3.200000
627,train,0.394798,1.740000
628,train,0.623419,2.925000
629,train,2.445359,5.000010
630,train,0.710651,2.899000
631,train,0.709911,4.384000
632,train,-0.373594,1.820000
633,train,-1.583800,1.705000
634,train,-0.666939,0.692000
635,train,-1.040911,0.956000
636,train,1.409564,2.728000
637,train,0.218485,0.813000
638,train,0.081323,2.724000
639,train,-0.553447,1.526000
640,train,-0.814140,0.559000
641,train,0.715882,2.135000
642,train,0.049516,3.313000
643,train,0.261969,2.018000
644,train,-0.755703,0.571000
645,train,0.211405,3.318000
646,train,0.448110,3.659000
647,train,-0.645646,1.275000
648,train,-0.283086,1.118000
649,train,0.805439,3.537000
650,train,0.195660,2.293000
651,train,-1.521084,0.875000
652,train,-0.785450,2.375000
653,train,-0.642740,1.133000
654,train,-0.774037,1.125000
655,train,-0.535219,1.385000
656,train,-0.250222,3.074000
657,train,-0.661127,1.009000
658,train,-0.998114,0.978000
659,train,-0.378032,1.767000
660,train,-0.703026,2.180000
661,train,-0.227344,2.906000
662,train,0.143141,1.577000
663,train,2.268411,3.480000
664,train,-0.881664,0.672000
665,train,-0.260367,2.604000
666,train,-0.345697,1.236000
667,train,-1.072190,0.675000
668,train,0.096275,1.307000
669,train,-0.796968,0.660000
670,train,0.381589,1.666000
671,train,0.375302,2.256000
672,train,-0.405454,2.571000
673,train,4.476951,5.000010
674,train,-0.593603,1.139000
675,train,-0.389181,0.910000
676,train,0.512358,2.174000
677,train,-0.713593,0.960000
678,train,-0.351192,1.292000
679,train,1.702856,3.502000
680,train,3.775660,4.421000
681,train,-0.524546,2.229000
682,train,-1.028812,0.813000
683,train,-0.337401,1.606000
684,train,1.420924,5.000010
685,train,1.697625,3.412000
686,train,1.225378,2.879000
687,train,1.448081,3.447000
688,train,0.478702,1.800000
689,train,0.682172,1.678000
690,train,-1.314390,0.550000
691,train,-1.184995,0.508000
692,train,0.028593,1.426000
693,train,0.334037,2.358000
694,train,-0.360861,1.127000
695,train,0.058868,2.102000
696,train,-1.001548,2.107000
697,train,-1.322579,0.654000
698,train,-0.693938,1.625000
699,train,-0.669105,1.503000
700,train,0.638477,5.000010
701,train,-0.608608,1.014000
702,train,-0.356898,2.218000
703,train,0.371762,2.603000
704,train,-0.619175,1.788000
705,train,-0.515723,1.704000
706,train,1.585983,3.194000
707,train,-0.284724,1.906000
708,train,-0.058639,1.841000
709,train,-0.527135,1.911000
710,train,0.508131,1.496000
711,train,0.724547,5.000010
712,train,0.114557,1.834000
713,train,2.498036,4.441000
714,train,-0.341417,2.427000
715,train,-0.947656,0.762000
716,train,-0.058956,1.329000
717,train,0.058075,4.098000
718,train,-0.618013,1.125000
719,train,0.937053,3.766000
720,train,-0.694361,0.505000
721,train,1.500759,5.000010
722,train,0.013270,2.095000
723,train,-0.508008,0.778000
724,train,0.879831,2.997000
725,train,0.359979,3.750000
726,train,-0.617801,1.565000
727,train,-0.125952,2.400000
728,train,-0.779268,0.772000
729,train,-0.500347,0.985000
730,train,-0.380463,5.000010
731,train,-0.152634,1.104000
732,train,-0.319067,0.864000
733,train,-0.848853,2.304000
734,train,-0.053778,1.639000
735,train,2.086973,5.000010
736,train,-0.890012,0.495000
737,train,0.077624,1.074000
738,train,-0.664878,3.625000
739,train,-0.615635,1.450000
740,train,-0.438688,2.185000
741,train,-0.307549,1.301000
742,train,-0.164628,1.460000
743,train,-1.012750,1.525000
744,train,1.567015,4.572000
745,train,0.606881,1.652000
746,train,-0.355947,3.947000
747,train,0.047825,1.444000
748,train,-0.481802,1.366000
749,train,1.167100,2.164000
750,train,-0.224650,1.390000
751,train,-0.765848,1.038000
752,train,1.134500,4.885000
753,train,0.157935,2.271000
754,train,0.176005,2.380000
755,train,1.169266,2.156000
756,train,1.136825,2.923000
757,train,-0.605491,1.459000
758,train,0.040428,1.873000
759,train,0.055803,1.854000
760,train,-0.687386,2.800000
761,train,-0.578227,1.411000
762,train,-0.714438,1.909000
763,train,0.135902,2.625000
764,train,0.355066,4.420000
765,train,1.271768,2.748000
766,train,-0.955159,0.855000
767,train,0.998659,2.318000
768,train,1.297552,3.020000
769,train,1.000456,2.358000
770,train,-0.433721,0.722000
771,train,-0.220264,1.824000
772,train,0.556529,5.000010
773,train,-1.154508,0.787000
774,train,-0.867240,1.813000
775,train,0.436380,1.980000
776,train,-0.270511,1.996000
777,train,-0.620126,0.633000
778,train,0.152440,0.940000
779,train,-0.336239,1.868000
780,train,-0.241504,1.170000
781,train,-0.385112,1.178000
782,train,0.141767,1.210000
783,train,-0.077766,2.309000
784,train,-0.159714,4.273000
785,train,-0.438424,1.281000
786,train,-0.315422,3.847000
787,train,0.392051,2.904000
788,train,-1.333041,0.913000
789,train,-0.920815,0.619000
790,train,0.436010,2.322000
791,train,-0.151948,1.296000
792,train,-0.586945,1.275000
793,train,-0.157654,1.505000
794,train,-0.686647,1.875000
795,train,2.989991,4.379000
796,train,0.358077,1.265000
797,train,2.162475,4.534000
798,train,0.591823,2.294000
799,train,0.338000,3.649000
800,train,-0.147562,1.919000
801,train,-1.682656,0.875000
802,train,-0.649292,0.300000
803,train,0.551985,3.357000
804,train,-0.035814,2.421000
805,train,0.049516,1.737000
806,train,-1.226524,0.541000
807,train,-0.119718,2.078000
808,train,-1.184995,1.125000
809,train,0.201947,1.667000
810,train,0.457884,2.718000
811,train,0.406105,1.411000
812,train,-0.920815,3.750000
813,train,-0.906655,1.616000
814,train,0.197826,1.594000
815,train,-0.714438,0.863000
816,train,0.249975,2.563000
817,train,-0.490784,2.132000
818,train,0.190112,2.541000
819,train,0.486046,1.326000
820,train,-1.176964,1.693000
821,train,0.043440,3.477000
822,train,-0.050238,1.597000
823,train,0.502425,0.909000
824,train,0.234970,2.905000
825,train,0.339320,1.899000
826,train,2.209658,4.956000
827,train,1.600830,3.333000
828,train,-0.077449,1.838000
829,train,-0.301632,1.890000
830,train,-1.204967,1.575000
831,train,-0.898043,0.666000
832,train,0.362357,1.324000
833,train,-0.388230,1.560000
834,train,-0.306862,3.481000
835,train,0.228365,2.264000
836,train,-0.967998,0.742000
837,train,-0.308395,1.583000
838,train,3.258291,5.000010
839,train,-0.610616,1.655000
840,train,-0.159873,3.295000
841,train,-0.524546,1.396000
842,train,0.021037,1.529000
843,train,0.677893,3.673000
844,train,-0.689658,0.700000
845,train,-0.713223,0.974000
846,train,-0.697901,0.659000
847,train,-1.397289,0.493000
848,train,-0.126956,1.541000
849,train,-0.537121,2.728000
850,train,0.651475,2.471000
851,train,-1.104261,2.688000
852,train,-0.108464,2.476000
853,train,1.467208,4.168000
854,train,-0.149306,1.216000
855,train,-0.359434,1.717000
856,train,-0.167693,1.738000
857,train,0.703941,2.356000
858,train,0.252247,2.601000
859,train,-0.806109,2.000000
860,train,0.682067,2.966000
861,train,0.082432,3.746000
862,train,0.130407,1.778000
863,train,0.821395,2.695000
864,train,-1.078583,0.620000
865,train,-0.183015,1.976000
866,train,-1.006938,0.527000
867,train,0.230267,1.914000
868,train,0.276393,3.177000
869,train,0.347774,3.294000
870,train,0.953907,3.307000
871,train,0.686347,1.874000
872,train,-0.104237,2.865000
873,train,-0.050238,5.000010
874,train,0.307143,1.339000
875,train,0.418944,1.998000
876,train,-1.589982,0.450000
877,train,1.502925,3.546000
878,train,0.361564,2.638000
879,train,0.038156,2.784000
880,train,-0.994891,1.604000
881,train,1.010125,2.413000
882,train,0.987775,2.083000
883,train,0.841737,2.636000
884,train,0.102880,1.450000
885,train,-0.661338,1.325000
886,train,-0.638619,1.838000
887,train,-0.553923,0.811000
888,train,-0.246471,1.765000
889,train,-0.452478,2.555000
890,train,-0.179634,1.661000
891,train,0.272536,1.020000
892,train,-0.337401,0.861000
893,train,-0.730606,1.006000
894,train,-0.436891,5.000000
895,train,0.761796,2.099000
896,train,-1.457416,0.525000
897,train,-0.435729,2.629000
898,train,0.855421,1.588000
899,train,-0.676185,2.095000
900,train,-1.142726,3.500000
901,train,0.571006,2.171000
902,train,-0.289743,1.414000
903,train,-0.501457,0.934000
904,train,-1.068914,1.982000
905,train,-0.546103,1.872000
906,train,-0.893499,1.853000
907,train,5.881857,5.000010
908,train,0.787474,2.813000
909,train,-0.612624,1.036000
910,train,1.133549,2.879000
911,train,-0.511337,2.083000
912,train,1.132651,1.750000
913,train,-1.025694,1.327000
914,train,-0.429442,1.720000
915,train,3.833251,5.000010
916,train,-1.040224,0.640000
917,train,-0.455331,2.279000
918,train,-0.820321,0.631000
919,train,-1.082651,0.841000
920,train,1.028829,3.392000
921,train,-0.458501,1.563000
922,train,0.551985,3.836000
923,train,0.038896,1.371000
924,train,-0.814826,0.568000
925,train,-0.684956,0.700000
926,train,-0.971855,0.963000
927,train,-0.275372,0.926000
928,train,1.457539,3.591000
929,train,-0.056737,1.587000
930,train,0.445256,5.000010
931,train,-0.261740,1.146000
932,train,2.242310,4.102000
933,train,-0.400223,2.819000
934,train,-0.429494,1.017000
935,train,-0.710106,1.693000
936,train,-0.299835,2.078000
937,train,0.008515,3.272000
938,train,0.092313,2.779000
939,train,-0.552866,1.114000
940,train,-1.116519,0.806000
941,train,0.886912,2.075000
942,train,0.617343,2.753000
943,train,0.823984,4.210000
944,train,0.223980,1.288000
945,train,-0.186555,3.139000
946,train,-0.275583,0.676000
947,train,-1.027227,0.644000
948,train,-0.845313,1.539000
949,train,-0.616428,1.307000
950,train,-0.553183,2.385000
951,train,0.927595,3.796000
952,train,-0.550383,1.465000
953,train,-0.310666,1.503000
954,train,-0.778158,0.803000
955,train,-0.713012,2.933000
956,train,0.656177,2.880000
957,train,0.521182,1.441000
958,train,-0.250539,1.270000
959,train,-0.440273,1.521000
960,train,-0.416021,1.568000
961,train,-0.766693,1.049000
962,train,4.214409,5.000010
963,train,-0.025564,1.344000
964,train,4.279080,5.000010
965,train,1.442903,2.728000
966,train,-0.420988,1.516000
967,train,0.131623,3.626000
968,train,0.201947,1.692000
969,train,-0.317905,1.404000
970,train,-1.247394,0.437000
971,train,0.885379,1.360000
972,train,1.025976,2.644000
973,train,-0.069207,1.522000
974,train,-1.077896,1.375000
975,train,-0.930801,2.147000
976,train,-0.101278,1.709000
977,train,0.098759,2.362000
978,train,-0.037452,2.978000
979,train,-0.392456,0.885000
980,train,-0.784816,1.276000
981,train,-0.616533,0.802000
982,train,-0.319437,3.060000
983,train,-0.335235,4.364000
984,train,0.666850,2.389000
985,train,1.618371,2.317000
986,train,-0.755703,1.229000
987,train,0.267992,2.182000
988,train,3.283600,3.970000
989,train,-0.742758,2.603000
990,train,0.966482,4.357000
991,train,0.043440,1.640000
992,train,0.708009,4.405000
993,train,-0.273576,0.854000
994,train,-0.350188,1.019000
995,train,0.374668,1.594000
996,train,0.842160,1.903000
997,train,-0.388071,1.000000
998,train,-1.054754,1.396000
999,train,3.599083,5.000010
1000,train,0.111122,1.545000
1001,train,-0.160613,1.705000
1002,train,-0.826450,1.106000
1003,train,-0.164311,1.912000
1004,train,1.919113,2.872000
1005,train,0.093317,1.501000
1006,train,0.395961,2.383000
1007,train,-1.572968,1.542000
1008,train,0.094902,2.805000
1009,train,0.466127,1.619000
1010,train,1.011340,2.656000
1011,train,0.124226,1.227000
1012,train,0.750331,2.312000
1013,train,0.027853,3.191000
1014,train,0.276234,2.313000
1015,train,3.440681,5.000010
1016,train,-0.656636,1.212000
1017,train,0.098917,2.225000
1018,train,1.180626,4.500000
1019,train,-1.189961,1.021000
1020,train,0.103672,2.012000
1021,train,-0.961974,1.042000
1022,train,4.093310,5.000010
1023,train,-0.874848,1.320000
1024,train,0.338739,2.211000
1025,train,0.225248,1.516000
1026,train,-1.077368,1.469000
1027,train,0.226727,1.512000
1028,train,0.111704,1.651000
1029,train,0.519808,2.136000
1030,train,-0.524546,2.135000
1031,train,1.724783,5.000010
1032,train,1.611080,4.380000
1033,train,0.192014,1.838000
1034,train,-0.154906,3.500000
1035,train,-0.072007,1.593000
1036,train,-0.468540,1.291000
1037,train,-0.874214,0.766000
1038,train,-0.472503,2.250000
1039,train,-0.678193,2.308000
1040,train,2.672394,4.318000
1041,train,0.871695,1.910000
1042,train,-1.376525,0.847000
1043,train,-1.274023,1.525000
1044,train,-1.219338,0.676000
1045,train,-0.262322,1.982000
1046,train,-0.247686,3.063000
1047,train,-0.144762,1.221000
1048,train,1.229235,2.761000
1049,train,-0.714438,1.030000
1050,train,0.783565,4.091000
1051,train,-0.803414,1.352000
1052,train,-0.692036,1.216000
1053,train,-0.711691,1.828000
1054,train,-0.790575,2.280000
1055,train,-0.711479,1.100000
1056,train,-0.563063,1.112000
1057,train,-0.904806,0.847000
1058,train,2.067001,4.473000
1059,train,-1.047833,0.883000
1060,train,-1.421963,0.871000
1061,train,-0.466268,1.875000
1062,train,-0.513979,1.469000
1063,train,-0.722681,1.031000
1064,train,2.265188,3.437000
1065,train,-0.656636,0.982000
1066,train,-0.865496,2.625000
1067,train,-0.571729,0.774000
1068,train,-0.335235,1.351000
1069,train,-0.456229,1.347000
1070,train,-0.598622,2.313000
1071,train,-0.410738,1.586000
1072,train,-0.722681,1.016000
1073,train,-0.068150,1.220000
1074,train,2.064518,3.800000
1075,train,-0.408941,1.894000
1076,train,1.237213,4.400000
1077,train,-0.671958,0.700000
1078,train,-1.079746,0.700000
1079,train,0.385922,3.335000
1080,train,-0.893499,1.018000
1081,train,5.881857,5.000010
1082,train,0.375302,3.605000
1083,train,0.497194,1.695000
1084,train,-0.760405,2.056000
1085,train,-0.214981,1.663000
1086,train,-1.077315,0.325000
1087,train,1.504827,3.627000
1088,train,-0.962661,1.745000
1089,train,-0.165421,1.976000
1090,train,0.129298,1.830000
1091,train,-0.976716,1.583000
1092,train,-0.171285,1.002000
1093,train,-1.431949,0.875000
1094,train,-0.502514,4.611000
1095,train,0.841525,1.902000
1096,train,0.856531,2.323000
1097,train,0.205223,2.216000
1098,train,0.135902,2.269000
1099,train,0.183085,2.242000
1100,train,-0.873897,1.198000
1101,train,-0.597565,0.782000
1102,train,-1.058664,1.651000
1103,train,2.694163,2.139000
1104,train,-1.165551,0.697000
1105,train,-0.915320,1.058000
1106,train,-1.581898,0.750000
1107,train,-0.306968,0.917000
1108,train,1.130591,2.695000
1109,train,-0.819212,0.682000
1110,train,-0.223065,1.658000
1111,train,0.196188,1.546000
1112,train,1.167259,4.727000
1113,train,1.614673,3.459000
1114,train,1.154631,2.307000
1115,train,-1.048731,3.000000
1116,train,0.743039,2.494000
1117,train,-0.062232,4.357000
1118,train,0.768559,2.258000
1119,train,-1.184995,1.750000
1120,train,-1.128407,1.784000
1121,train,0.021830,2.760000
1122,train,-0.715865,1.159000
1123,train,-0.147139,2.143000
1124,train,-1.134061,1.183000
1125,train,-0.449044,5.000010
1126,train,0.250979,1.521000
1127,train,-0.729866,1.404000
1128,train,0.334037,2.226000
1129,train,0.726132,4.445000
1130,train,0.981012,5.000000
1131,train,-0.049023,1.633000
1132,train,-0.319807,1.938000
1133,train,-0.554557,0.905000
1134,train,-1.007202,1.152000
1135,train,-0.701969,1.470000
1136,train,1.044151,2.739000
1137,train,-0.309874,1.909000
1138,train,-0.945595,0.748000
1139,train,-1.568055,5.000010
1140,train,-1.170148,1.185000
1141,train,-1.004877,5.000010
1142,train,-0.788725,0.550000
1143,train,-0.774988,0.584000
1144,train,-0.975183,0.958000
1145,train,-1.043447,0.992000
1146,train,0.745259,1.674000
1147,train,-0.208059,0.705000
1148,train,-0.687598,0.675000
1149,train,-0.702127,0.757000
1150,train,-0.019752,1.830000
1151,train,3.429532,5.000010
1152,train,-0.582983,0.973000
1153,train,1.367612,2.300000
1154,train,-1.111447,0.829000
1155,train,-0.975183,0.522000
1156,train,-0.563380,1.148000
1157,train,0.330550,0.880000
1158,train,0.259750,2.242000
1159,train,-0.732138,1.500000
1160,train,1.986796,3.417000
1161,train,-0.664508,1.817000
1162,train,-0.442386,1.406000
1163,train,-0.890329,0.727000
1164,train,-0.563803,2.109000
1165,train,-0.652990,0.977000
1166,train,-0.815143,1.097000
1167,train,-0.804048,1.656000
1168,train,-0.146770,2.306000
1169,train,-0.366514,1.638000
1170,train,-1.153927,0.958000
1171,train,-1.308948,0.481000
1172,train,-1.218757,0.444000
1173,train,0.809243,2.379000
1174,train,1.650707,2.848000
1175,train,-0.990453,1.648000
1176,train,-0.576906,2.000000
1177,train,-1.166132,0.778000
1178,train,-0.188563,1.860000
1179,train,-0.267183,1.697000
1180,train,-0.428332,4.188000
1181,train,-0.963559,0.733000
1182,train,-0.887793,0.870000
1183,train,0.050044,1.682000
1184,train,0.168396,1.543000
1185,train,2.035194,2.250000
1186,train,0.686664,3.330000
1187,train,1.082933,2.259000
1188,train,-0.225020,1.381000
1189,train,-0.447511,1.127000
1190,train,-0.382999,2.316000
1191,train,0.042647,4.191000
1192,train,-0.530041,2.211000
1193,train,-0.578914,1.554000
1194,train,0.107318,1.517000
1195,train,0.804963,2.489000
1196,train,-0.590591,1.532000
1197,train,-0.396366,1.265000
1198,train,1.255495,2.400000
1199,train,-0.512869,1.861000
1200,train,2.143560,5.000010
1201,train,-0.743868,1.816000
1202,train,-0.086273,1.781000
1203,train,-0.835591,0.692000
1204,train,-1.056128,0.668000
1205,train,2.827309,5.000010
1206,train,-0.366778,1.813000
1207,train,1.994140,3.964000
1208,train,0.554204,1.875000
1209,train,0.996335,2.979000
1210,train,0.440977,3.454000
1211,train,0.375619,2.451000
1212,train,-0.168908,1.055000
1213,train,-1.437075,1.011000
1214,train,-0.557569,1.417000
1215,train,0.845647,4.309000
1216,train,-0.477945,2.863000
1217,train,-0.950826,1.130000
1218,train,1.967986,4.667000
1219,train,-0.279229,1.686000
1220,train,-0.086273,3.605000
1221,train,0.389092,2.564000
1222,train,-0.194322,1.139000
1223,train,1.393079,3.504000
1224,train,0.086395,2.091000
1225,train,-0.629108,1.315000
1226,train,1.140629,2.167000
1227,train,-0.940470,1.013000
1228,train,-0.037452,2.028000
1229,train,-0.267711,1.176000
1230,train,-0.066353,2.926000
1231,train,4.744934,5.000010
1232,train,-0.372643,1.303000
1233,train,-0.809384,0.924000
1234,train,-1.368441,1.125000
1235,train,-1.092532,1.542000
1236,train,-0.874584,1.040000
1237,train,-0.668101,1.216000
1238,train,-0.147139,2.063000
1239,train,0.312004,1.083000
1240,train,1.399314,3.494000
1241,train,-1.256534,0.833000
1242,train,0.872487,2.458000
1243,train,-0.637773,0.915000
1244,train,3.361110,5.000010
1245,train,-0.320652,5.000010
1246,train,-0.184177,1.905000
1247,train,-1.148696,1.083000
1248,train,-0.267447,0.896000
1249,train,3.596652,5.000010
1250,train,-0.054307,0.946000
1251,train,1.958846,0.675000
1252,train,1.152834,1.775000
1253,train,0.643761,2.613000
1254,train,0.707375,5.000010
1255,train,0.899169,1.684000
1256,train,0.426500,2.453000
1257,train,0.524827,2.400000
1258,train,-0.313203,1.565000
1259,train,0.221761,5.000010
1260,train,0.721641,2.356000
1261,train,0.330550,1.856000
1262,train,-1.155618,3.167000
1263,train,-0.481802,1.188000
1264,train,0.405365,2.485000
1265,train,0.491805,2.365000
1266,train,-0.974074,0.946000
1267,train,-0.333016,1.768000
1268,train,-0.310878,1.486000
1269,train,-0.438424,1.953000
1270,train,0.519385,2.159000
1271,train,-0.059960,1.266000
1272,train,-0.775517,1.739000
1273,train,0.027853,1.830000
1274,train,-0.754118,0.743000
1275,train,0.267992,2.247000
1276,train,-0.288687,1.016000
1277,train,0.826573,3.910000
1278,train,-0.168908,2.650000
1279,train,2.815949,5.000010
1280,train,0.586011,1.865000
1281,train,-0.630799,0.780000
1282,train,-0.321498,0.808000
1283,train,0.211722,1.896000
1284,train,0.010417,1.992000
1285,train,-0.206897,1.896000
1286,train,-0.524546,1.600000
1287,train,2.571636,3.753000
1288,train,-0.462992,1.667000
1289,train,0.128558,2.156000
1290,train,0.034986,2.286000
1291,train,-0.549115,1.713000
1292,train,1.261888,4.310000
1293,train,0.963682,2.751000
1294,train,1.140101,2.768000
1295,train,-1.048202,0.463000
1296,train,0.081006,1.440000
1297,train,-0.851125,0.943000
1298,train,-0.888427,1.576000
1299,train,0.125335,1.945000
1300,train,-0.071690,3.511000
1301,train,-0.369896,4.534000
1302,train,-0.563063,2.246000
1303,train,-0.557569,1.556000
1304,train,3.244660,2.420000
1305,train,-0.495169,0.700000
1306,train,-1.052905,0.713000
1307,train,-1.184995,0.668000
1308,train,0.484778,1.531000
1309,train,-0.764632,1.375000
1310,train,0.751282,2.304000
1311,train,0.452125,2.422000
1312,train,0.944238,3.019000
1313,train,1.014352,4.158000
1314,train,0.578033,1.565000
1315,train,-0.840610,0.786000
1316,train,2.413234,4.414000
1317,train,-0.607551,1.843000
1318,train,1.626085,2.765000
1319,train,-0.215456,2.328000
1320,train,-1.217489,0.604000
1321,train,0.617184,2.241000
1322,train,1.602838,4.390000
1323,train,-0.595188,1.231000
1324,train,1.428057,2.557000
1325,train,-0.967998,0.576000
1326,train,0.258534,1.998000
1327,train,-1.127192,0.513000
1328,train,1.284396,3.482000
1329,train,1.301039,3.628000
1330,train,0.179915,2.403000
1331,train,-0.722681,0.736000
1332,train,0.015278,1.726000
1333,train,0.073926,2.290000
1334,train,-0.113430,1.663000
1335,train,-0.940312,0.833000
1336,train,2.264131,5.000010
1337,train,1.551323,3.329000
1338,train,-1.100087,0.543000
1339,train,0.112760,2.417000
1340,train,0.677787,3.875000
1341,train,-0.141486,1.364000
1342,train,0.162320,0.983000
1343,train,-0.513556,1.760000
1344,train,-1.336317,0.630000
1345,train,-0.330321,2.369000
1346,train,-0.338987,0.972000
1347,train,-1.353435,2.200000
1348,train,-0.533370,1.058000
1349,train,0.615652,2.709000
1350,train,-0.335394,0.994000
1351,train,-1.020939,1.663000
1352,train,-0.573366,1.438000
1353,train,-0.445292,1.406000
1354,train,1.449085,3.309000
1355,train,-0.175459,1.569000
1356,train,1.677283,5.000010
1357,train,-1.779451,1.625000
1358,train,0.278982,1.248000
1359,train,-0.596614,2.161000
1360,train,-0.630641,1.714000
1361,train,0.821342,3.256000
1362,train,-1.104948,1.098000
1363,train,0.055169,2.762000
1364,train,-0.435993,1.299000
1365,train,-0.282399,2.923000
1366,train,1.443802,3.415000
1367,train,-0.856567,0.668000
1368,train,-0.214981,2.388000
1369,train,-0.687439,0.774000
1370,train,-0.629267,0.824000
1371,train,0.488159,3.599000
1372,train,1.280697,4.657000
1373,train,0.504855,2.140000
1374,train,-0.326412,1.071000
1375,train,0.193916,1.578000
1376,train,-0.399801,1.193000
1377,train,0.245959,2.329000
1378,train,0.651792,1.795000
1379,train,-1.317084,0.701000
1380,train,-1.184995,0.550000
1381,train,-0.964827,0.659000
1382,train,-0.675498,0.996000
1383,train,3.445700,5.000010
1384,train,0.685131,1.641000
1385,train,-1.284537,0.770000
1386,train,-0.144762,1.403000
1387,train,-0.574053,1.729000
1388,train,-0.407990,5.000010
1389,train,-0.531890,3.143000
1390,train,0.276234,5.000010
1391,train,4.490635,5.000010
1392,train,-0.965462,1.430000
1393,train,0.421216,2.806000
1394,train,-0.261688,3.750000
1395,train,-1.024585,1.375000
1396,train,1.820891,3.371000
1397,train,-0.164258,1.280000
1398,train,-0.476307,1.854000
1399,train,-1.073775,0.630000
1400,train,-0.186079,1.095000
1401,train,-1.428462,4.000000
1402,train,1.083831,1.519000
1403,train,-1.189116,0.563000
1404,train,-0.645646,1.025000
1405,train,-0.088809,2.250000
1406,train,-0.564543,1.455000
1407,train,0.081957,3.631000
1408,train,-1.015180,2.490000
1409,train,1.019794,4.153000
1410,train,0.709858,2.674000
1411,train,-0.889748,0.750000
1412,train,-0.863858,2.500000
1413,train,-0.971855,1.618000
1414,train,-1.303505,0.975000
1415,train,-0.450259,1.115000
1416,train,-0.977402,0.873000
1417,train,-0.681257,2.729000
1418,train,-0.276852,1.244000
1419,train,1.124990,2.287000
1420,train,0.463115,2.295000
1421,train,-0.868930,1.625000
1422,train,-0.508008,0.800000
1423,train,-0.901530,1.188000
1424,train,2.083855,2.442000
1425,train,0.059185,1.875000
1426,train,0.287805,2.460000
1427,train,-1.151180,1.026000
1428,train,-1.158101,1.167000
1429,train,-1.529907,1.375000
1430,train,1.780208,1.719000
1431,train,-0.640098,1.031000
1432,train,-0.221268,2.391000
1433,train,0.358394,1.940000
1434,train,-0.150891,2.199000
1435,train,1.607382,3.800000
1436,train,-0.546579,1.557000
1437,train,-1.020569,0.899000
1438,train,0.472573,0.893000
1439,train,-1.321205,0.550000
1440,train,-1.164811,0.498000
1441,train,-0.824601,1.464000
1442,train,1.108505,2.780000
1443,train,2.067793,2.887000
1444,train,-0.574053,1.292000
1445,train,0.529001,2.216000
1446,train,0.166970,0.856000
1447,train,-0.555349,1.604000
1448,train,-0.838233,0.576000
1449,train,-0.150310,3.485000
1450,train,0.970128,1.994000
1451,train,-1.087988,0.971000
1452,train,-0.798659,0.581000
1453,train,0.124437,3.010000
1454,train,-0.722681,0.742000
1455,train,-0.248901,2.494000
1456,train,1.271028,2.670000
1457,train,-0.465000,1.199000
1458,train,-1.303875,0.777000
1459,train,-0.447511,1.434000
1460,train,-1.073775,0.612000
1461,train,0.081587,2.068000
1462,train,1.554493,3.282000
1463,train,0.247914,3.606000
1464,train,-1.057449,1.078000
1465,train,-1.217119,0.515000
1466,train,-1.374306,0.675000
1467,train,-0.575903,1.841000
1468,train,-1.301339,2.000000
1469,train,-0.579126,3.540000
1470,train,-0.449361,3.938000
1471,train,0.074560,1.321000
1472,train,1.184272,3.065000
1473,train,-0.891438,1.349000
1474,train,1.346953,3.193000
1475,train,0.245959,3.039000
1476,train,-0.843358,3.500000
1477,train,0.171461,2.312000
1478,train,0.057864,1.313000
1479,train,-0.176305,1.208000
1480,train,-0.699116,1.352000
1481,train,-0.676449,0.689000
1482,train,-0.032855,4.250000
1483,train,-1.024585,1.605000
1484,train,-0.418505,1.510000
1485,train,2.579350,3.495000
1486,train,-0.910829,0.602000
1487,train,0.536081,3.964000
1488,train,0.069858,2.785000
1489,train,-0.257778,2.393000
1490,train,0.008515,2.249000
1491,train,-1.439452,0.913000
1492,train,-0.756126,1.114000
1493,train,-1.038217,1.508000
1494,train,-1.194347,0.647000
1495,train,1.435506,3.588000
1496,train,0.237347,2.328000
1497,train,-1.124867,0.544000
1498,train,-0.568558,0.982000
1499,train,0.066106,2.258000
1500,train,-0.039354,1.161000
1501,train,-0.898783,1.964000
1502,train,-0.920815,1.232000
1503,train,0.156244,1.564000
1504,train,-0.076075,1.668000
1505,train,0.263078,2.159000
1506,train,-0.485448,1.173000
1507,train,-0.662131,2.432000
1508,train,-0.099957,0.729000
1509,train,-0.161299,1.917000
1510,train,-0.689658,0.600000
1511,train,0.315703,1.954000
1512,train,-0.432083,1.116000
1513,train,-0.267447,2.685000
1514,train,-0.081095,2.600000
1515,train,-0.746245,0.894000
1516,train,2.310363,2.352000
1517,train,-0.107618,3.861000
1518,train,-1.555691,1.875000
1519,train,0.069858,2.234000
1520,train,-0.392456,1.203000
1521,train,-0.636294,1.358000
1522,train,-0.304379,3.074000
1523,train,0.482664,3.268000
1524,train,-1.670081,0.703000
1525,train,-0.983848,0.682000
1526,train,-0.409681,1.146000
1527,train,0.370335,1.772000
1528,train,-0.370424,0.819000
1529,train,-0.239708,0.906000
1530,train,-1.267524,0.568000
1531,train,0.519808,3.238000
1532,train,-0.153057,2.444000
1533,train,-0.564173,1.443000
1534,train,-0.810758,1.642000
1535,train,1.069195,2.376000
1536,train,0.633722,2.430000
1537,train,-0.631486,0.833000
1538,train,-0.931805,0.875000
1539,train,-0.361970,1.317000
1540,train,-1.364267,0.470000
1541,train,-1.024585,1.953000
1542,train,0.243054,1.841000
1543,train,-0.219736,1.288000
1544,train,-0.832738,1.182000
1545,train,-0.250222,2.128000
1546,train,-0.499766,1.413000
1547,train,-0.615001,2.271000
1548,train,-0.444922,0.808000
1549,train,0.789641,2.013000
1550,train,-0.495486,1.833000
1551,train,-0.757922,1.550000
1552,train,-0.355788,1.438000
1553,train,-0.056209,1.375000
1554,train,-0.056737,2.801000
1555,train,-0.408941,2.459000
1556,train,-0.309874,2.436000
1557,train,-0.040200,1.030000
1558,train,-0.729127,1.038000
1559,train,-0.659383,2.359000
1560,train,0.294410,1.619000
1561,train,0.177167,3.944000
1562,train,-1.236351,1.458000
1563,train,0.486785,1.848000
1564,train,-0.160296,2.423000
1565,train,-0.102123,3.355000
1566,train,-0.161299,1.655000
1567,train,2.005341,2.048000
1568,train,0.335728,1.597000
1569,train,-0.381889,1.691000
1570,train,-0.062232,4.786000
1571,train,0.263871,2.589000
1572,train,0.132732,3.240000
1573,train,-0.835327,1.031000
1574,train,-0.319437,1.381000
1575,train,-1.236879,0.916000
1576,train,1.219989,2.289000
1577,train,-0.816676,1.388000
1578,train,0.192490,2.522000
1579,train,1.243342,4.203000
1580,train,0.598216,2.436000
1581,train,0.192648,1.421000
1582,train,-1.475592,0.675000
1583,train,-0.671483,0.928000
1584,train,0.412392,1.908000
1585,train,-0.264012,2.239000
1586,train,-0.245467,1.434000
1587,train,-0.888585,1.327000
1588,train,-1.559284,0.990000
1589,train,-1.299701,0.677000
1590,train,1.045261,2.274000
1591,train,0.231324,2.286000
1592,train,0.057494,1.358000
1593,train,0.746315,3.621000
1594,train,0.009836,2.813000
1595,train,3.532510,5.000010
1596,train,-0.829990,0.906000
1597,train,-0.826080,0.663000
1598,train,-0.370160,1.502000
1599,train,-0.726326,1.703000
1600,train,-1.113191,0.993000
1601,train,0.138333,3.229000
1602,train,0.036835,2.132000
1603,train,0.036835,2.170000
1604,train,0.684022,2.679000
1605,train,-0.641419,2.063000
1606,train,0.367059,3.768000
1607,train,-1.366591,0.875000
1608,train,0.428719,3.047000
1609,train,0.317552,4.602000
1610,train,-0.847426,1.285000
1611,train,1.089114,2.846000
1612,train,-0.915532,1.196000
1613,train,0.029015,2.086000
1614,train,-0.224808,1.175000
1615,train,-1.032405,0.669000
1616,train,-0.760405,2.048000
1617,train,-0.383633,0.746000
1618,train,-0.934975,1.091000
1619,train,-0.698640,1.143000
1620,train,0.019029,3.083000
1621,train,-0.686224,1.130000
1622,train,-0.679778,0.917000
1623,train,-0.461988,1.342000
1624,train,-0.806320,4.250000
1625,train,-1.069760,0.539000
1626,train,0.208552,3.106000
1627,train,-0.062232,2.417000
1628,train,0.104465,2.268000
1629,train,0.371762,1.008000
1630,train,-0.433721,2.380000
1631,train,0.100766,2.455000
1632,train,0.267992,1.565000
1633,train,-0.159080,1.156000
1634,train,-0.620602,0.664000
1635,train,-0.971009,0.588000
1636,train,0.842582,2.236000
1637,train,-0.407145,1.693000
1638,train,-0.857835,1.667000
1639,train,0.441769,2.250000
1640,train,-1.068069,0.726000
1641,train,0.299535,1.603000
1642,train,-1.014863,1.475000
1643,train,-0.572310,0.912000
1644,train,-0.748095,2.083000
1645,train,-0.371164,3.353000
1646,train,-0.889748,0.580000
1647,train,-0.185657,2.265000
1648,train,1.800655,3.452000
1649,train,-0.355788,1.068000
1650,train,-1.779451,5.000010
1651,train,-0.713910,2.750000
1652,train,-1.328602,0.958000
1653,train,-0.818314,0.972000
1654,train,-0.745559,1.550000
1655,train,2.035194,4.000000
1656,train,-0.691613,5.000010
1657,train,0.907042,3.043000
1658,train,1.754371,3.592000
1659,train,-0.478368,1.447000
1660,train,-0.361178,3.528000
1661,train,0.933671,3.556000
1662,train,-0.174297,0.991000
1663,train,0.069858,2.504000
1664,train,-0.272730,1.056000
1665,train,2.303019,5.000010
1666,train,-0.501087,1.620000
1667,train,1.435295,2.722000
1668,train,1.131225,2.459000
1669,train,-0.776520,1.833000
1670,train,1.349067,2.207000
1671,train,0.055169,1.610000
1672,train,1.768372,3.039000
1673,train,0.573278,2.662000
1674,train,-1.492499,0.901000
1675,train,0.229475,0.875000
1676,train,-0.104818,2.094000
1677,train,0.873227,1.887000
1678,train,-0.947022,1.014000
1679,train,2.063778,3.875000
1680,train,0.170140,3.591000
1681,train,-0.590591,3.273000
1682,train,-0.647178,2.792000
1683,train,0.685607,2.336000
1684,train,0.381219,1.635000
1685,train,0.208340,1.242000
1686,train,0.055169,4.500000
1687,train,-0.249377,1.119000
1688,train,-0.597195,0.908000
1689,train,-0.119189,1.206000
1690,train,1.172859,4.838000
1691,train,-0.029210,3.667000
1692,train,-0.686013,2.010000
1693,train,0.114557,3.336000
1694,train,-0.190201,3.625000
1695,train,-0.367993,1.701000
1696,train,0.320828,2.467000
1697,train,-0.524546,1.612000
1698,train,0.017022,1.470000
1699,train,0.112919,1.179000
1700,train,-0.553923,1.113000
1701,train,0.082221,2.665000
1702,train,-0.046170,1.135000
1703,train,-0.412164,3.291000
1704,train,0.220810,5.000010
1705,train,-0.316954,2.365000
1706,train,-0.366778,1.222000
1707,train,-0.521270,0.819000
1708,train,0.926116,3.864000
1709,train,-0.341100,1.848000
1710,train,0.299271,1.607000
1711,train,-0.802621,1.016000
1712,train,1.170429,4.240000
1713,train,0.080847,2.625000
1714,train,0.183085,3.694000
1715,train,-0.282399,1.151000
1716,train,-0.233949,2.817000
1717,train,-0.439216,0.981000
1718,train,-0.683846,1.311000
1719,train,-0.160137,2.518000
1720,train,0.472995,2.327000
1721,train,-0.117446,1.392000
1722,train,-0.892125,0.715000
1723,train,0.923632,3.405000
1724,train,-0.716076,2.708000
1725,train,-0.535272,1.556000
1726,train,-0.599256,0.892000
1727,train,0.256210,1.670000
1728,train,-0.795753,1.031000
1729,train,-0.341628,1.805000
1730,train,-0.991774,0.512000
1731,train,0.272694,2.046000
1732,train,-0.166002,3.872000
1733,train,-0.664667,1.625000
1734,train,-0.349607,1.204000
1735,train,-0.058956,1.397000
1736,train,-0.893288,0.982000
1737,train,0.731785,2.694000
1738,train,-0.251279,2.691000
1739,train,0.932509,5.000010
1740,train,-1.037899,0.496000
1741,train,-0.738796,0.580000
1742,train,-1.103205,0.659000
1743,train,0.898166,1.754000
1744,train,1.254702,3.918000
1745,train,0.003813,2.808000
1746,train,-0.568558,0.907000
1747,train,3.279267,5.000010
1748,train,-1.090471,0.923000
1749,train,0.762377,2.271000
1750,train,-0.929058,1.625000
1751,train,0.732102,2.909000
1752,train,-0.333122,1.831000
1753,train,1.290895,2.832000
1754,train,1.140629,1.774000
1755,train,1.229552,2.387000
1756,train,-0.216354,3.213000
1757,train,0.234970,2.615000
1758,train,-0.980837,0.993000
1759,train,0.734004,2.261000
1760,train,-1.218915,0.517000
1761,train,-0.218098,1.569000
1762,train,0.194392,1.609000
1763,train,-0.111739,2.224000
1764,train,1.307644,3.052000
1765,train,-0.412481,1.388000
1766,train,0.500206,2.307000
1767,train,-0.942848,0.943000
1768,train,-1.052905,0.972000
1769,train,0.911110,3.821000
1770,train,0.646561,1.932000
1771,train,-0.245520,2.095000
1772,train,-0.387173,2.314000
1773,train,-0.689658,0.893000
1774,train,0.034616,1.961000
1775,train,-1.151972,1.135000
1776,train,0.146153,1.784000
1777,train,-0.463838,4.065000
1778,train,-0.580605,2.282000
1779,train,-0.190465,2.348000
1780,train,-0.203780,2.313000
1781,train,2.024045,5.000010
1782,train,-0.260367,1.841000
1783,train,0.659242,2.137000
1784,train,2.092362,5.000010
1785,train,-0.662659,1.692000
1786,train,0.956655,2.324000
1787,train,1.941621,3.517000
1788,train,-0.030531,2.346000
1789,train,-1.191599,1.125000
1790,train,-0.007177,1.452000
1791,train,-0.860794,0.872000
1792,train,-1.107960,0.535000
1793,train,-1.041439,0.438000
1794,train,-0.703818,0.942000
1795,train,-1.342234,2.188000
1796,train,0.692317,1.919000
1797,train,0.201947,1.322000
1798,train,-1.184995,0.468000
1799,train,-0.034441,1.497000
1800,train,-0.410315,1.263000
1801,train,0.408324,2.559000
1802,train,-1.180609,0.945000
1803,train,0.732472,2.371000
1804,train,0.382276,5.000010
1805,train,-1.350107,0.875000
1806,train,-0.108464,1.266000
1807,train,0.612006,2.451000
1808,train,-0.557569,1.574000
1809,train,-1.040066,0.784000
1810,train,-0.307919,2.181000
1811,train,-0.680676,3.500000
1812,train,-0.794907,1.984000
1813,train,-0.473718,1.439000
1814,train,1.048272,3.379000
1815,train,-0.675234,0.763000
1816,train,0.173310,1.601000
1817,train,-1.156358,1.306000
1818,train,-0.992513,1.125000
1819,train,0.801476,3.292000
1820,train,-0.623613,2.333000
1821,train,-0.984958,0.992000
1822,train,-0.266866,1.979000
1823,train,0.949628,2.041000
1824,train,0.309257,3.500000
1825,train,-0.821748,0.621000
1826,train,-1.288976,1.404000
1827,train,0.201947,1.521000
1828,train,-0.880184,1.305000
1829,train,0.692370,1.951000
1830,train,0.167340,1.995000
1831,train,-1.166132,1.375000
1832,train,-0.037082,2.750000
1833,train,-0.491524,1.229000
1834,train,0.903238,1.090000
1835,train,-0.924038,1.217000
1836,train,1.951819,3.020000
1837,train,-0.630218,2.417000
1838,train,0.477592,1.532000
1839,train,1.304051,1.693000
1840,train,2.418042,3.585000
1841,train,0.147368,1.750000
1842,train,-0.565071,1.125000
1843,train,1.785808,3.760000
1844,train,-0.684163,1.188000
1845,train,1.555021,4.010000
1846,train,-0.683054,1.079000
1847,train,0.165913,3.397000
1848,train,-0.181113,1.580000
1849,train,0.258534,4.688000
1850,train,-1.258384,0.631000
1851,train,-0.109784,1.846000
1852,train,-0.095255,1.897000
1853,train,0.158516,1.909000
1854,train,-0.767697,0.675000
1855,train,-1.611803,0.853000
1856,train,0.215156,1.736000
1857,train,-0.883566,1.297000
1858,train,0.676836,1.810000
1859,train,5.570759,5.000010
1860,train,1.979557,3.762000
1861,train,1.147709,2.430000
1862,train,0.104201,1.482000
1863,train,0.961199,2.381000
1864,train,0.412075,4.500000
1865,train,0.367059,2.400000
1866,train,-1.425609,5.000010
1867,train,0.144145,2.741000
1868,train,0.362357,1.901000
1869,train,0.294410,2.684000
1870,train,-0.346912,3.493000
1871,train,-0.194322,2.757000
1872,train,0.199992,1.828000
1873,train,5.071302,5.000010
1874,train,-0.169753,2.132000
1875,train,0.194603,1.795000
1876,train,-1.191969,1.385000
1877,train,-0.940629,1.813000
1878,train,-0.389603,3.405000
1879,train,-0.468170,2.250000
1880,train,-0.720673,0.683000
1881,train,0.172306,2.379000
1882,train,-0.711427,1.497000
1883,train,-0.568558,1.258000
1884,train,-0.030266,0.876000
1885,train,-1.151285,1.250000
1886,train,-1.284062,1.688000
1887,train,0.118519,1.350000
1888,train,-1.244065,0.863000
1889,train,-0.975025,0.649000
1890,train,-0.260367,1.063000
1891,train,1.287566,2.857000
1892,train,0.846228,2.724000
1893,train,0.912854,2.177000
1894,train,-0.724688,0.918000
1895,train,-0.014204,1.630000
1896,train,0.895788,1.951000
1897,train,-1.176012,0.325000
1898,train,-0.507322,2.753000
1899,train,0.367059,1.369000
1900,train,-0.161299,1.941000
1901,train,0.135902,2.302000
1902,train,0.043440,1.436000
1903,train,-1.488114,0.396000
1904,train,-0.989872,0.598000
1905,train,0.485200,2.107000
1906,train,-0.879920,1.563000
1907,train,0.107582,2.156000
1908,train,-0.826080,1.775000
1909,train,-0.186079,2.189000
1910,train,-0.037452,1.284000
1911,train,-0.802886,1.906000
1912,train,-0.059590,3.983000
1913,train,-0.354415,3.671000
1914,train,0.692317,1.225000
1915,train,-1.186157,3.761000
1916,train,-0.541031,1.576000
1917,train,0.043440,1.781000
1918,train,-1.178390,0.724000
1919,train,0.598216,2.876000
1920,train,-0.458501,1.750000
1921,train,-0.126322,2.808000
1922,train,0.138755,1.605000
1923,train,-0.417765,1.586000
1924,train,0.348725,1.443000
1925,train,-0.642476,1.363000
1926,train,0.184564,2.182000
1927,train,1.615677,4.664000
1928,train,3.477666,3.861000
1929,train,-0.299465,2.512000
1930,train,-0.755703,1.904000
1931,train,0.291557,2.231000
1932,train,0.359715,3.610000
1933,train,-1.319937,2.750000
1934,train,-0.298884,0.708000
1935,train,-0.310878,4.600000
1936,train,-1.361889,0.675000
1937,train,-0.630482,2.250000
1938,train,-0.395045,1.761000
1939,train,-0.909825,0.524000
1940,train,0.090199,1.676000
1941,train,-0.007600,0.997000
1942,train,-0.961076,0.889000
1943,train,-0.266971,2.237000
1944,train,-0.271779,1.805000
1945,train,-1.002605,0.932000
1946,train,-0.600735,1.738000
1947,train,2.103827,4.908000
1948,train,-1.186527,1.042000
1949,train,-0.113060,2.761000
1950,train,-0.243301,2.547000
1951,train,0.746210,2.123000
1952,train,-0.754488,0.875000
1953,train,-0.198232,0.942000
1954,train,0.343917,1.635000
1955,train,-0.430498,5.000010
1956,train,-0.674970,1.250000
1957,train,-0.839554,1.823000
1958,train,-1.094592,1.117000
1959,train,-0.712113,1.460000
1960,train,2.638315,5.000010
1961,train,0.933196,3.205000
1962,train,-1.517808,0.480000
1963,train,0.790750,1.688000
1964,train,-1.129675,0.675000
1965,train,-0.823174,1.731000
1966,train,-0.754488,1.500000
1967,train,0.301014,3.292000
1968,train,-0.788725,1.410000
1969,train,1.569340,3.780000
1970,train,-1.154403,0.802000
1971,train,-0.503200,2.033000
1972,train,2.118516,3.949000
1973,train,-0.235904,0.845000
1974,train,-0.542088,3.273000
1975,train,-0.080091,2.012000
1976,train,-0.101859,1.625000
1977,train,1.545088,2.660000
1978,train,-0.194322,2.212000
1979,train,-0.142014,1.765000
1980,train,-0.379247,2.063000
1981,train,0.775692,5.000010
1982,train,0.003813,1.867000
1983,train,-0.344006,1.125000
1984,train,-0.962503,0.905000
1985,train,0.117885,1.908000
1986,train,-0.222906,1.988000
1987,train,0.615599,1.656000
1988,train,2.277446,5.000010
1989,train,0.069858,1.457000
1990,train,-0.465581,0.913000
1991,train,-0.477364,1.404000
1992,train,0.748799,1.917000
1993,train,-1.011640,0.611000
1994,train,-0.614473,1.530000
1995,train,-0.522538,0.855000
1996,train,0.110805,1.645000
1997,train,2.238770,3.862000
1998,train,0.938004,3.413000
1999,train,0.130830,2.464000
2000,train,-0.128277,1.218000
2001,train,-0.028417,1.325000
2002,train,-0.809067,0.980000
2003,train,0.135902,2.414000
2004,train,0.102880,1.713000
2005,train,-0.545311,1.201000
2006,train,5.504926,5.000010
2007,train,-0.746457,1.927000
2008,train,-0.550541,2.328000
2009,train,0.304660,1.918000
2010,train,0.093422,1.963000
2011,train,0.890082,2.939000
2012,train,-0.950403,0.846000
2013,train,2.044968,5.000010
2014,train,1.987271,5.000010
2015,train,-0.431713,1.073000
2016,train,0.255998,1.500000
2017,train,-0.451157,2.042000
2018,train,0.872117,2.683000
2019,train,-1.281790,1.035000
2020,train,-0.815143,1.615000
2021,train,0.798940,2.224000
2022,train,-0.726326,1.669000
2023,train,0.393477,2.292000
2024,train,-0.412798,2.059000
2025,train,-1.139767,0.955000
2026,train,0.250768,1.625000
2027,train,0.158992,2.407000
2028,train,-0.568558,0.828000
2029,train,-0.252600,2.302000
2030,train,-1.069390,1.859000
2031,train,-1.266256,1.058000
2032,train,-1.502010,1.188000
2033,train,0.259274,1.944000
2034,train,-0.400699,1.833000
2035,train,-0.097474,2.925000
2036,train,-0.742124,1.442000
2037,train,0.051840,5.000010
2038,train,-0.183332,1.342000
2039,train,-1.263403,0.528000
2040,train,0.062513,1.887000
2041,train,0.390888,2.040000
2042,train,-0.383474,1.795000
2043,train,-0.647812,0.989000
2044,train,-0.246101,2.799000
2045,train,-0.071848,3.277000
2046,train,-0.618013,2.080000
2047,train,0.427873,2.083000
2048,train,0.135902,1.125000
2049,train,1.545405,2.347000
2050,train,0.459099,2.145000
2051,train,1.168527,3.385000
2052,train,5.881857,5.000010
2053,train,0.532171,2.841000
2054,train,1.756590,5.000010
2055,train,-0.868825,1.813000
2056,train,-0.775517,1.250000
2057,train,-0.618594,4.125000
2058,train,-0.808222,1.125000
2059,train,-1.116942,0.903000
2060,train,-0.147826,0.960000
2061,train,-0.973123,1.425000
2062,train,1.051442,2.663000
2063,train,-0.851917,1.650000
2064,train,-0.196964,1.180000
2065,train,-0.016159,1.564000
2066,train,2.186938,4.268000
2067,train,-0.103867,3.086000
2068,train,-0.374862,2.392000
2069,train,0.560808,1.094000
2070,train,-1.069390,0.666000
2071,train,1.401639,3.685000
2072,train,1.322913,3.305000
2073,train,-0.024507,2.736000
2074,train,3.145645,5.000010
2075,train,1.141422,3.211000
2076,train,-0.499608,2.426000
2077,train,-0.151049,2.319000
2078,train,-0.130285,1.514000
2079,train,0.732525,2.278000
2080,train,1.453523,3.800000
2081,train,0.253832,0.952000
2082,train,-0.049869,1.939000
2083,train,0.033189,2.607000
2084,train,-0.701810,1.910000
2085,train,-1.037371,0.649000
2086,train,-0.538336,1.283000
2087,train,0.180760,1.898000
2088,train,-0.430710,1.833000
2089,train,-0.920815,1.518000
2090,train,0.374403,2.573000
2091,train,-1.129940,1.375000
2092,train,-1.194082,1.250000
2093,train,-0.326412,2.181000
2094,train,-0.073222,1.681000
2095,train,-0.304379,2.318000
2096,train,0.287805,1.490000
2097,train,0.201947,1.703000
2098,train,0.281201,3.913000
2099,train,0.287647,2.823000
2100,train,1.803984,5.000010
2101,train,-1.497624,1.354000
2102,train,-0.118819,3.284000
2103,train,-0.782702,3.500000
2104,train,0.017973,1.823000
2105,train,4.121154,5.000010
2106,train,-0.838233,1.920000
2107,train,0.706477,2.408000
2108,train,-0.439639,1.750000
2109,train,-1.072348,1.264000
2110,train,-0.864915,1.259000
2111,train,0.412075,1.947000
2112,train,1.607170,3.418000
2113,train,-0.140059,2.119000
2114,train,-0.848853,1.375000
2115,train,-0.317799,2.706000
2116,train,-0.280444,1.723000
2117,train,-0.561901,2.621000
2118,train,-0.826186,1.491000
2119,train,0.099446,3.391000
2120,train,0.069858,2.486000
2121,train,0.264663,1.287000
2122,train,0.534813,3.439000
2123,train,-1.141986,1.750000
2124,train,-0.609453,2.875000
2125,train,-0.430181,1.436000
2126,train,0.515687,3.462000
2127,train,0.886119,2.322000
2128,train,0.003813,2.000000
2129,train,0.574440,2.415000
2130,train,-1.180715,0.675000
2131,train,0.092366,1.917000
2132,train,-0.308183,1.783000
2133,train,0.406686,1.782000
2134,train,0.085391,1.332000
2135,train,1.266801,2.738000
2136,train,0.343019,1.522000
2137,train,0.830641,1.871000
2138,train,-1.248186,1.375000
2139,train,-0.744713,1.104000
2140,train,-0.986860,2.406000
2141,train,-1.069390,1.625000
2142,train,-0.929797,0.838000
2143,train,0.814262,2.656000
2144,train,0.603024,2.115000
2145,train,1.164353,1.734000
2146,train,-1.339117,3.100000
2147,train,0.003813,0.995000
2148,train,0.255417,1.914000
2149,train,-0.123575,2.201000
2150,train,0.125758,1.673000
2151,train,-0.590591,0.650000
2152,train,0.433104,1.418000
2153,train,-0.134036,2.906000
2154,train,-0.356158,3.192000
2155,train,-0.603166,1.188000
2156,train,-0.698218,2.000000
2157,train,-0.447617,2.195000
2158,train,0.764861,2.894000
2159,train,-0.936243,1.164000
2160,train,0.034616,1.623000
2161,train,-0.414489,1.141000
2162,train,-0.405665,0.713000
2163,train,0.034299,1.905000
2164,train,0.009836,1.973000
2165,train,-0.810388,0.722000
2166,train,-0.414489,1.033000
2167,train,-0.186079,1.430000
2168,train,0.405735,2.449000
2169,train,1.595229,5.000010
2170,train,-0.780800,1.833000
2171,train,-0.758715,0.861000
2172,train,0.011580,2.184000
2173,train,-1.335418,1.108000
2174,train,0.086976,2.113000
2175,train,1.701377,3.388000
2176,train,-0.335024,1.231000
2177,train,-0.317588,2.695000
2178,train,-0.542140,3.214000
2179,train,-0.173663,0.819000
2180,train,2.829211,5.000010
2181,train,0.446683,3.046000
2182,train,-0.984324,0.729000
2183,train,-0.552866,1.580000
2184,train,-1.018456,0.622000
2185,train,-1.553102,1.163000
2186,train,-0.106244,3.141000
2187,train,1.208576,3.625000
2188,train,2.308725,5.000010
2189,train,-1.026487,0.741000
2190,train,-0.590591,1.500000
2191,train,0.275812,2.700000
2192,train,-0.892495,1.208000
2193,train,1.198379,2.500000
2194,train,-0.717608,0.722000
2195,train,-0.062232,3.750000
2196,train,0.135902,2.396000
2197,train,0.142718,1.833000
2198,train,0.404467,1.612000
2199,train,-0.166002,2.510000
2200,train,-1.107537,0.455000
2201,train,-0.969688,1.781000
2202,train,1.229764,2.589000
2203,train,-0.407884,1.458000
2204,train,-1.057026,0.847000
2205,train,-0.571306,2.167000
2206,train,-0.713699,1.304000
2207,train,-0.132187,1.585000
2208,train,-0.571147,1.178000
2209,train,0.164962,2.150000
2210,train,0.513837,2.686000
2211,train,-0.760405,1.000000
2212,train,2.536078,3.327000
2213,train,-0.324826,1.867000
2214,train,-0.906655,0.530000
2215,train,-0.260367,1.497000
2216,train,0.049780,3.458000
2217,train,0.005186,1.245000
2218,train,3.742268,4.758000
2219,train,1.028882,5.000010
2220,train,4.316383,5.000010
2221,train,0.135902,1.759000
2222,train,-0.080249,1.833000
2223,train,0.884692,2.531000
2224,train,-0.177784,1.178000
2225,train,0.469719,1.435000
2226,train,0.327432,5.000010
2227,train,-0.481643,1.423000
2228,train,-0.619492,1.210000
2229,train,-0.163254,2.688000
2230,train,1.041087,3.302000
2231,train,-0.833636,1.218000
2232,train,1.082985,4.169000
2233,train,1.570766,2.667000
2234,train,-0.425479,1.894000
2235,train,0.954224,4.436000
2236,train,-0.582824,1.630000
2237,train,1.495792,3.825000
2238,train,-0.833477,1.063000
2239,train,-0.845788,0.578000
2240,train,-0.748095,0.575000
2241,train,-0.168749,2.380000
2242,train,0.532171,2.189000
2243,train,-1.141828,1.186000
2244,train,1.037230,3.091000
2245,train,-0.092718,2.132000
2246,train,-0.319226,1.802000
2247,train,0.488846,4.708000
2248,train,-0.329582,3.372000
2249,train,-0.603800,0.953000
2250,train,-0.456282,1.039000
2251,train,0.378049,5.000010
2252,train,-0.771871,2.150000
2253,train,0.207231,1.894000
2254,train,-0.669845,1.714000
2255,train,0.074560,3.570000
2256,train,0.105892,1.962000
2257,train,-1.221663,0.985000
2258,train,-0.459875,1.788000
2259,train,0.573066,2.266000
2260,train,-0.406247,1.714000
2261,train,-0.886102,2.714000
2262,train,1.373160,2.168000
2263,train,-0.821748,0.679000
2264,train,0.367059,1.713000
2265,train,-1.039696,1.109000
2266,train,0.885274,3.325000
2267,train,-1.013278,1.500000
2268,train,1.163772,1.734000
2269,train,0.316020,2.375000
2270,train,-0.590591,0.658000
2271,train,0.322043,1.731000
2272,train,-0.058956,3.212000
2273,train,-0.128277,2.650000
2274,train,-0.781064,0.875000
2275,train,0.648252,2.103000
2276,train,-0.045695,2.478000
2277,train,1.444066,3.757000
2278,train,-0.704082,1.137000
2279,train,1.894914,5.000010
2280,train,-1.420854,0.456000
2281,train,-0.911939,1.306000
2282,train,-0.151419,1.986000
2283,train,0.203004,4.367000
2284,train,-0.029210,0.926000
2285,train,-1.364531,1.500000
2286,train,0.692158,3.599000
2287,train,3.743483,5.000010
2288,train,-0.018220,0.938000
2289,train,2.203317,3.833000
2290,train,0.348408,1.917000
2291,train,0.675409,2.672000
2292,train,-0.268134,2.802000
2293,train,-1.181032,0.521000
2294,train,-0.402442,1.102000
2295,train,0.069858,1.646000
2296,train,1.403911,3.248000
2297,train,0.435640,1.227000
2298,train,-0.740011,2.167000
2299,train,-0.190306,0.736000
2300,train,-0.181113,2.541000
2301,train,-0.752691,1.875000
2302,train,1.191933,1.660000
2303,train,0.653535,1.579000
2304,train,-0.233949,1.938000
2305,train,0.018712,1.408000
2306,train,-0.539552,0.953000
2307,train,1.223001,2.270000
2308,train,0.000325,2.656000
2309,train,-1.059509,0.902000
2310,train,-0.440167,1.832000
2311,train,0.072394,1.846000
2312,train,-0.937300,1.625000
2313,train,-0.679302,1.250000
2314,train,-1.258384,0.972000
2315,train,-0.477364,3.553000
2316,train,-0.637192,1.362000
2317,train,-0.909138,1.250000
2318,train,1.499808,3.056000
2319,train,-0.924461,1.766000
2320,train,0.670601,3.486000
2321,train,0.765653,2.992000
2322,train,-0.250222,0.721000
2323,train,-0.198707,1.095000
2324,train,0.006454,2.811000
2325,train,-0.719669,1.563000
2326,train,0.454133,2.342000
2327,train,-0.648869,0.597000
2328,train,1.273829,2.500000
2329,train,-1.024004,2.033000
2330,train,-0.359434,1.731000
2331,train,1.377281,3.003000
2332,train,-0.164945,2.380000
2333,train,-0.350082,1.790000
2334,train,0.241574,1.660000
2335,train,0.072605,1.607000
2336,train,-0.748834,1.475000
2337,train,-0.434831,1.921000
2338,train,-1.366591,0.564000
2339,train,-0.309293,3.048000
2340,train,1.406817,4.398000
2341,train,-0.326412,1.375000
2342,train,-0.892495,1.375000
2343,train,-1.018139,1.346000
2344,train,-0.256880,2.625000
2345,train,-0.364136,0.834000
2346,train,-0.353939,1.135000
2347,train,-0.166002,0.714000
2348,train,0.452918,2.045000
2349,train,1.226858,2.824000
2350,train,-0.370424,1.457000
2351,train,0.672609,2.647000
2352,train,-0.788725,2.750000
2353,train,-0.382999,1.716000
2354,train,0.135902,2.167000
2355,train,-0.351192,1.807000
2356,train,-1.222719,2.125000
2357,train,0.881258,1.677000
2358,train,-1.383129,0.425000
2359,train,-0.262322,2.384000
2360,train,-1.061411,1.440000
2361,train,-1.546550,0.436000
2362,train,0.793973,3.635000
2363,train,-0.181641,1.862000
2364,train,-1.041915,0.675000
2365,train,0.663204,1.596000
2366,train,-0.887106,1.956000
2367,train,-0.108464,1.548000
2368,train,2.404992,4.507000
2369,train,-1.107643,0.699000
2370,train,-0.270775,1.322000
2371,train,2.177322,3.280000
2372,train,0.102880,2.728000
2373,train,-0.447511,0.663000
2374,train,-0.064927,1.293000
2375,train,-1.188376,0.771000
2376,train,-0.923351,1.555000
2377,train,-0.869459,1.260000
2378,train,-0.530569,2.403000
2379,train,-1.079323,1.330000
2380,train,-0.355894,0.949000
2381,train,-0.236009,2.039000
2382,train,-0.926838,0.610000
2383,train,-0.490837,1.392000
2384,train,-0.925465,2.292000
2385,train,1.355619,2.606000
2386,train,-0.512869,2.511000
2387,train,0.301014,3.276000
2388,train,0.069858,1.679000
2389,train,-0.007864,2.120000
2390,train,0.377045,2.333000
2391,train,0.176110,2.554000
2392,train,-1.306094,0.675000
2393,train,-0.033912,1.620000
2394,train,-0.925887,1.172000
2395,train,-0.156597,1.097000
2396,train,-0.535536,2.750000
2397,train,-0.732667,1.118000
2398,train,-0.190201,1.660000
2399,train,-0.571729,0.927000
2400,train,0.050995,1.860000
2401,train,-0.433880,0.973000
2402,train,0.877718,2.413000
2403,train,0.580358,2.585000
2404,train,-0.139267,1.382000
2405,train,0.444094,1.961000
2406,train,2.431251,4.192000
2407,train,-0.480534,1.388000
2408,train,0.731310,3.766000
2409,train,0.003813,1.651000
2410,train,-0.695787,1.818000
2411,train,-0.074807,2.118000
2412,train,-0.241504,1.125000
2413,train,-0.128277,1.443000
2414,train,0.862396,2.220000
2415,train,-1.405162,0.536000
2416,train,-0.169859,1.308000
2417,train,0.215156,2.276000
2418,train,-0.118397,2.750000
2419,train,-0.453218,1.919000
2420,train,-1.019882,0.641000
2421,train,-0.561214,0.681000
2422,train,-0.161299,2.552000
2423,train,1.199647,2.441000
2424,train,-0.234583,3.370000
2425,train,-1.394964,2.083000
2426,train,2.246114,5.000010
2427,train,0.780553,1.721000
2428,train,-0.532313,1.289000
2429,train,-1.182194,1.449000
2430,train,-0.931065,0.720000
2431,train,-0.317746,1.429000
2432,train,0.284530,4.361000
2433,train,-0.394887,2.042000
2434,train,0.702303,1.957000
2435,train,-0.425479,0.905000
2436,train,-0.726326,2.361000
2437,train,-0.152317,1.869000
2438,train,-0.845683,1.625000
2439,train,-0.202881,1.125000
2440,train,-1.049259,0.580000
2441,train,1.304315,3.074000
2442,train,0.281201,3.538000
2443,train,0.796615,2.909000
2444,train,0.528684,3.586000
2445,train,-0.208482,2.462000
2446,train,0.167921,0.721000
2447,train,-0.317324,1.075000
2448,train,-0.779902,0.786000
2449,train,0.034510,1.876000
2450,train,-0.697531,0.979000
2451,train,-0.215192,1.866000
2452,train,-0.386169,1.969000
2453,train,-0.304379,1.115000
2454,train,0.194022,1.563000
2455,train,0.626325,2.182000
2456,train,2.876763,2.935000
2457,train,-0.566392,0.590000
2458,train,-0.597565,1.628000
2459,train,-1.209775,1.029000
2460,train,-0.981101,0.543000
2461,train,-0.106244,1.663000
2462,train,-0.926891,1.525000
2463,train,-0.451527,1.426000
2464,train,-0.878071,1.500000
2465,train,-0.893024,0.844000
2466,train,-1.237830,2.100000
2467,train,-0.139267,1.375000
2468,train,-0.349712,3.500000
2469,train,-0.438688,1.719000
2470,train,-0.500506,1.431000
2471,train,1.354773,4.523000
2472,train,0.508976,1.760000
2473,train,-0.043370,1.127000
2474,train,-0.580024,0.684000
2475,train,0.022675,1.907000
2476,train,2.585057,3.318000
2477,train,0.309521,1.840000
2478,train,-0.422309,1.625000
2479,train,-0.256087,1.294000
2480,train,-0.634603,1.728000
2481,train,0.453763,1.911000
2482,train,1.417225,2.949000
2483,train,0.000167,1.886000
2484,train,-1.477494,0.638000
2485,train,2.282201,4.661000
2486,train,-0.438582,1.868000
2487,train,-0.003320,1.393000
2488,train,-0.263009,3.303000
2489,train,0.197403,2.848000
2490,train,-0.082891,1.988000
2491,train,-0.675128,0.693000
2492,train,-0.895612,1.455000
2493,train,-0.068414,1.662000
2494,train,0.410755,2.738000
2495,train,-0.269454,1.490000
2496,train,0.373664,2.154000
2497,train,0.981805,2.878000
2498,train,0.545380,4.063000
2499,train,-1.002499,1.603000
2500,train,1.008170,2.400000
2501,train,-0.764685,0.609000
2502,train,-0.634286,1.423000
2503,train,-0.386592,0.848000
2504,train,0.377785,2.054000
2505,train,-0.154695,3.968000
2506,train,-0.952464,1.354000
2507,train,0.143775,1.154000
2508,train,0.047825,1.625000
2509,train,-0.536276,4.250000
2510,train,-1.177650,1.143000
2511,train,3.794364,5.000010
2512,train,2.378521,5.000010
2513,train,-1.048837,0.487000
2514,train,0.471622,2.947000
2515,train,-0.204308,3.005000
2516,train,0.069858,3.432000
2517,train,-0.814245,0.920000
2518,train,0.656547,2.781000
2519,train,1.929469,3.809000
2520,train,0.036835,3.398000
2521,train,-0.404926,0.968000
2522,train,-0.969319,2.700000
2523,train,0.301648,1.900000
2524,train,-0.766693,1.813000
2525,train,-0.260367,1.006000
2526,train,-0.821748,1.708000
2527,train,-0.766693,1.527000
2528,train,0.088192,3.536000
2529,train,-1.670134,2.000000
2530,train,0.411072,2.134000
2531,train,-0.631486,1.531000
2532,train,0.094902,3.797000
2533,train,-0.417606,2.750000
2534,train,0.195343,0.786000
2535,train,0.895629,1.883000
2536,train,0.240095,1.380000
2537,train,2.312001,5.000010
2538,train,-0.352830,1.974000
2539,train,0.499149,2.446000
2540,train,-0.003003,1.653000
2541,train,1.405813,3.004000
2542,train,-0.199024,0.882000
2543,train,3.816502,5.000010
2544,train,-0.754488,1.631000
2545,train,0.479336,1.919000
2546,train,1.075800,3.553000
2547,train,0.936155,4.303000
2548,train,-1.376947,0.427000
2549,train,1.012291,3.781000
2550,train,0.545645,2.640000
2551,train,0.082221,1.119000
2552,train,-0.501563,2.245000
2553,train,-0.346225,1.250000
2554,train,-0.722681,0.641000
2555,train,-1.153346,0.884000
2556,train,-0.045695,3.892000
2557,train,-1.022419,1.938000
2558,train,-0.156333,5.000010
2559,train,1.848789,1.875000
2560,train,0.210929,2.103000
2561,train,0.691789,2.128000
2562,train,-0.977719,1.775000
2563,train,-0.755703,1.813000
2564,train,0.339109,1.595000
2565,train,-0.524546,1.775000
2566,train,-0.829990,1.161000
2567,train,0.174737,5.000010
2568,train,-0.574635,1.625000
2569,train,-0.461724,1.355000
2570,train,-0.725692,0.996000
2571,train,0.088456,1.185000
2572,train,-0.407620,1.569000
2573,train,-0.759824,1.472000
2574,train,-0.837176,0.858000
2575,train,-0.737369,5.000010
2576,train,0.656970,1.709000
2577,train,1.242127,2.579000
2578,train,-0.071426,1.643000
2579,train,-0.418029,4.389000
2580,train,-0.082046,0.980000
2581,train,1.254808,2.887000
2582,train,0.130672,2.032000
2583,train,0.255998,2.836000
2584,train,-0.524546,1.625000
2585,train,-0.881981,0.953000
2586,train,-0.237277,1.617000
2587,train,-0.759349,1.875000
2588,train,-0.370424,1.580000
2589,train,0.524827,4.561000
2590,train,0.148266,1.029000
2591,train,0.114451,1.654000
2592,train,-1.281948,0.544000
2593,train,-0.976293,1.472000
2594,train,-1.136967,0.950000
2595,train,0.828000,1.430000
2596,train,-0.328261,0.972000
2597,train,-0.078189,1.129000
2598,train,0.334037,1.733000
2599,train,1.354456,3.931000
2600,train,-1.151972,0.630000
2601,train,1.000773,2.973000
2602,train,-0.540661,2.421000
2603,train,1.637181,2.939000
2604,train,-0.695153,1.131000
2605,train,-0.963771,1.372000
2606,train,-0.446508,2.971000
2607,train,0.464964,2.435000
2608,train,-1.150070,0.988000
2609,train,0.418574,2.448000
2610,train,1.730489,3.278000
2611,train,0.298003,4.375000
2612,train,-0.802886,1.635000
2613,train,-0.434461,1.024000
2614,train,-0.075441,1.122000
2615,train,1.148977,1.659000
2616,train,-0.148090,2.500000
2617,train,-0.168908,1.581000
2618,train,-0.379247,0.875000
2619,train,-0.918596,1.350000
2620,train,-0.549696,0.795000
2621,train,-0.555349,1.621000
2622,train,-0.683054,2.284000
2623,train,-0.367676,1.406000
2624,train,-0.788725,0.713000
2625,train,1.256129,2.663000
2626,train,-1.124603,0.813000
2627,train,0.767767,1.850000
2628,train,2.011048,3.293000
2629,train,-1.019882,1.688000
2630,train,-0.109415,1.104000
2631,train,0.078100,5.000010
2632,train,-0.355313,0.857000
2633,train,-1.109968,0.633000
2634,train,3.124881,5.000010
2635,train,-0.836648,1.838000
2636,train,-0.838233,1.507000
2637,train,0.616709,2.429000
2638,train,0.686135,3.267000
2639,train,-0.107143,2.204000
2640,train,0.651950,2.407000
2641,train,4.410061,5.000010
2642,train,-1.123652,0.984000
2643,train,-0.314629,1.669000
2644,train,0.835766,2.054000
2645,train,-1.432953,0.901000
2646,train,0.433104,1.898000
2647,train,-1.184995,1.625000
2648,train,0.023256,3.337000
2649,train,-0.748095,0.851000
2650,train,-0.953838,1.344000
2651,train,-0.559418,1.446000
2652,train,-0.687598,2.150000
2653,train,-1.104578,0.975000
2654,train,-0.162462,2.100000
2655,train,1.525961,3.120000
2656,train,-0.920815,3.000000
2657,train,0.462005,2.024000
2658,train,1.016148,2.541000
2659,train,-0.381467,1.160000
2660,train,-0.308395,1.670000
2661,train,0.883002,3.969000
2662,train,-0.043370,2.270000
2663,train,0.493073,5.000010
2664,train,3.774921,5.000010
2665,train,-0.453429,1.990000
2666,train,0.871061,3.691000
2667,train,-1.625276,0.225000
2668,train,-0.884147,0.957000
2669,train,2.350782,3.659000
2670,train,0.127660,2.158000
2671,train,-0.305277,2.055000
2672,train,1.566275,5.000010
2673,train,0.213360,2.508000
2674,train,1.559671,3.636000
2675,train,1.383886,2.942000
2676,train,-0.108252,1.714000
2677,train,0.378049,2.613000
2678,train,-0.868296,1.149000
2679,train,-0.046487,2.584000
2680,train,-0.871255,1.063000
2681,train,-1.093271,0.989000
2682,train,0.482189,2.420000
2683,train,-0.804259,1.461000
2684,train,-0.271357,1.546000
2685,train,-0.298092,1.975000
2686,train,0.301014,2.896000
2687,train,0.839306,3.257000
2688,train,-1.170623,0.533000
2689,train,-0.598833,0.878000
2690,train,-0.700648,1.783000
2691,train,0.607304,1.971000
2692,train,-0.439639,1.234000
2693,train,0.730464,2.929000
2694,train,-0.631856,1.098000
2695,train,-0.342896,1.242000
2696,train,-1.195826,0.573000
2697,train,0.925165,4.047000
2698,train,-0.799557,1.875000
2699,train,-0.976716,0.637000
2700,train,0.352371,1.012000
2701,train,0.617501,5.000000
2702,train,-1.323372,0.455000
2703,train,1.145702,4.635000
2704,train,1.084412,1.813000
2705,train,-0.141486,3.074000
2706,train,2.308197,3.718000
2707,train,-0.733988,0.560000
2708,train,0.352529,2.893000
2709,train,-0.334654,1.282000
2710,train,0.341804,2.714000
2711,train,0.448110,1.821000
2712,train,0.870057,2.194000
2713,train,-0.778053,0.784000
2714,train,-0.848536,0.961000
2715,train,1.201602,3.947000
2716,train,0.532171,2.225000
2717,train,0.078681,0.875000
2718,train,0.105152,1.375000
2719,train,0.126075,2.461000
2720,train,-0.081095,1.757000
2721,train,-0.286203,1.641000
2722,train,-0.065878,1.328000
2723,train,-0.737369,1.292000
2724,train,-0.247158,2.241000
2725,train,-0.799715,1.039000
2726,train,-0.357215,1.128000
2727,train,-0.976029,2.438000
2728,train,-0.797813,0.886000
2729,train,1.002939,1.861000
2730,train,-0.167534,1.861000
2731,train,-0.147985,1.609000
2732,train,-0.863964,1.492000
2733,train,-1.069390,0.764000
2734,train,0.888285,5.000010
2735,train,-0.582560,0.956000
2736,train,-0.019065,2.375000
2737,train,1.288464,4.183000
2738,train,-0.188299,1.975000
2739,train,-0.878335,0.664000
2740,train,1.379183,2.690000
2741,train,-0.358906,2.190000
2742,train,0.439550,1.569000
2743,train,0.119048,1.342000
2744,train,-0.453006,2.042000
2745,train,-0.397793,2.188000
2746,train,0.667695,1.818000
2747,train,-0.114434,1.685000
2748,train,-0.110260,2.992000
2749,train,-1.093536,1.660000
2750,train,0.044443,1.935000
2751,train,-1.313174,2.125000
2752,train,0.754135,3.862000
2753,train,0.045077,2.684000
2754,train,-0.315422,1.281000
2755,train,0.638741,2.712000
2756,train,-0.001471,0.884000
2757,train,-0.982052,1.015000
2758,train,0.840786,4.955000
2759,train,-0.951460,1.673000
2760,train,0.113130,1.413000
2761,train,3.339447,5.000010
2762,train,1.639717,3.213000
2763,train,-1.134483,0.821000
2764,train,-1.305830,0.929000
2765,train,-0.275055,1.680000
2766,train,-0.101331,1.350000
2767,train,-0.338088,2.431000
2768,train,-0.188827,1.571000
2769,train,-0.859156,0.979000
2770,train,-0.273576,1.777000
2771,train,-0.336820,1.318000
2772,train,-0.176622,2.688000
2773,train,-0.953838,3.143000
2774,train,0.403992,1.836000
2775,train,-1.208295,1.000000
2776,train,0.643391,2.322000
2777,train,0.532171,1.381000
2778,train,-0.912573,1.625000
2779,train,0.814209,4.573000
2780,train,0.227573,1.392000
2781,train,-0.092877,2.445000
2782,train,-0.872259,0.616000
2783,train,-0.436469,2.370000
2784,train,-1.015180,1.125000
2785,train,-0.725692,1.223000
2786,train,0.963629,5.000010
2787,train,-0.704981,1.101000
2788,train,0.911322,3.009000
2789,train,-0.349554,1.675000
2790,train,-0.095255,2.464000
2791,train,1.963760,2.793000
2792,train,0.674247,4.140000
2793,train,-1.092849,0.587000
2794,train,1.737992,2.949000
2795,train,0.565194,3.652000
2796,train,1.534362,3.683000
2797,train,-0.683635,2.392000
2798,train,-0.387014,1.214000
2799,train,0.730147,2.150000
2800,train,0.150591,1.139000
2801,train,0.003813,2.364000
2802,train,-0.549326,1.717000
2803,train,0.146892,2.485000
2804,train,-1.215322,0.582000
2805,train,-1.496779,0.678000
2806,train,-0.839237,0.757000
2807,train,0.091890,1.780000
2808,train,-1.369920,0.604000
2809,train,0.735008,2.261000
2810,train,0.096645,1.795000
2811,train,0.423541,1.582000
2812,train,0.938268,2.786000
2813,train,1.332212,4.808000
2814,train,-0.816517,1.923000
2815,train,-0.458501,1.417000
2816,train,0.859701,3.308000
2817,train,-1.389734,1.000000
2818,train,-0.874584,1.032000
2819,train,-0.967681,0.535000
2820,train,-0.892125,1.857000
2821,train,-0.706777,1.929000
2822,train,0.821025,2.560000
2823,train,-0.854770,1.385000
2824,train,-0.701282,0.696000
2825,train,0.282680,2.468000
2826,train,1.539804,2.659000
2827,train,-1.398663,1.625000
2828,train,0.139548,3.227000
2829,train,0.071918,1.489000
2830,train,2.041006,4.290000
2831,train,2.131989,5.000010
2832,train,1.166202,2.541000
2833,train,-0.414489,3.281000
2834,train,-0.597671,1.691000
2835,train,0.611848,2.554000
2836,train,-1.001231,0.764000
2837,train,0.857271,1.514000
2838,train,1.259563,3.111000
2839,train,-0.602585,1.875000
2840,train,-0.177784,2.132000
2841,train,-0.772980,2.083000
2842,train,0.939219,2.028000
2843,train,-0.005645,0.901000
2844,train,-1.482619,0.924000
2845,train,-1.584381,1.365000
2846,train,-1.132423,0.922000
2847,train,-1.184995,0.794000
2848,train,-1.156516,0.955000
2849,train,0.511513,2.492000
2850,train,-0.017058,1.117000
2851,train,-1.021943,1.906000
2852,train,-0.213184,1.918000
2853,train,0.603817,5.000010
2854,train,-0.547107,0.508000
2855,train,-0.660281,1.635000
2856,train,0.212937,3.689000
2857,train,-1.098608,0.570000
2858,train,-0.744713,0.750000
2859,train,0.606987,2.290000
2860,train,1.604793,3.409000
2861,train,-0.129334,2.766000
2862,train,0.676044,1.884000
2863,train,-1.108700,0.739000
2864,train,-0.293389,1.500000
2865,train,-0.695365,1.471000
2866,train,-0.725745,1.863000
2867,train,0.632084,2.349000
2868,train,-1.223723,1.225000
2869,train,0.436750,3.989000
2870,train,1.580964,2.500000
2871,train,-0.128277,1.136000
2872,train,0.614543,2.448000
2873,train,-0.966518,2.250000
2874,train,0.829690,1.869000
2875,train,1.273353,3.097000
2876,train,0.263131,1.306000
2877,train,0.584056,3.423000
2878,train,-1.147904,0.650000
2879,train,0.107582,2.789000
2880,train,-1.648735,1.688000
2881,train,0.679848,4.184000
2882,train,0.451438,1.090000
2883,train,-0.592070,1.601000
2884,train,0.571798,3.450000
2885,train,0.688460,4.188000
2886,train,-0.045695,2.091000
2887,train,-0.621183,0.975000
2888,train,3.190926,5.000010
2889,train,-0.932492,1.086000
2890,train,-0.788725,1.333000
2891,train,-1.192761,0.509000
2892,train,0.622151,3.116000
2893,train,1.350705,3.655000
2894,train,-1.303241,1.750000
2895,train,-0.991985,1.703000
2896,train,0.711813,2.795000
2897,train,0.010100,1.259000
2898,train,0.539516,1.557000
2899,train,-1.085927,0.833000
2900,train,0.477116,1.563000
2901,train,1.149506,2.148000
2902,train,-0.482066,1.103000
2903,train,-0.617009,1.650000
2904,train,0.267992,3.495000
2905,train,5.881857,5.000010
2906,train,-0.821748,1.257000
2907,train,0.969177,1.931000
2908,train,4.110270,5.000010
2909,train,0.416250,1.996000
2910,train,0.155346,5.000010
2911,train,-0.078717,1.634000
2912,train,-1.295052,1.375000
2913,train,0.076462,1.215000
2914,train,0.370335,3.812000
2915,train,-0.217623,1.119000
2916,train,-1.181560,0.580000
2917,train,-0.474986,0.638000
2918,train,0.168185,3.632000
2919,train,-0.676978,2.064000
2920,train,-0.155805,3.708000
2921,train,-1.449174,0.818000
2922,train,-0.089126,2.715000
2923,train,0.466127,1.970000
2924,train,-0.812871,0.734000
2925,train,-0.309874,3.017000
2926,train,0.211405,1.196000
2927,train,0.821448,2.581000
2928,train,-0.793111,0.175000
2929,train,0.075617,1.457000
2930,train,-0.957166,1.020000
2931,train,0.480551,4.000000
2932,train,0.081323,0.992000
2933,train,2.352843,4.854000
2934,train,3.322962,4.771000
2935,train,-1.073405,0.669000
2936,train,2.714557,3.754000
2937,train,0.161739,1.696000
2938,train,0.754346,2.476000
2939,train,-0.560369,1.647000
2940,train,-0.290642,3.094000
2941,train,0.673930,1.853000
2942,train,0.689464,2.302000
2943,train,-0.804893,1.561000
2944,train,1.518512,3.025000
2945,train,-0.314629,0.978000
2946,train,0.030231,2.513000
2947,train,-0.049023,2.813000
2948,train,-0.924567,1.531000
2949,train,0.102880,3.556000
2950,train,-0.456916,1.013000
2951,train,0.319877,2.660000
2952,train,-0.238334,1.607000
2953,train,-0.667626,3.058000
2954,train,-0.084265,1.475000
2955,train,-0.216354,1.863000
2956,train,-0.643110,1.626000
2957,train,1.740264,4.847000
2958,train,-0.219313,1.750000
2959,train,0.094849,1.272000
2960,train,0.795717,3.651000
2961,train,0.183085,2.365000
2962,train,0.158305,2.140000
2963,train,0.519966,2.258000
2964,train,0.088720,1.289000
2965,train,-0.164628,0.735000
2966,train,-0.341258,1.147000
2967,train,-0.788725,1.750000
2968,train,-0.337560,3.181000
2969,train,-0.146294,3.312000
2970,train,-0.820586,1.925000
2971,train,-0.819317,1.595000
2972,train,-0.000309,1.627000
2973,train,-0.315739,0.673000
2974,train,0.409962,2.129000
2975,train,-0.409522,1.406000
2976,train,0.022675,1.865000
2977,train,1.450195,3.932000
2978,train,-0.943693,0.553000
2979,train,0.558589,4.098000
2980,train,-0.232047,1.918000
2981,train,-0.247845,0.995000
2982,train,-1.032986,1.750000
2983,train,0.099234,1.580000
2984,train,-1.044081,1.069000
2985,train,0.098178,2.772000
2986,train,0.146522,3.267000
2987,train,-0.856567,0.960000
2988,train,2.863449,4.318000
2989,train,-0.330903,1.722000
2990,train,-0.395415,1.125000
2991,train,-1.151972,2.250000
2992,train,0.819757,2.595000
2993,train,0.144832,2.915000
2994,train,-1.228161,0.504000
2995,train,-0.139690,1.500000
2996,train,0.391469,2.246000
2997,train,0.094056,1.306000
2998,train,-0.281501,0.697000
2999,train,0.729566,3.530000
3000,train,0.682859,2.312000
3001,train,0.161316,2.051000
3002,train,0.765178,3.981000
3003,train,0.096275,1.413000
3004,train,0.081534,1.733000
3005,train,-0.466744,1.279000
3006,train,-0.489939,2.895000
3007,train,-0.366038,0.959000
3008,train,0.175371,1.334000
3009,train,-0.191469,1.468000
3010,train,-0.374651,1.813000
3011,train,-1.274499,0.546000
3012,train,-1.047251,0.555000
3013,train,-0.091133,1.500000
3014,train,-0.857306,1.028000
3015,train,-1.164124,0.933000
3016,train,0.424281,1.231000
3017,train,-0.468487,2.318000
3018,train,-0.233949,1.595000
3019,train,-0.922823,1.083000
3020,train,-1.306411,0.431000
3021,train,-0.379987,1.056000
3022,train,-0.360755,1.683000
3023,train,-0.597090,0.283000
3024,train,1.172437,2.829000
3025,train,0.334037,2.343000
3026,train,-0.656636,2.125000
3027,train,-0.893552,2.056000
3028,train,0.387401,1.500000
3029,train,-0.008181,1.930000
3030,train,0.171936,0.149990
3031,train,-0.621394,1.700000
3032,train,0.313695,1.683000
3033,train,-0.341417,0.935000
3034,train,-0.177784,1.918000
3035,train,0.474052,1.815000
3036,train,0.613116,1.954000
3037,train,-0.296454,1.219000
3038,train,0.060083,1.426000
3039,train,-0.884147,1.583000
3040,train,-0.912573,1.653000
3041,train,-0.885257,1.550000
3042,train,-0.565177,0.921000
3043,train,-1.162962,0.681000
3044,train,0.411336,2.763000
3045,train,2.291553,3.352000
3046,train,-1.030397,1.211000
3047,train,-0.339621,1.771000
3048,train,-1.339117,1.875000
3049,train,0.435640,1.920000
3050,train,0.881522,3.012000
3051,train,0.163853,1.591000
3052,train,4.635775,5.000010
3053,train,0.069858,2.737000
3054,train,0.821078,2.339000
3055,train,-0.676449,5.000010
3056,train,0.540995,2.228000
3057,train,-0.142014,1.402000
3058,train,-0.613892,1.598000
3059,train,-0.920815,1.188000
3060,train,0.069858,5.000010
3061,train,-0.205734,1.055000
3062,train,-0.528931,2.178000
3063,train,-1.455937,1.875000
3064,train,1.852117,2.873000
3065,train,0.087135,1.310000
3066,train,-1.504229,0.558000
3067,train,0.417887,1.619000
3068,train,-1.181983,2.536000
3069,train,-0.358272,1.550000
3070,train,1.402061,3.115000
3071,train,-1.044240,0.878000
3072,train,-0.574053,1.058000
3073,train,-0.385693,1.370000
3074,train,-0.692987,1.563000
3075,train,-0.353939,1.547000
3076,train,0.069858,1.674000
3077,train,0.130513,4.578000
3078,train,0.720743,5.000010
3079,train,2.028061,1.883000
3080,train,-0.330321,4.429000
3081,train,3.718280,5.000010
3082,train,1.461713,5.000010
3083,train,-0.895243,1.875000
3084,train,-1.083920,0.574000
3085,train,0.121214,3.875000
3086,train,1.411572,2.720000
3087,train,-0.643427,1.676000
3088,train,1.249101,4.037000
3089,train,-1.129940,1.917000
3090,train,0.085391,5.000010
3091,train,0.338158,1.871000
3092,train,-0.303322,0.964000
3093,train,-0.637087,0.924000
3094,train,-0.412534,2.139000
3095,train,1.201919,1.550000
3096,train,-0.374122,1.330000
3097,train,-1.408913,2.750000
3098,train,-0.021284,2.385000
3099,train,-0.367676,1.583000
3100,train,-1.003345,0.705000
3101,train,0.140605,2.223000
3102,train,1.386158,4.119000
3103,train,-0.633071,1.851000
3104,train,0.393900,5.000010
3105,train,-0.919177,1.398000
3106,train,-0.478843,1.781000
3107,train,-0.508695,1.593000
3108,train,-0.878335,1.250000
3109,train,0.877031,1.971000
3110,train,-1.268845,0.640000
3111,train,-0.283932,1.946000
3112,train,-0.417236,1.625000
3113,train,-1.128407,0.844000
3114,train,-0.961816,0.613000
3115,train,0.604557,3.682000
3116,train,0.019769,1.221000
3117,train,-1.275925,0.861000
3118,train,-0.197809,2.099000
3119,train,-0.134882,1.708000
3120,train,-0.309874,1.750000
3121,train,-1.114723,1.266000
3122,train,0.012055,2.822000
3123,train,0.297052,2.077000
3124,train,-0.803837,1.042000
3125,train,0.073503,2.143000
3126,train,-0.545205,0.803000
3127,train,0.395696,2.731000
3128,train,0.197826,2.375000
3129,train,-1.118950,0.738000
3130,train,-0.524546,1.844000
3131,train,-0.028364,3.420000
3132,train,-0.757288,1.297000
3133,train,1.085046,2.240000
3134,train,0.089407,1.569000
3135,train,0.874072,3.949000
3136,train,0.695540,1.577000
3137,train,-0.030795,1.199000
3138,train,0.426500,3.169000
3139,train,0.410755,2.125000
3140,train,-1.178707,0.683000
3141,train,0.104624,1.651000
3142,train,-1.251039,0.936000
3143,train,-0.505684,0.888000
3144,train,0.037892,1.847000
3145,train,1.016254,3.271000
3146,train,-0.671324,1.343000
3147,train,-0.011721,5.000010
3148,train,0.884957,1.621000
3149,train,3.850634,5.000010
3150,train,-0.629848,2.292000
3151,train,-0.722681,1.125000
3152,train,0.598216,3.542000
3153,train,0.543584,3.621000
3154,train,-0.834112,1.625000
3155,train,-1.122912,1.005000
3156,train,-0.953838,0.677000
3157,train,-1.211413,0.571000
3158,train,0.966641,1.648000
3159,train,-0.363080,2.042000
3160,train,0.378049,3.424000
3161,train,-0.902798,1.815000
3162,train,-0.492739,3.045000
3163,train,0.804910,2.353000
3164,train,1.161077,1.053000
3165,train,-0.014204,2.914000
3166,train,-0.072165,1.596000
3167,train,-1.148326,1.118000
3168,train,-0.386169,1.196000
3169,train,0.260648,3.297000
3170,train,-0.236326,1.367000
3171,train,-0.986860,1.014000
3172,train,-0.899152,1.186000
3173,train,-1.418265,1.333000
3174,train,-0.986860,0.525000
3175,train,0.941015,2.346000
3176,train,-1.118950,0.750000
3177,train,0.140024,1.763000
3178,train,0.549766,3.468000
3179,train,1.087635,2.518000
3180,train,-0.879656,0.542000
3181,train,0.254783,0.675000
3182,train,0.343812,1.425000
3183,train,-0.545786,1.016000
3184,train,1.087741,2.273000
3185,train,-0.200504,3.372000
3186,train,-0.419297,1.188000
3187,train,-0.783389,0.675000
3188,train,0.286854,2.020000
3189,train,-1.299173,0.942000
3190,train,-0.722681,0.962000
3191,train,-0.110788,2.250000
3192,train,-0.026991,2.587000
3193,train,-0.689658,1.031000
3194,train,-1.142515,1.172000
3195,train,-0.403446,1.648000
3196,train,-0.184177,1.440000
3197,train,1.876052,5.000010
3198,train,-0.118555,1.554000
3199,train,-0.452055,1.147000
3200,train,-0.062232,1.231000
3201,train,0.092630,2.268000
3202,train,0.017022,1.804000
3203,train,1.349701,3.109000
3204,train,-0.288687,1.488000
3205,train,-0.232417,0.847000
3206,train,-0.977667,0.637000
3207,train,0.197033,2.620000
3208,train,1.752416,4.381000
3209,train,0.071918,2.265000
3210,train,-0.875112,0.876000
3211,train,0.903132,3.455000
3212,train,-0.435201,1.401000
3213,train,-0.371745,3.667000
3214,train,0.218485,2.708000
3215,train,0.558008,1.688000
3216,train,0.439709,2.938000
3217,train,1.282811,2.518000
3218,train,-0.848377,0.851000
3219,train,1.003150,2.675000
3220,train,-0.188827,1.409000
3221,train,-0.401280,2.855000
3222,train,-0.469491,1.513000
3223,train,-1.088939,2.250000
3224,train,-1.139609,0.446000
3225,train,-1.129200,4.500000
3226,train,2.018920,2.293000
3227,train,-1.303505,2.250000
3228,train,-0.689658,1.380000
3229,train,-0.601158,0.969000
3230,train,-0.699380,1.612000
3231,train,-0.148936,1.443000
3232,train,-1.244065,4.500000
3233,train,-0.967047,1.225000
3234,train,0.884745,2.487000
3235,train,-0.137101,1.342000
3236,train,2.145409,3.481000
3237,train,-0.298092,0.783000
3238,train,-0.888797,1.078000
3239,train,-0.535536,1.469000
3240,train,-0.598833,1.883000
3241,train,-1.218017,1.625000
3242,train,-1.273072,0.586000
3243,train,-0.813717,1.837000
3244,train,-0.612624,1.804000
3245,train,-0.567977,1.750000
3246,train,0.760634,1.372000
3247,train,1.149083,1.100000
3248,train,0.948571,2.334000
3249,train,-0.474986,1.283000
3250,train,-1.685615,3.500000
3251,train,-0.645329,1.552000
3252,train,0.971660,2.567000
3253,train,-1.044398,0.859000
3254,train,-1.291195,0.732000
3255,train,-0.692670,2.583000
3256,train,-1.100087,0.628000
3257,train,0.547705,4.850000
3258,train,-0.886208,1.240000
3259,train,0.507656,1.585000
3260,train,-1.196777,0.973000
3261,train,0.577557,1.867000
3262,train,1.371258,3.441000
3263,train,0.097385,1.667000
3264,train,-0.799346,1.089000
3265,train,0.332980,4.829000
3266,train,1.383622,2.044000
3267,train,0.061615,2.307000
3268,train,-1.273072,0.530000
3269,train,-0.442333,1.785000
3270,train,1.634592,5.000010
3271,train,4.431301,5.000010
3272,train,-0.762308,0.849000
3273,train,0.440184,5.000010
3274,train,1.156691,2.468000
3275,train,-0.852498,1.563000
3276,train,-0.678668,2.346000
3277,train,-1.317084,0.488000
3278,train,-0.341945,1.458000
3279,train,0.437437,2.715000
3280,train,-0.031165,5.000010
3281,train,0.069858,0.875000
3282,train,-1.355179,0.691000
3283,train,-0.141486,1.393000
3284,train,-0.343478,2.734000
3285,train,0.662729,2.297000
3286,train,-0.854770,0.682000
3287,train,-0.420459,1.143000
3288,train,1.328091,1.599000
3289,train,-0.078717,1.166000
3290,train,0.362198,2.099000
3291,train,-1.199683,0.689000
3292,train,-0.161299,1.014000
3293,train,0.234970,2.140000
3294,train,1.797961,3.553000
3295,train,-0.395627,0.903000
3296,train,-0.121197,1.593000
3297,train,-0.882298,0.639000
3298,train,-0.363661,2.182000
3299,train,1.092020,2.536000
3300,train,-1.570591,0.813000
3301,train,0.482664,1.886000
3302,train,0.617977,1.654000
3303,train,-0.506212,1.063000
3304,train,0.218485,2.101000
3305,train,-0.273576,1.476000
3306,train,-0.417659,1.125000
3307,train,-0.213184,1.750000
3308,train,-0.117287,1.566000
3309,train,-0.436469,1.173000
3310,train,-0.958857,2.292000
3311,train,-0.608714,3.500000
3312,train,-1.556536,1.719000
3313,train,-0.566762,1.993000
3314,train,1.449508,2.516000
3315,train,-0.524546,3.000000
3316,train,-1.282054,1.589000
3317,train,0.688090,2.168000
3318,train,0.660457,1.980000
3319,train,0.625638,3.561000
3320,train,0.153919,1.923000
3321,train,-0.227344,3.145000
3322,train,-1.106956,0.500000
3323,train,-0.221691,1.625000
3324,train,-0.392456,1.671000
3325,train,-0.068837,1.388000
3326,train,-0.351192,1.476000
3327,train,0.274597,2.385000
3328,train,-0.384690,1.107000
3329,train,1.681563,3.338000
3330,train,-0.462411,1.921000
3331,train,0.462798,2.940000
3332,train,-0.819106,1.545000
3333,train,-0.220000,1.519000
3334,train,3.181468,5.000010
3335,train,0.734163,3.229000
3336,train,-0.467378,1.656000
3337,train,-0.122782,2.212000
3338,train,-0.128277,1.704000
3339,train,1.169055,1.987000
3340,train,-0.999224,1.625000
3341,train,1.494260,4.112000
3342,train,1.203874,3.355000
3343,train,-0.221268,1.491000
3344,train,0.117040,3.815000
3345,train,-1.416152,1.839000
3346,train,0.342279,0.912000
3347,train,1.947856,4.115000
3348,train,0.523929,2.203000
3349,train,-0.175988,1.581000
3350,train,-0.877648,0.696000
3351,train,1.454527,2.705000
3352,train,0.274966,2.616000
3353,train,0.691894,3.895000
3354,train,-0.854770,0.750000
3355,train,0.382276,1.776000
3356,train,-0.434725,1.704000
3357,train,-0.275055,1.542000
3358,train,-0.720937,1.319000
3359,train,-1.255108,0.444000
3360,train,-0.667626,1.450000
3361,train,0.862396,2.241000
3362,train,0.488159,1.875000
3363,train,-0.673860,1.929000
3364,train,-1.265886,0.886000
3365,train,-0.040200,1.839000
3366,train,1.192778,2.250000
3367,train,0.053373,1.828000
3368,train,0.274015,1.376000
3369,train,0.091890,2.653000
3370,train,-1.552838,0.366000
3371,train,0.377098,1.255000
3372,train,-0.087646,1.386000
3373,train,-0.244622,4.871000
3374,train,-0.576431,1.786000
3375,train,0.615018,1.345000
3376,train,1.997627,3.067000
3377,train,0.017022,1.158000
3378,train,-1.234502,0.914000
3379,train,0.612905,2.109000
3380,train,1.292057,2.592000
3381,train,2.542735,3.473000
3382,train,0.372290,1.684000
3383,train,-0.120035,1.509000
3384,train,-0.063395,1.135000
3385,train,1.055352,3.026000
3386,train,0.264980,4.233000
3387,train,1.821420,4.922000
3388,train,-0.461513,1.906000
3389,train,-0.366461,2.450000
3390,train,-0.920023,0.557000
3391,train,0.171144,0.840000
3392,train,1.349437,2.750000
3393,train,0.606617,1.896000
3394,train,-0.799451,2.759000
3395,train,2.015909,3.198000
3396,train,0.300063,2.917000
3397,train,-1.058928,0.679000
3398,train,0.353850,1.890000
3399,train,-0.729285,0.900000
3400,train,-0.105188,3.350000
3401,train,-0.872365,1.767000
3402,train,0.216213,0.985000
3403,train,-0.146770,2.006000
3404,train,-0.967998,0.602000
3405,train,0.524405,1.919000
3406,train,0.045500,1.911000
3407,train,1.585190,3.373000
3408,train,-0.309610,2.250000
3409,train,-0.702286,2.906000
3410,train,-0.477522,1.215000
3411,train,0.550188,2.932000
3412,train,-0.663980,1.070000
3413,train,0.045394,2.664000
3414,train,-0.528456,0.769000
3415,train,0.193124,2.203000
3416,train,-0.939678,1.011000
3417,train,0.464806,4.746000
3418,train,-1.019882,0.653000
3419,train,-0.910935,1.137000
3420,train,-0.334073,2.142000
3421,train,0.822029,2.167000
3422,train,0.188738,1.984000
3423,train,-0.716657,2.122000
3424,train,-0.300998,2.227000
3425,train,0.412075,2.659000
3426,train,-1.094170,0.375000
3427,train,-0.301896,2.650000
3428,train,-0.369156,1.087000
3429,train,-1.211782,0.467000
3430,train,0.404626,1.875000
3431,train,-1.236193,0.616000
3432,train,1.002622,3.430000
3433,train,-0.084265,1.660000
3434,train,-0.074015,5.000010
3435,train,0.003813,1.375000
3436,train,-1.515219,0.906000
3437,train,-0.444341,0.770000
3438,train,-0.099693,1.481000
3439,train,-0.172976,0.916000
3440,train,-0.127062,1.509000
3441,train,-0.450734,1.551000
3442,train,-0.710106,0.892000
3443,train,-0.871995,2.154000
3444,train,-0.968367,0.551000
3445,train,-0.256087,1.974000
3446,train,-0.788725,1.544000
3447,train,-0.778370,1.417000
3448,train,-0.683476,0.984000
3449,train,0.284530,1.526000
3450,train,-0.944116,1.096000
3451,train,-0.642370,1.713000
3452,train,-0.422467,1.041000
3453,train,0.025845,1.539000
3454,train,-0.378983,2.700000
3455,train,1.289996,2.865000
3456,train,0.546860,3.350000
3457,train,-0.781751,1.377000
3458,train,-0.045695,2.320000
3459,train,0.185040,3.938000
3460,train,-1.320836,0.703000
3461,train,-0.909297,1.417000
3462,train,-0.508484,1.563000
3463,train,-0.597935,4.500000
3464,train,-0.082891,1.998000
3465,train,-0.560580,0.953000
3466,train,-0.410368,0.869000
3467,train,-0.696897,1.875000
3468,train,0.400082,2.218000
3469,train,-1.136280,0.588000
3470,train,-1.673357,1.344000
3471,train,0.843322,2.386000
3472,train,-0.196699,1.609000
3473,train,0.708168,1.364000
3474,train,-0.407409,1.440000
3475,train,0.236396,1.593000
3476,train,-0.547741,1.553000
3477,train,0.118836,1.426000
3478,train,-0.346331,1.207000
3479,train,-0.342157,1.262000
3480,train,0.400082,2.134000
3481,train,0.240782,1.169000
3482,train,-0.086008,1.858000
3483,train,2.139333,3.560000
3484,train,-0.615371,1.500000
3485,train,-0.612624,0.889000
3486,train,-0.902323,2.591000
3487,train,2.170982,5.000010
3488,train,-0.276852,1.276000
3489,train,-0.911358,0.699000
3490,train,0.001329,1.370000
3491,train,0.047825,2.737000
3492,train,-0.615529,0.920000
3493,train,-0.559154,1.183000
3494,train,3.378123,4.108000
3495,train,-0.245150,1.005000
3496,train,-0.273576,4.929000
3497,train,0.003813,1.185000
3498,train,-0.173029,1.135000
3499,train,-0.142965,0.899000
3500,train,1.948279,5.000010
3501,train,2.901121,5.000010
3502,train,0.385393,1.463000
3503,train,-0.788725,1.135000
3504,train,0.050995,2.750000
3505,train,-0.937300,1.025000
3506,train,0.271585,1.471000
3507,train,-0.002475,2.250000
3508,train,0.285692,1.394000
3509,train,-0.342474,1.758000
3510,train,-0.543409,0.570000
3511,train,-0.263537,2.696000
3512,train,1.236104,2.729000
3513,train,-0.374122,0.762000
3514,train,3.320902,4.841000
3515,train,-0.669845,1.806000
3516,train,0.215632,2.380000
3517,train,-1.076734,1.375000
3518,train,0.275759,1.863000
3519,train,0.556951,1.929000
3520,train,-1.217594,0.845000
3521,train,-0.205312,1.076000
3522,train,-1.631458,0.555000
3523,train,-0.280444,2.653000
3524,train,1.079710,3.883000
3525,train,1.317418,4.827000
3526,train,0.904506,1.981000
3527,train,-0.842777,0.927000
3528,train,0.913065,3.462000
3529,train,-1.017663,0.388000
3530,train,-1.373671,0.567000
3531,train,0.336837,1.237000
3532,train,-0.879550,0.938000
3533,train,-1.179817,0.932000
3534,train,-1.406958,0.440000
3535,train,-0.058111,0.692000
3536,train,0.955175,3.018000
3537,train,-0.605068,2.542000
3538,train,0.653483,2.098000
3539,train,0.365421,1.845000
3540,train,-0.839554,0.734000
3541,train,1.245297,3.390000
3542,train,0.071284,0.931000
3543,train,0.884851,2.023000
3544,train,-0.414489,1.333000
3545,train,1.120129,2.707000
3546,train,1.082985,2.402000
3547,train,-0.796492,1.393000
3548,train,-0.982950,0.570000
3549,train,-0.194322,1.707000
3550,train,-0.937300,1.192000
3551,train,-0.110683,1.773000
3552,train,0.459522,2.896000
3553,train,1.042883,2.976000
3554,train,-0.375655,1.099000
3555,train,-0.242984,1.475000
3556,train,-0.768067,0.787000
3557,train,0.106156,1.603000
3558,train,-0.706143,0.777000
3559,train,2.173412,4.735000
3560,train,3.664494,5.000010
3561,train,-0.122465,1.331000
3562,train,-0.590591,0.935000
3563,train,0.475901,2.801000
3564,train,0.219964,2.567000
3565,train,1.104490,2.880000
3566,train,-0.380991,1.611000
3567,train,0.507391,1.370000
3568,train,-1.263350,0.620000
3569,train,1.727953,4.438000
3570,train,-1.380593,0.683000
3571,train,1.111570,2.621000
3572,train,-1.135435,1.094000
3573,train,1.140048,4.093000
3574,train,-0.091609,1.752000
3575,train,-0.627048,1.477000
3576,train,-0.774671,2.875000
3577,train,-0.817785,0.932000
3578,train,0.033189,0.938000
3579,train,-0.458501,1.724000
3580,train,0.363414,3.186000
3581,train,-0.511337,1.852000
3582,train,-1.268951,0.652000
3583,train,-0.210278,1.797000
3584,train,-0.727225,1.592000
3585,train,-0.859156,1.519000
3586,train,-0.404133,0.717000
3587,train,0.071812,2.452000
3588,train,0.401508,2.283000
3589,train,-0.920815,1.964000
3590,train,-0.071954,1.924000
3591,train,-1.269743,0.659000
3592,train,-0.484338,2.823000
3593,train,-0.279916,1.853000
3594,train,-1.008893,0.886000
3595,train,-1.100933,0.675000
3596,train,-0.909086,1.434000
3597,train,-0.803625,1.194000
3598,train,0.710123,2.158000
3599,train,1.253540,2.574000
3600,train,0.532171,3.734000
3601,train,-0.854770,1.523000
3602,train,0.758415,2.457000
3603,train,-0.666358,0.800000
3604,train,-0.879920,1.372000
3605,train,1.192937,2.669000
3606,train,1.012978,3.953000
3607,train,0.811568,2.221000
3608,train,-0.324034,5.000010
3609,train,1.028406,5.000010
3610,train,0.267992,2.329000
3611,train,0.382276,2.597000
3612,train,-0.504310,2.157000
3613,train,0.913541,2.432000
3614,train,0.191644,2.214000
3615,train,-0.583247,1.125000
3616,train,-0.389181,3.885000
3617,train,0.003813,4.100000
3618,train,0.400082,1.630000
3619,train,0.249658,5.000000
3620,train,-0.740698,2.313000
3621,train,-0.413802,0.761000
3622,train,0.059185,4.586000
3623,train,1.916313,3.663000
3624,train,0.069858,2.968000
3625,train,-1.148326,0.586000
3626,train,-1.013278,0.848000
3627,train,-0.371798,1.173000
3628,train,-0.284407,1.266000
3629,train,-0.076128,1.708000
3630,train,-0.363344,1.493000
3631,train,-0.458501,1.190000
3632,train,-0.390343,3.750000
3633,train,1.472069,2.849000
3634,train,0.297369,1.701000
3635,train,0.590872,5.000010
3636,train,-0.680676,0.987000
3637,train,-0.890699,0.608000
3638,train,-1.103046,1.428000
3639,train,-0.329740,2.239000
3640,train,-1.267947,1.375000
3641,train,0.494447,2.978000
3642,train,-0.216354,1.127000
3643,train,-1.137812,1.133000
3644,train,0.197403,1.214000
3645,train,1.151461,2.484000
3646,train,1.329201,4.078000
3647,train,1.365235,3.566000
3648,train,-0.697689,1.063000
3649,train,-0.071056,1.214000
3650,train,-0.382999,2.409000
3651,train,-0.340572,2.471000
3652,train,-0.357690,1.379000
3653,train,-0.989872,0.863000
3654,train,1.424094,5.000010
3655,train,0.513309,2.163000
3656,train,0.997656,3.056000
3657,train,-0.108199,1.583000
3658,train,-0.024719,4.521000
3659,train,-1.173318,0.950000
3660,train,-0.962661,1.057000
3661,train,-0.498445,0.846000
3662,train,0.231958,2.401000
3663,train,-0.237436,1.625000
3664,train,-0.450048,0.966000
3665,train,-0.892759,0.922000
3666,train,0.271268,2.282000
3667,train,-0.057530,1.137000
3668,train,-1.145368,0.690000
3669,train,1.434555,5.000010
3670,train,-0.841773,2.250000
3671,train,0.003813,1.740000
3672,train,1.238217,5.000010
3673,train,0.734427,2.530000
3674,train,2.095374,2.776000
3675,train,1.115480,2.852000
3676,train,-0.803255,0.903000
3677,train,-0.564913,1.899000
3678,train,0.821184,3.166000
3679,train,1.479413,3.019000
3680,train,-0.447723,0.931000
3681,train,-1.270853,0.942000
3682,train,0.358394,2.138000
3683,train,0.036835,1.875000
3684,train,0.606459,5.000010
3685,train,0.415774,3.257000
3686,train,-0.370424,3.000000
3687,train,-0.392456,1.439000
3688,train,2.223184,5.000010
3689,train,1.451146,2.641000
3690,train,-0.331907,0.623000
3691,train,-0.739165,1.388000
3692,train,-0.429442,1.054000
3693,train,-1.123652,0.635000
3694,train,0.195924,5.000010
3695,train,-0.810230,0.978000
3696,train,0.208816,1.274000
3697,train,-0.524546,1.353000
3698,train,-0.803889,1.561000
3699,train,1.868708,4.468000
3700,train,-0.802146,0.650000
3701,train,-0.651141,1.518000
3702,train,-0.392456,1.922000
3703,train,-0.592493,1.531000
3704,train,-0.065402,1.658000
3705,train,-0.316637,2.542000
3706,train,0.351631,2.342000
3707,train,-1.387832,1.125000
3708,train,-0.467959,1.187000
3709,train,-0.561954,2.409000
3710,train,1.042830,2.833000
3711,train,-1.109492,4.500000
3712,train,-1.139820,0.521000
3713,train,-1.149119,0.559000
3714,train,-0.785133,0.881000
3715,train,0.398021,2.489000
3716,train,-0.128277,0.686000
3717,train,-0.658379,1.563000
3718,train,0.179228,2.727000
3719,train,0.460103,3.404000
3720,train,-0.539234,2.188000
3721,train,-0.720937,0.701000
3722,train,0.766076,5.000010
3723,train,0.400082,1.625000
3724,train,-0.253974,1.118000
3725,train,-0.714861,1.102000
3726,train,-1.108805,0.742000
3727,train,-0.854770,1.032000
3728,train,-0.194322,1.721000
3729,train,-0.073539,1.320000
3730,train,0.069858,1.663000
3731,train,0.100344,1.073000
3732,train,-1.002341,1.079000
3733,train,-1.328655,0.946000
3734,train,-0.741015,0.661000
3735,train,-0.081095,1.582000
3736,train,-1.036367,0.958000
3737,train,-0.345010,1.170000
3738,train,0.034405,1.709000
3739,train,-0.474986,0.929000
3740,train,-0.640098,1.625000
3741,train,-0.601581,1.938000
3742,train,-1.419797,1.346000
3743,train,-1.447589,1.231000
3744,train,-0.235111,1.157000
3745,train,-0.678668,0.835000
3746,train,-1.123282,0.622000
3747,train,-0.623613,0.744000
3748,train,-0.280180,1.801000
3749,train,0.751810,1.958000
3750,train,3.360951,5.000010
3751,train,-0.304379,1.443000
3752,train,-0.701493,1.254000
3753,train,-0.392456,0.808000
3754,train,-0.642264,0.659000
3755,train,-0.004852,1.579000
3756,train,-0.388547,5.000010
3757,train,-0.453429,1.808000
3758,train,0.602020,2.362000
3759,train,-0.808169,1.030000
3760,train,-0.297510,2.169000
3761,train,-0.662659,3.833000
3762,train,-0.792741,5.000010
3763,train,-0.557569,0.835000
3764,train,-0.005169,2.144000
3765,train,-0.402390,1.000000
3766,train,-0.816042,0.788000
3767,train,-0.299994,0.976000
3768,train,-0.249377,1.784000
3769,train,1.134236,2.871000
3770,train,1.732708,2.701000
3771,train,0.723649,1.855000
3772,train,0.196452,0.906000
3773,train,-1.265305,2.136000
3774,train,-0.461143,1.243000
3775,train,-1.061887,2.050000
3776,train,-0.154114,2.567000
3777,train,1.896394,3.927000
3778,train,-0.910407,1.333000
3779,train,0.302177,1.871000
3780,train,1.144275,2.554000
3781,train,0.459839,3.474000
3782,train,0.173416,1.717000
3783,train,-1.105741,1.125000
3784,train,-0.451157,0.826000
3785,train,-1.125554,0.486000
3786,train,0.536874,1.341000
3787,train,-0.142965,2.258000
3788,train,2.242680,5.000010
3789,train,0.643549,4.700000
3790,train,0.297369,2.258000
3791,train,-0.934870,1.580000
3792,train,-0.512764,1.171000
3793,train,2.109375,4.163000
3794,train,-0.458501,1.208000
3795,train,0.515687,2.263000
3796,train,-0.020228,1.222000
3797,train,-0.965144,1.000000
3798,train,-0.561109,2.295000
3799,train,-0.907078,1.958000
3800,train,-1.184995,0.850000
3801,train,-0.600260,2.647000
3802,train,2.221704,4.555000
3803,train,-0.498128,1.760000
3804,train,-0.779268,0.811000
3805,train,0.177748,1.664000
3806,train,-0.272043,0.826000
3807,train,-0.584568,2.722000
3808,train,-0.166425,2.711000
3809,train,-0.011298,2.394000
3810,train,0.263607,1.718000
3811,train,-0.790786,1.218000
3812,train,-0.473507,1.736000
3813,train,0.245959,2.393000
3814,train,-0.724741,0.588000
3815,train,-0.172289,2.875000
3816,train,-0.765161,0.707000
3817,train,-0.451897,1.817000
3818,train,-0.439797,1.137000
3819,train,0.493231,2.241000
3820,train,2.184878,3.513000
3821,train,0.705949,3.013000
3822,train,0.094638,0.807000
3823,train,0.609999,1.526000
3824,train,0.972770,2.374000
3825,train,0.642017,1.794000
3826,train,2.697280,5.000010
3827,train,0.454661,1.702000
3828,train,-0.260367,1.653000
3829,train,0.013640,2.259000
3830,train,-0.889748,1.597000
3831,train,0.912114,3.635000
3832,train,-0.364136,1.321000
3833,train,-0.234688,3.768000
3834,train,-1.048520,0.969000
3835,train,0.240623,3.162000
3836,train,0.022147,3.238000
3837,train,0.397281,3.875000
3838,train,-0.634603,1.491000
3839,train,5.325442,5.000010
3840,train,-1.177650,2.250000
3841,train,-0.214822,1.788000
3842,train,-1.193026,0.875000
3843,train,0.150591,1.301000
3844,train,1.795002,5.000010
3845,train,1.431121,3.490000
3846,train,-0.688654,0.730000
3847,train,0.123327,2.447000
3848,train,0.168925,2.754000
3849,train,0.098759,2.462000
3850,train,0.081534,2.362000
3851,train,0.627329,2.322000
3852,train,-0.644642,0.533000
3853,train,-1.043447,1.631000
3854,train,-1.207555,0.724000
3855,train,0.091890,2.345000
3856,train,0.061615,1.500000
3857,train,-1.241582,1.161000
3858,train,-0.852763,1.813000
3859,train,-0.808063,1.210000
3860,train,-0.842407,0.887000
3861,train,0.480498,1.825000
3862,train,0.356069,1.974000
3863,train,-0.651141,1.281000
3864,train,-0.567872,0.765000
3865,train,1.435718,3.000000
3866,train,3.299292,5.000010
3867,train,-0.203780,1.603000
3868,train,1.693768,3.356000
3869,train,-0.849540,1.576000
3870,train,0.057494,1.906000
3871,train,-0.161299,1.808000
3872,train,-1.665273,1.042000
3873,train,-0.392456,1.118000
3874,train,0.054112,1.941000
3875,train,0.477116,2.538000
3876,train,0.940857,1.295000
3877,train,-0.527188,1.176000
3878,train,1.025976,3.398000
3879,train,0.003813,3.429000
3880,train,-0.346384,1.955000
3881,train,-1.154720,0.838000
3882,train,-0.541031,0.942000
3883,train,-0.516304,1.406000
3884,train,-0.125847,1.609000
3885,train,-0.572098,1.693000
3886,train,0.955070,2.759000
3887,train,-1.108330,1.462000
3888,train,-1.129464,2.023000
3889,train,-0.477364,1.540000
3890,train,0.292032,1.355000
3891,train,-0.014680,2.359000
3892,train,-0.447987,1.288000
3893,train,0.053373,2.496000
3894,train,-0.004113,3.000000
3895,train,0.646667,1.341000
3896,train,0.312004,3.086000
3897,train,0.337947,3.500000
3898,train,-0.394887,1.108000
3899,train,-0.777736,1.908000
3900,train,-1.008893,1.088000
3901,train,0.162320,1.444000
3902,train,-0.668101,1.629000
3903,train,0.586751,1.639000
3904,train,-0.957959,0.980000
3905,train,-0.836436,1.327000
3906,train,0.606776,2.831000
3907,train,0.639111,4.072000
3908,train,1.194205,2.482000
3909,train,-0.612624,0.645000
3910,train,0.572802,5.000010
3911,train,0.518328,1.944000
3912,train,-1.038745,1.375000
3913,train,-0.653994,1.273000
3914,train,-0.575163,0.853000
3915,train,-0.522750,1.949000
3916,train,-0.659013,2.211000
3917,train,0.346400,1.922000
3918,train,-0.146294,4.045000
3919,train,-1.047674,0.735000
3920,train,-0.128277,2.337000
3921,train,-0.786189,1.188000
3922,train,-1.083972,0.700000
3923,train,0.315809,1.828000
3924,train,3.705230,5.000010
3925,train,-0.376711,1.577000
3926,train,1.221944,2.479000
3927,train,2.510664,5.000010
3928,train,0.598216,3.579000
3929,train,-1.205601,0.569000
3930,train,1.854072,3.024000
3931,train,0.177484,1.254000
3932,train,0.400082,3.864000
3933,train,0.180813,1.756000
3934,train,-0.245678,1.105000
3935,train,2.030703,3.867000
3936,train,0.308623,1.375000
3937,train,0.933407,2.287000
3938,train,-0.792688,1.494000
3939,train,-0.623613,0.737000
3940,train,-0.103021,5.000010
3941,train,-0.480534,1.321000
3942,train,-0.408096,0.865000
3943,train,0.257002,4.179000
3944,train,-0.364665,1.726000
3945,train,-0.906919,0.997000
3946,train,-0.585255,0.725000
3947,train,0.674300,1.808000
3948,train,0.350575,3.084000
3949,train,0.602496,2.883000
3950,train,-0.236802,3.022000
3951,train,1.641038,2.888000
3952,train,-0.874214,1.000000
3953,train,-0.795330,2.330000
3954,train,0.150062,1.369000
3955,train,-0.400065,2.094000
3956,train,0.605877,2.466000
3957,train,-1.276876,0.652000
3958,train,0.277978,4.912000
3959,train,1.574306,3.567000
3960,train,-0.386961,1.643000
3961,train,-0.710317,0.882000
3962,train,-0.167323,1.559000
3963,train,0.409962,1.917000
3964,train,-0.184864,0.844000
3965,train,0.439709,1.901000
3966,train,-0.719405,1.125000
3967,train,-0.255981,1.152000
3968,train,0.616497,1.746000
3969,train,-0.641947,1.135000
3970,train,-0.099112,1.524000
3971,train,1.236579,2.503000
3972,train,-0.216354,1.837000
3973,train,0.066370,5.000010
3974,train,0.850825,3.109000
3975,train,-0.328261,2.306000
3976,train,-1.302396,0.685000
3977,train,-0.194322,2.674000
3978,train,-0.348444,1.453000
3979,train,0.882526,2.820000
3980,train,-0.290378,2.821000
3981,train,0.251507,1.898000
3982,train,0.873914,2.544000
3983,train,-0.502514,1.617000
3984,train,-0.890329,1.888000
3985,train,0.652267,5.000010
3986,train,-0.953838,0.944000
3987,train,0.576184,3.428000
3988,train,0.301014,1.915000
3989,train,-1.301973,2.096000
3990,train,0.170351,2.350000
3991,train,0.966747,2.314000
3992,train,-0.120933,1.302000
3993,train,-0.023186,2.082000
3994,train,2.855365,5.000010
3995,train,-0.550964,1.686000
3996,train,-0.463838,2.281000
3997,train,0.620777,1.269000
3998,train,0.460632,1.355000
3999,train,0.642546,1.567000
4000,train,0.877824,2.086000
4001,train,0.678210,4.367000
4002,train,-1.264777,0.710000
4003,train,-0.875852,0.888000
4004,train,1.794104,3.416000
4005,train,-0.920815,1.202000
4006,train,-0.931699,1.482000
4007,train,1.510005,5.000010
4008,train,-1.274604,3.750000
4009,train,-1.126981,1.375000
4010,train,-0.920815,0.648000
4011,train,0.865619,2.318000
4012,train,-0.728704,1.607000
4013,train,0.179915,2.510000
4014,train,0.281201,1.425000
4015,train,0.673772,1.765000
4016,train,-0.382101,1.771000
4017,train,1.179939,3.118000
4018,train,-0.214135,0.846000
4019,train,-0.458501,1.226000
4020,train,0.482664,1.982000
4021,train,0.659242,5.000000
4022,train,1.398310,2.798000
4023,train,0.538089,1.950000
4024,train,0.280197,2.028000
4025,train,0.055169,3.541000
4026,train,1.202447,2.595000
4027,train,0.400082,5.000010
4028,train,1.156744,2.724000
4029,train,-0.181958,1.839000
4030,train,0.039054,2.858000
4031,train,-0.590591,2.250000
4032,train,0.241574,2.926000
4033,train,-1.172525,0.552000
4034,train,-0.142014,2.620000
4035,train,0.667167,1.589000
4036,train,0.201947,1.721000
4037,train,0.211405,1.917000
4038,train,-0.568558,2.250000
4039,train,0.117885,1.083000
4040,train,-0.982158,1.136000
4041,train,-0.699961,1.000000
4042,train,-0.766693,1.917000
4043,train,-0.557569,1.172000
4044,train,-1.001760,1.106000
4045,train,-0.113906,0.802000
4046,train,-0.748095,0.981000
4047,train,0.086395,2.538000
4048,train,-1.281050,0.481000
4049,train,0.314857,1.928000
4050,train,-0.900315,1.328000
4051,train,-0.574740,1.963000
4052,train,0.152440,3.208000
4053,train,-0.341100,3.194000
4054,train,0.339109,2.037000
4055,train,0.212937,2.071000
4056,train,-0.834957,0.799000
4057,train,0.160577,5.000010
4058,train,-0.148355,3.300000
4059,train,-0.600735,1.390000
4060,train,0.013270,1.875000
4061,train,1.306534,4.483000
4062,train,-0.121884,1.763000
4063,train,-0.887793,1.759000
4064,train,-0.672487,1.042000
4065,train,-0.073909,1.622000
4066,train,0.094638,1.668000
4067,train,-0.676449,1.612000
4068,train,-0.517202,1.531000
4069,train,-0.925729,1.569000
4070,train,-0.520795,1.581000
4071,train,-1.104261,0.769000
4072,train,-0.424422,1.654000
4073,train,-0.194322,0.735000
4074,train,-0.286203,1.184000
4075,train,-0.415916,1.424000
4076,train,1.242021,2.803000
4077,train,-0.279229,1.072000
4078,train,-1.337426,1.833000
4079,train,-1.196460,0.988000
4080,train,-0.962080,2.345000
4081,train,-0.400223,1.435000
4082,train,-0.513979,1.080000
4083,train,-1.207873,0.978000
4084,train,-0.801512,0.705000
4085,train,0.091415,2.259000
4086,train,-0.005962,2.398000
4087,train,0.380585,1.364000
4088,train,-0.202828,1.806000
4089,train,0.451438,2.396000
4090,train,0.927014,2.657000
4091,train,0.740820,2.042000
4092,train,-0.549696,1.225000
4093,train,0.731891,2.040000
4094,train,-0.130021,1.953000
4095,train,-0.418874,2.158000
4096,train,1.040505,5.000010
4097,train,-1.255742,0.758000
4098,train,0.688143,2.654000
4099,train,1.402220,2.737000
4100,train,-0.997850,1.164000
4101,train,-0.919019,0.594000
4102,train,-1.067593,1.370000
4103,train,-0.989713,1.192000
4104,train,0.753501,2.442000
4105,train,-0.627576,1.700000
4106,train,2.145990,2.803000
4107,train,1.239115,2.850000
4108,train,0.383597,1.026000
4109,train,-0.717186,1.205000
4110,train,0.187259,3.616000
4111,train,2.377623,4.553000
4112,train,0.286854,2.134000
4113,train,0.632718,1.580000
4114,train,0.133525,2.170000
4115,train,-1.035046,0.637000
4116,train,1.396883,2.443000
4117,train,-1.074937,1.511000
4118,train,-0.555032,1.108000
4119,train,2.374400,4.338000
4120,train,-1.337426,0.729000
4121,train,-0.407145,1.085000
4122,train,2.355115,4.526000
4123,train,4.883576,4.676000
4124,train,0.389515,2.633000
4125,train,-0.602955,2.668000
4126,train,2.833068,5.000010
4127,train,-0.572098,0.723000
4128,train,-0.166794,1.515000
4129,train,-0.321339,1.030000
4130,train,-0.029210,3.821000
4131,train,0.152440,1.726000
4132,train,-1.017241,0.934000
4133,train,-0.165685,0.965000
4134,train,1.455584,2.648000
4135,train,-0.712536,1.573000
4136,train,2.177586,5.000010
4137,train,-1.251039,1.398000
4138,train,1.351973,3.156000
4139,train,0.184353,2.319000
4140,train,-0.865179,1.594000
4141,train,-0.524546,0.960000
4142,train,-0.935504,1.875000
4143,train,-0.557569,2.299000
4144,train,-0.370424,1.177000
4145,train,-0.515353,1.696000
4146,train,0.284530,1.308000
4147,train,0.192965,1.574000
4148,train,-1.286492,0.941000
4149,train,-0.884623,0.727000
4150,train,2.469927,5.000010
4151,train,-0.607974,0.958000
4152,train,-1.211413,0.975000
4153,train,-0.850385,0.788000
4154,train,0.818595,2.920000
4155,train,-1.607576,0.425000
4156,train,-0.192261,1.875000
4157,train,0.006032,2.182000
4158,train,-0.728968,0.875000
4159,train,-0.605596,1.463000
4160,train,0.107371,1.374000
4161,train,-0.550964,2.767000
4162,train,-0.716393,1.805000
4163,train,-0.224914,1.553000
4164,train,-0.147139,2.760000
4165,train,-0.980573,0.758000
4166,train,-0.358060,1.676000
4167,train,0.639323,2.937000
4168,train,-1.530964,2.254000
4169,train,3.872878,5.000010
4170,train,0.038156,2.239000
4171,train,0.078100,0.893000
4172,train,1.136614,2.945000
4173,train,-0.126216,1.958000
4174,train,-0.333333,1.678000
4175,train,-0.542140,1.379000
4176,train,-0.355101,1.592000
4177,train,-0.398744,0.771000
4178,train,0.097544,1.731000
4179,train,-0.773509,1.817000
4180,train,0.320828,2.657000
4181,train,-0.458501,0.967000
4182,train,-0.634022,1.642000
4183,train,-0.331114,2.500000
4184,train,2.584370,4.347000
4185,train,3.949120,5.000010
4186,train,-1.405162,0.926000
4187,train,-0.568558,2.420000
4188,train,-0.497705,2.348000
4189,train,-0.958910,1.688000
4190,train,-0.296401,1.544000
4191,train,-1.118950,0.640000
4192,train,-0.354732,0.800000
4193,train,0.964686,3.222000
4194,train,0.776220,3.704000
4195,train,-0.278384,1.813000
4196,train,-0.998537,1.142000
4197,train,-1.436863,1.125000
4198,train,0.592193,1.581000
4199,train,0.806971,2.777000
4200,train,-1.118950,1.542000
4201,train,-1.394436,1.050000
4202,train,0.725815,2.865000
4203,train,-0.577910,1.902000
4204,train,-1.098080,0.631000
4205,train,-0.336926,1.899000
4206,train,-0.808645,0.571000
4207,train,-0.107935,2.821000
4208,train,0.449642,3.500000
4209,train,-0.682367,1.739000
4210,train,-0.621553,2.188000
4211,train,0.647301,2.250000
4212,train,-0.187506,1.012000
4213,train,0.985028,1.647000
4214,train,-0.749099,1.320000
4215,train,-0.474088,2.455000
4216,train,-0.489305,2.542000
4217,train,0.807552,3.015000
4218,train,0.546331,1.885000
4219,train,-0.434725,1.840000
4220,train,-1.258806,1.018000
4221,train,1.475556,2.207000
4222,train,1.669992,5.000010
4223,train,0.284530,2.022000
4224,train,0.499149,3.878000
4225,train,-1.153293,1.142000
4226,train,-1.000069,0.475000
4227,train,0.598216,1.548000
4228,train,1.362646,4.442000
4229,train,-0.448727,5.000010
4230,train,-0.658538,1.038000
4231,train,-0.643797,0.675000
4232,train,-0.169912,1.568000
4233,train,0.579354,3.350000
4234,train,-0.745981,0.756000
4235,train,-0.305753,0.931000
4236,train,-0.064029,1.686000
4237,train,0.981171,3.988000
4238,train,1.786706,3.365000
4239,train,0.557585,2.309000
4240,train,-0.156333,2.528000
4241,train,-0.178894,3.618000
4242,train,-0.565811,2.984000
4243,train,-0.541031,1.115000
4244,train,-0.309874,1.514000
4245,train,-1.029446,1.006000
4246,train,1.131964,2.356000
4247,train,0.367059,2.427000
4248,train,-1.379166,0.668000
4249,train,0.598216,5.000010
4250,train,2.323466,3.740000
4251,train,0.222606,2.300000
4252,train,-0.144762,1.411000
4253,train,1.527599,1.703000
4254,train,0.482664,2.415000
4255,train,-1.178232,0.603000
4256,train,-0.121778,4.200000
4257,train,0.242578,2.247000
4258,train,-0.430974,1.515000
4259,train,-0.250909,0.821000
4260,train,-0.502514,1.042000
4261,train,1.250739,3.614000
4262,train,-0.906761,1.875000
4263,train,0.486785,2.953000
4264,train,0.630182,2.162000
4265,train,-1.247658,0.663000
4266,train,0.638477,0.980000
4267,train,-1.452344,1.750000
4268,train,0.077941,4.600000
4269,train,-1.344031,1.226000
4270,train,0.414770,3.357000
4271,train,2.041692,1.732000
4272,train,0.638424,2.332000
4273,train,0.105416,0.842000
4274,train,-0.384214,0.960000
4275,train,-0.937300,0.796000
4276,train,1.350176,4.466000
4277,train,-0.011246,1.807000
4278,train,-0.888374,1.019000
4279,train,-1.142092,0.774000
4280,train,0.699820,5.000010
4281,train,0.995489,2.434000
4282,train,0.490008,1.414000
4283,train,-0.063342,2.130000
4284,train,1.039026,5.000010
4285,train,1.146019,2.480000
4286,train,-0.040200,1.606000
4287,train,1.262627,1.435000
4288,train,-0.752691,2.000000
4289,train,-0.677876,1.019000
4290,train,0.529530,2.209000
4291,train,1.760447,2.538000
4292,train,-1.551993,1.516000
4293,train,-0.524546,1.334000
4294,train,-0.385852,1.462000
4295,train,-0.191786,2.940000
4296,train,-1.444102,0.854000
4297,train,-0.006913,2.083000
4298,train,0.225988,3.097000
4299,train,-0.914686,1.000000
4300,train,0.645399,1.734000
4301,train,-1.131525,0.888000
4302,train,1.167470,3.344000
4303,train,-1.171786,0.942000
4304,train,-0.517572,1.514000
4305,train,2.616758,3.905000
4306,train,-0.473718,1.166000
4307,train,-0.782966,1.531000
4308,train,-0.267341,1.746000
4309,train,-0.180690,0.849000
4310,train,-0.911727,1.250000
4311,train,-1.009527,1.625000
4312,train,1.740581,5.000010
4313,train,-1.354492,0.992000
4314,train,0.493654,4.575000
4315,train,2.223184,5.000010
4316,train,-0.081095,1.488000
4317,train,-0.849698,1.194000
4318,train,0.228365,3.305000
4319,train,-0.957061,0.647000
4320,train,0.122693,1.849000
4321,train,-0.940893,0.824000
4322,train,1.077596,4.004000
4323,train,3.183846,5.000010
4324,train,-0.644642,0.435000
4325,train,-0.477152,1.109000
4326,train,-0.995842,0.633000
4327,train,-0.178365,3.296000
4328,train,-0.513134,0.924000
4329,train,0.113870,5.000010
4330,train,0.771095,1.742000
4331,train,-0.032221,2.016000
4332,train,-1.363897,1.313000
4333,train,0.371762,2.432000
4334,train,0.787897,1.938000
4335,train,-0.731399,2.743000
4336,train,1.040030,2.175000
4337,train,-0.853080,1.094000
4338,train,-0.233949,1.897000
4339,train,-0.531151,1.896000
4340,train,0.025845,1.557000
4341,train,-0.382365,1.763000
4342,train,0.390624,2.399000
4343,train,-1.279359,1.102000
4344,train,-0.451527,2.025000
4345,train,-0.348444,1.496000
4346,train,0.693057,2.254000
4347,train,0.574916,2.730000
4348,train,0.510139,2.772000
4349,train,-0.788725,1.588000
4350,train,-1.207027,0.651000
4351,train,-0.838708,1.391000
4352,train,-0.989502,1.469000
4353,train,0.059924,1.366000
4354,train,2.028589,4.438000
4355,train,-1.244593,0.475000
4356,train,-0.534109,3.722000
4357,train,-1.388201,0.525000
4358,train,-0.294974,0.813000
4359,train,-0.433933,1.878000
4360,train,-0.687439,2.393000
4361,train,-1.544965,1.292000
4362,train,0.519808,1.161000
4363,train,1.734029,2.740000
4364,train,-0.737158,1.434000
4365,train,-1.760377,0.875000
4366,train,0.386873,2.232000
4367,train,0.554891,2.252000
4368,train,-1.019882,1.266000
4369,train,0.705843,2.422000
4370,train,0.457884,2.000000
4371,train,-0.680676,0.684000
4372,train,-0.970798,1.334000
4373,train,0.396595,1.798000
4374,train,-0.778845,0.821000
4375,train,0.084018,2.986000
4376,train,-0.399853,2.476000
4377,train,1.106339,2.311000
4378,train,0.542897,2.895000
4379,train,-0.373594,1.193000
4380,train,0.059713,1.886000
4381,train,-0.820321,1.113000
4382,train,-1.556061,0.955000
4383,train,-0.422203,2.000000
4384,train,-0.675498,1.837000
4385,train,-0.769863,0.701000
4386,train,-0.118133,1.863000
4387,train,0.927648,5.000010
4388,train,0.331818,1.926000
4389,train,-1.004402,1.521000
4390,train,-0.451157,1.990000
4391,train,0.081851,0.998000
4392,train,-0.863224,0.586000
4393,train,-0.095255,2.096000
4394,train,0.466127,1.214000
4395,train,0.855844,2.275000
4396,train,-1.332301,0.559000
4397,train,-1.013542,1.732000
4398,train,0.238245,2.697000
4399,train,2.409641,3.783000
4400,train,-0.828352,1.656000
4401,train,-0.050820,2.429000
4402,train,-0.561954,2.361000
4403,train,1.574729,3.083000
4404,train,0.795558,2.344000
4405,train,-0.643427,2.608000
4406,train,-0.392456,2.071000
4407,train,-1.422756,0.561000
4408,train,-0.192261,0.899000
4409,train,-0.540555,0.877000
4410,train,-0.963982,1.388000
4411,train,-0.952147,0.811000
4412,train,-0.356687,2.526000
4413,train,0.557110,1.429000
4414,train,-1.479977,0.342000
4415,train,0.792811,3.394000
4416,train,-1.293889,1.417000
4417,train,-0.645646,3.722000
4418,train,-0.398850,1.493000
4419,train,0.055169,1.890000
4420,train,-0.457392,1.523000
4421,train,0.989994,3.219000
4422,train,4.803477,5.000010
4423,train,0.599062,2.185000
4424,train,0.405312,1.962000
4425,train,0.229897,1.219000
4426,train,0.945982,5.000010
4427,train,-1.224621,1.006000
4428,train,-0.517572,1.375000
4429,train,-0.952094,0.925000
4430,train,2.134050,3.491000
4431,train,1.569023,5.000010
4432,train,0.947144,2.764000
4433,train,0.296312,2.386000
4434,train,3.291155,5.000010
4435,train,-1.419797,0.683000
4436,train,-0.886472,0.534000
4437,train,0.305717,3.531000
4438,train,-0.222272,2.095000
4439,train,0.569896,1.748000
4440,train,1.923234,3.440000
4441,train,0.835766,2.389000
4442,train,0.595944,2.964000
4443,train,3.029882,3.913000
4444,train,-0.186185,3.114000
4445,train,0.916024,2.672000
4446,train,-0.087910,1.796000
4447,train,-0.860529,1.528000
4448,train,0.052263,2.185000
4449,train,-0.141169,1.617000
4450,train,-0.403076,1.739000
4451,train,-0.305753,1.506000
4452,train,0.121214,0.992000
4453,train,-0.276852,0.740000
4454,train,0.899434,2.528000
4455,train,0.131781,1.765000
4456,train,-0.639411,1.479000
4457,train,0.285798,2.256000
4458,train,0.077466,1.266000
4459,train,-0.779902,0.857000
4460,train,-1.033091,0.579000
4461,train,-0.449044,0.916000
4462,train,1.088375,4.466000
4463,train,-0.904278,0.883000
4464,train,1.364548,4.070000
4465,train,-0.920815,1.089000
4466,train,2.596416,5.000010
4467,train,1.478515,5.000010
4468,train,-0.620602,0.949000
4469,train,0.532171,1.872000
4470,train,1.135821,2.383000
4471,train,-0.461988,3.500000
4472,train,0.738126,2.944000
4473,train,0.287541,1.401000
4474,train,-0.254079,1.573000
4475,train,0.321673,2.300000
4476,train,-0.055786,1.500000
4477,train,0.104306,4.213000
4478,train,0.039371,1.803000
4479,train,-0.319067,1.552000
4480,train,-0.637773,0.875000
4481,train,-0.448621,1.546000
4482,train,-0.054043,1.977000
4483,train,0.127079,3.243000
4484,train,-1.066906,0.906000
4485,train,1.075007,2.210000
4486,train,0.995542,2.910000
4487,train,-0.227344,2.526000
4488,train,0.223980,2.476000
4489,train,0.316020,1.381000
4490,train,1.658051,5.000010
4491,train,0.750806,4.638000
4492,train,0.101453,3.359000
4493,train,0.110805,2.414000
4494,train,-0.499766,1.143000
4495,train,-0.285781,1.027000
4496,train,-0.497019,0.875000
4497,train,-0.128277,2.707000
4498,train,-0.671747,1.768000
4499,train,-1.326542,0.706000
4500,train,0.178647,1.215000
4501,train,-0.310983,2.205000
4502,train,2.095955,5.000010
4503,train,-1.235506,1.114000
4504,train,-0.564173,1.618000
4505,train,0.018290,1.224000
4506,train,1.651764,4.208000
4507,train,-0.045536,2.542000
4508,train,-0.385112,1.018000
4509,train,-1.273072,0.842000
4510,train,0.089671,0.864000
4511,train,-0.392456,2.375000
4512,train,-1.317084,3.125000
4513,train,1.955834,3.204000
4514,train,-0.895243,0.882000
4515,train,1.212803,3.492000
4516,train,-1.225203,0.574000
4517,train,0.258534,1.446000
4518,train,-1.494190,0.621000
4519,train,-0.889378,0.599000
4520,train,-0.747144,0.915000
4521,train,0.723701,2.464000
4522,train,0.055697,1.749000
4523,train,-0.881664,1.911000
4524,train,0.585377,5.000010
4525,train,1.208471,3.986000
4526,train,0.180602,2.566000
4527,train,-0.704082,1.844000
4528,train,-0.200345,1.125000
4529,train,-0.796968,1.278000
4530,train,0.347774,1.487000
4531,train,-0.562905,1.279000
4532,train,0.503851,1.860000
4533,train,-0.364929,1.674000
4534,train,-0.876803,0.425000
4535,train,-0.732138,1.110000
4536,train,1.244399,2.607000
4537,train,-0.458501,0.728000
4538,train,-0.375919,2.770000
4539,train,-1.224621,1.000000
4540,train,2.078308,4.740000
4541,train,0.106526,1.102000
4542,train,3.308644,4.543000
4543,train,0.150062,0.918000
4544,train,0.039054,1.798000
4545,train,0.100661,0.875000
4546,train,-0.722681,1.161000
4547,train,-0.351561,1.280000
4548,train,-0.983479,0.779000
4549,train,-0.056367,1.231000
4550,train,-0.774882,0.797000
4551,train,-0.755703,1.121000
4552,train,-0.708785,2.864000
4553,train,-0.632860,2.149000
4554,train,0.894044,2.341000
4555,train,-1.454933,0.544000
4556,train,-0.494852,2.201000
4557,train,0.135902,1.719000
4558,train,0.610580,2.576000
4559,train,0.831170,2.051000
4560,train,-0.308817,1.117000
4561,train,0.067903,1.911000
4562,train,-1.466715,0.225000
4563,train,-0.358536,2.147000
4564,train,0.390307,4.459000
4565,train,0.873491,2.808000
4566,train,1.683888,3.259000
4567,train,1.335541,3.167000
4568,train,-1.084606,1.167000
4569,train,-0.385482,1.397000
4570,train,-1.129464,1.250000
4571,train,0.748746,1.604000
4572,train,-0.951301,1.188000
4573,train,-0.630218,0.225000
4574,train,-0.873738,0.667000
4575,train,0.603447,1.625000
4576,train,-0.938515,1.266000
4577,train,-0.943693,1.046000
4578,train,0.499149,1.705000
4579,train,-1.151972,1.614000
4580,train,-0.079827,3.273000
4581,train,1.419180,3.116000
4582,train,-0.125213,1.921000
4583,train,1.583341,1.959000
4584,train,-0.203462,0.936000
4585,train,-0.215192,4.417000
4586,train,-0.503517,2.387000
4587,train,1.500600,2.508000
4588,train,0.195924,2.010000
4589,train,0.107899,3.642000
4590,train,1.093711,2.122000
4591,train,0.589974,2.030000
4592,train,-0.505684,1.525000
4593,train,0.622626,2.277000
4594,train,0.460103,3.941000
4595,train,0.232645,2.273000
4596,train,-0.906127,0.755000
4597,train,-0.247158,2.006000
4598,train,-0.188299,4.308000
4599,train,-0.678668,0.544000
4600,train,-1.175114,0.988000
4601,train,-0.788725,0.936000
4602,train,0.679478,1.713000
4603,train,-0.528456,2.120000
4604,train,-0.458501,0.797000
4605,train,1.498645,4.130000
4606,train,0.985926,2.254000
4607,train,-0.772928,1.590000
4608,train,0.055169,2.356000
4609,train,-0.363344,1.905000
4610,train,0.444834,2.621000
4611,train,0.735642,2.927000
4612,train,-0.421358,1.808000
4613,train,1.296442,1.382000
4614,train,-0.242350,2.230000
4615,train,-0.274527,3.181000
4616,train,-0.035814,2.225000
4617,train,0.455982,3.534000
4618,train,0.735061,2.494000
4619,train,-0.951988,1.272000
4620,train,-0.460615,1.261000
4621,train,-0.828352,1.333000
4622,train,1.285770,5.000010
4623,train,1.141845,2.186000
4624,train,-0.712906,1.388000
4625,train,-0.525761,2.250000
4626,train,-1.026487,3.000000
4627,train,-0.118819,1.052000
4628,train,-0.414489,1.554000
4629,train,0.177907,1.209000
4630,train,-0.143652,1.427000
4631,train,1.410938,3.260000
4632,train,-0.228190,1.509000
4633,train,-0.488089,3.389000
4634,train,0.639006,2.215000
4635,train,-0.548322,0.887000
4636,train,0.908627,1.620000
4637,train,-0.031535,2.867000
4638,train,-1.038217,1.279000
4639,train,0.131200,2.209000
4640,train,0.107001,1.471000
4641,train,-0.867504,1.125000
4642,train,-0.189250,1.399000
4643,train,-0.765425,2.175000
4644,train,-0.664350,1.931000
4645,train,-1.391213,1.117000
4646,train,0.951318,3.910000
4647,train,-0.171814,2.954000
4648,train,-0.110471,3.212000
4649,train,-1.286017,0.439000
4650,train,-0.194322,1.543000
4651,train,-0.017692,1.914000
4652,train,-0.757658,1.024000
4653,train,0.058868,1.648000
4654,train,-0.826820,1.488000
4655,train,0.209714,1.334000
4656,train,0.029861,2.198000
4657,train,0.675198,5.000010
4658,train,-0.240553,2.841000
4659,train,-0.122782,1.629000
4660,train,0.511037,3.534000
4661,train,-0.759824,1.625000
4662,train,-0.448621,2.177000
4663,train,-0.458501,1.120000
4664,train,0.668012,2.113000
4665,train,-0.332752,2.875000
4666,train,-0.430181,0.731000
4667,train,0.732050,2.691000
4668,train,-0.372643,0.706000
4669,train,-0.211441,2.128000
4670,train,-1.175220,0.526000
4671,train,-0.903327,0.683000
4672,train,-0.056050,1.726000
4673,train,-1.322368,0.543000
4674,train,0.569896,2.824000
4675,train,0.223980,1.213000
4676,train,-0.179422,0.675000
4677,train,0.649044,2.380000
4678,train,0.363414,2.581000
4679,train,0.041537,2.077000
4680,train,-0.600049,1.500000
4681,train,0.989677,2.741000
4682,train,-0.219102,2.109000
4683,train,0.271479,0.886000
4684,train,-0.429125,0.955000
4685,train,1.686213,2.882000
4686,train,2.232007,3.901000
4687,train,-0.252124,1.381000
4688,train,0.673032,2.314000
4689,train,0.731891,1.633000
4690,train,1.673532,2.996000
4691,train,-1.101567,0.559000
4692,train,-0.700648,1.259000
4693,train,1.185751,3.906000
4694,train,0.867785,2.210000
4695,train,-0.155488,0.711000
4696,train,-0.285147,0.751000
4697,train,-0.799715,2.357000
4698,train,1.435189,3.064000
4699,train,2.204902,3.379000
4700,train,-0.053250,1.668000
4701,train,0.286168,3.361000
4702,train,-0.639253,1.568000
4703,train,0.407426,1.655000
4704,train,0.747108,3.310000
4705,train,-1.526737,0.542000
4706,train,0.192912,1.455000
4707,train,5.881857,5.000010
4708,train,-0.598516,0.746000
4709,train,0.078100,1.960000
4710,train,-0.229880,1.003000
4711,train,2.140179,5.000010
4712,train,-0.149042,1.652000
4713,train,0.108692,2.087000
4714,train,0.305136,2.554000
4715,train,-0.922559,0.685000
4716,train,-1.019354,1.232000
4717,train,-0.201085,1.414000
4718,train,0.324579,2.524000
4719,train,-0.142173,1.317000
4720,train,0.228365,2.750000
4721,train,0.197403,5.000010
4722,train,-0.677929,1.453000
4723,train,-0.125001,1.476000
4724,train,1.410409,3.940000
4725,train,-0.914052,1.804000
4726,train,-0.083261,1.775000
4727,train,1.111464,3.325000
4728,train,0.162320,1.909000
4729,train,-0.411107,1.873000
4730,train,-0.377451,3.244000
4731,train,-0.554029,1.625000
4732,train,-1.437656,0.969000
4733,train,-0.686911,1.289000
4734,train,0.477116,2.817000
4735,train,-1.071239,0.547000
4736,train,1.774343,2.553000
4737,train,-0.699222,2.750000
4738,train,-0.348444,3.343000
4739,train,-0.742600,1.261000
4740,train,0.856372,2.542000
4741,train,4.710063,5.000010
4742,train,0.462481,2.397000
4743,train,0.464224,1.875000
4744,train,3.322434,5.000010
4745,train,-0.128277,2.833000
4746,train,-0.700648,0.829000
4747,train,0.552513,2.750000
4748,train,0.082010,2.084000
4749,train,-0.266971,1.261000
4750,train,-0.041785,5.000010
4751,train,-0.707675,1.225000
4752,train,-0.432083,2.250000
4753,train,0.935943,2.715000
4754,train,-0.520953,1.672000
4755,train,-0.080249,1.689000
4756,train,-0.221532,1.194000
4757,train,0.003813,1.274000
4758,train,-0.096470,1.853000
4759,train,-0.824760,1.323000
4760,train,0.536715,2.399000
4761,train,-0.059590,0.680000
4762,train,0.721482,4.714000
4763,train,-0.946493,1.456000
4764,train,-0.571412,1.086000
4765,train,-1.017663,0.761000
4766,train,1.333216,3.017000
4767,train,-0.764262,1.325000
4768,train,-1.115146,0.533000
4769,train,-0.249377,1.304000
4770,train,-0.166372,1.339000
4771,train,0.053954,2.932000
4772,train,-0.262480,1.618000
4773,train,-0.458501,1.625000
4774,train,0.124912,2.521000
4775,train,0.562182,2.624000
4776,train,-0.499766,2.172000
4777,train,0.062777,2.944000
4778,train,-0.887793,1.217000
4779,train,0.795294,2.445000
4780,train,-0.321709,1.030000
4781,train,0.917715,2.051000
4782,train,1.317682,3.315000
4783,train,0.936313,3.006000
4784,train,-0.425479,1.658000
4785,train,-1.184995,0.535000
4786,train,-1.132159,0.593000
4787,train,-1.162962,0.788000
4788,train,1.380187,5.000010
4789,train,-0.940100,1.428000
4790,train,-1.062363,0.535000
4791,train,-0.033331,0.943000
4792,train,1.166149,1.969000
4793,train,0.282997,1.332000
4794,train,-1.050686,0.633000
4795,train,0.117991,2.246000
4796,train,-0.157654,2.786000
4797,train,-0.732138,1.236000
4798,train,-0.394517,2.293000
4799,train,0.301014,2.449000
4800,train,-0.267711,1.346000
4801,train,-1.012697,0.540000
4802,train,-0.420776,1.617000
4803,train,-0.416497,2.184000
4804,train,-0.664667,0.660000
4805,train,-0.508801,0.982000
4806,train,0.224455,1.907000
4807,train,5.881857,5.000010
4808,train,-0.135621,1.963000
4809,train,1.710570,3.152000
4810,train,-0.115491,1.589000
4811,train,0.009836,1.589000
4812,train,0.713663,1.286000
4813,train,-1.255425,0.932000
4814,train,0.304185,0.976000
4815,train,-1.052905,0.938000
4816,train,-1.005194,2.361000
4817,train,-0.889378,1.125000
4818,train,-0.225601,0.952000
4819,train,-0.302847,3.216000
4820,train,-0.086273,1.281000
4821,train,-0.040200,1.511000
4822,train,-0.664878,0.713000
4823,train,0.146311,1.140000
4824,train,0.186413,1.780000
4825,train,-1.067593,1.491000
4826,train,1.858933,2.670000
4827,train,0.167710,3.033000
4828,train,0.898113,1.742000
4829,train,-0.380093,2.241000
4830,train,-0.633071,1.212000
4831,train,1.761926,2.750000
4832,train,-0.044638,1.598000
4833,train,-0.530200,1.326000
4834,train,-0.521376,1.833000
4835,train,-1.073247,3.286000
4836,train,-0.864756,2.063000
4837,train,-0.079404,1.200000
4838,train,-0.251543,3.429000
4839,train,0.767291,2.195000
4840,train,0.026902,3.149000
4841,train,1.588466,4.131000
4842,train,-0.940629,2.227000
4843,train,1.147604,2.178000
4844,train,0.091890,1.094000
4845,train,-0.253023,2.857000
4846,train,1.323177,2.415000
4847,train,3.627773,5.000010
4848,train,-0.425479,2.688000
4849,train,0.612323,2.533000
4850,train,2.395164,3.512000
4851,train,-0.409839,0.875000
4852,train,-0.755069,1.750000
4853,train,0.613750,2.802000
4854,train,0.911110,3.844000
4855,train,-1.341600,0.818000
4856,train,1.279376,2.542000
4857,train,-0.519738,2.908000
4858,train,-0.122782,0.980000
4859,train,-0.075441,2.846000
4860,train,0.066687,1.953000
4861,train,1.068667,2.714000
4862,train,0.275759,2.576000
4863,train,-1.515219,0.450000
4864,train,1.911875,4.123000
4865,train,-0.840769,0.981000
4866,train,0.725868,4.713000
4867,train,0.007458,3.289000
4868,train,-0.039354,1.844000
4869,train,-0.674653,0.987000
4870,train,0.112919,2.162000
4871,train,-0.308130,1.319000
4872,train,-0.995684,1.115000
4873,train,0.714614,2.865000
4874,train,0.218485,2.849000
4875,train,-0.328314,2.080000
4876,train,0.703888,2.487000
4877,train,-0.628686,1.360000
4878,train,0.201947,4.869000
4879,train,-0.695787,1.708000
4880,train,0.917239,4.513000
4881,train,0.937740,3.482000
4882,train,2.174575,5.000010
4883,train,-0.276852,1.533000
4884,train,1.089590,2.776000
4885,train,-0.456282,1.065000
4886,train,-1.404580,1.575000
4887,train,-0.243829,1.523000
4888,train,0.929286,3.205000
4889,train,-1.060513,0.567000
4890,train,-1.151972,1.320000
4891,train,-0.488037,2.004000
4892,train,0.078681,1.932000
4893,train,-0.384003,1.414000
4894,train,0.472044,3.041000
4895,train,-0.957853,1.938000
4896,train,-0.911093,0.626000
4897,train,-1.143307,0.527000
4898,train,0.447264,2.683000
4899,train,-1.069390,0.721000
4900,train,-1.003345,0.539000
4901,train,0.762536,2.558000
4902,train,3.115634,5.000010
4903,train,3.668562,5.000010
4904,train,-0.153057,1.800000
4905,train,0.812254,2.735000
4906,train,1.432125,2.448000
4907,train,-0.854770,0.500000
4908,train,-0.498128,1.424000
4909,train,-1.166132,0.561000
4910,train,-1.301339,0.865000
4911,train,0.043757,1.222000
4912,train,-0.177784,1.875000
4913,train,-0.692670,1.111000
4914,train,-1.241846,0.546000
4915,train,0.516955,2.257000
4916,train,-0.096470,1.098000
4917,train,0.393107,1.917000
4918,train,0.159467,2.225000
4919,train,0.417887,1.525000
4920,train,1.667720,2.931000
4921,train,-1.277616,2.056000
4922,train,0.359187,3.092000
4923,train,-1.231543,1.413000
4924,train,0.117040,2.157000
4925,train,-0.958540,0.550000
4926,train,0.811409,3.563000
4927,train,3.328510,5.000010
4928,train,-0.729761,1.297000
4929,train,3.511692,5.000010
4930,train,-0.708785,1.304000
4931,train,0.786206,3.138000
4932,train,-0.382999,1.792000
4933,train,0.082432,1.825000
4934,train,1.631316,5.000010
4935,train,-0.788725,1.550000
4936,train,1.236104,2.825000
4937,train,2.137590,4.964000
4938,train,1.066078,3.138000
4939,train,1.457592,5.000010
4940,train,0.178964,3.203000
4941,train,0.022834,1.125000
4942,train,-0.782966,1.162000
4943,train,-0.462622,1.635000
4944,train,-0.247158,1.969000
4945,train,-0.158763,3.103000
4946,train,-0.799715,0.979000
4947,train,-0.506212,2.109000
4948,train,0.046980,2.515000
4949,train,-0.326412,2.142000
4950,train,3.883815,5.000010
4951,train,-0.103497,2.298000
4952,train,-0.911199,1.975000
4953,train,0.462956,1.481000
4954,train,-0.790733,1.279000
4955,train,0.357602,2.447000
4956,train,0.511513,1.453000
4957,train,-0.333227,0.945000
4958,train,-0.885045,2.533000
4959,train,-0.346489,1.476000
4960,train,0.518962,3.294000
4961,train,-0.111739,1.649000
4962,train,1.196371,3.097000
4963,train,0.804752,1.130000
4964,train,0.283209,2.291000
4965,train,0.242578,2.213000
4966,train,0.141978,4.708000
4967,train,-0.578227,1.168000
4968,train,1.897820,5.000010
4969,train,1.256340,1.617000
4970,train,-0.918860,0.950000
4971,train,0.416619,2.917000
4972,train,-1.039009,0.699000
4973,train,-0.820163,1.023000
4974,train,-0.797549,1.087000
4975,train,-0.175142,0.901000
4976,train,-0.783653,5.000010
4977,train,-1.062363,1.438000
4978,train,0.049516,1.946000
4979,train,-0.589798,2.477000
4980,train,0.968015,4.700000
4981,train,0.732050,5.000010
4982,train,1.651235,5.000010
4983,train,-0.331695,2.269000
4984,train,1.207731,3.660000
4985,train,4.923731,5.000010
4986,train,0.471410,2.160000
4987,train,0.209291,1.542000
4988,train,0.154765,1.128000
4989,train,0.339955,1.390000
4990,train,1.426102,3.728000
4991,train,-0.851283,0.927000
4992,train,-0.241716,0.909000
4993,train,0.242155,2.067000
4994,train,-0.673121,1.993000
4995,train,-1.065374,0.665000
4996,train,0.445521,1.335000
4997,train,-0.348761,0.933000
4998,train,1.487338,3.709000
4999,train,-0.095255,1.573000
5000,train,0.826679,2.155000
5001,train,-0.690979,2.731000
5002,train,-0.658327,0.691000
5003,train,-1.505761,1.250000
5004,train,1.195737,4.116000
5005,train,-0.643427,1.238000
5006,train,-0.322766,2.015000
5007,train,-0.492316,2.325000
5008,train,-1.356341,0.946000
5009,train,-0.958434,1.258000
5010,train,-0.955423,0.607000
5011,train,-0.693304,1.750000
5012,train,-0.365087,0.795000
5013,train,-1.085927,1.396000
5014,train,-1.178760,0.912000
5015,train,-0.646914,1.697000
5016,train,1.641936,4.025000
5017,train,0.647142,3.905000
5018,train,-0.269349,0.775000
5019,train,1.107131,3.281000
5020,train,0.613380,2.650000
5021,train,-0.796070,1.125000
5022,train,0.201947,2.148000
5023,train,0.422484,1.780000
5024,train,-0.884147,2.115000
5025,train,1.373002,2.715000
5026,train,-0.224597,2.635000
5027,train,0.377204,5.000010
5028,train,-0.460720,1.784000
5029,train,-0.504468,1.523000
5030,train,0.815002,3.359000
5031,train,0.107899,2.701000
5032,train,1.016148,2.394000
5033,train,0.695223,2.197000
5034,train,0.324421,1.662000
5035,train,-0.088650,0.705000
5036,train,0.844590,3.267000
5037,train,-0.835327,2.337000
5038,train,-0.389603,1.856000
5039,train,-0.550964,1.525000
5040,train,0.735484,3.715000
5041,train,2.793071,4.538000
5042,train,0.908363,2.449000
5043,train,-1.337426,2.250000
5044,train,0.145360,2.544000
5045,train,-0.798342,2.047000
5046,train,-0.518523,1.431000
5047,train,-0.270141,3.608000
5048,train,-0.903221,0.620000
5049,train,-1.397553,0.768000
5050,train,1.850057,3.736000
5051,train,0.634673,2.642000
5052,train,-0.175459,0.675000
5053,train,-0.769863,1.844000
5054,train,2.289176,5.000010
5055,train,0.532171,3.117000
5056,train,0.651950,2.414000
5057,train,0.464436,2.944000
5058,train,0.358817,3.810000
5059,train,0.454873,3.400000
5060,train,-1.105741,0.634000
5061,train,-0.763153,2.185000
5062,train,0.028593,4.333000
5063,train,-0.401069,1.710000
5064,train,0.044602,1.246000
5065,train,-1.438184,0.654000
5066,train,-1.184995,0.883000
5067,train,-0.317429,1.762000
5068,train,-0.173029,1.954000
5069,train,0.320828,1.024000
5070,train,1.617737,5.000010
5071,train,-0.614737,1.862000
5072,train,0.228788,1.198000
5073,train,1.723515,2.786000
5074,train,-0.524546,1.686000
5075,train,-0.879550,0.969000
5076,train,-0.745981,0.750000
5077,train,-0.375919,1.764000
5078,train,0.190799,4.427000
5079,train,1.509477,3.338000
5080,train,-0.637139,0.862000
5081,train,0.703624,5.000010
5082,train,-0.840610,1.452000
5083,train,-0.909825,1.042000
5084,train,-0.605808,1.079000
5085,train,0.091150,3.034000
5086,train,0.589974,2.491000
5087,train,-0.072799,2.277000
5088,train,-0.039460,2.039000
5089,train,-0.008762,1.346000
5090,train,3.436190,4.261000
5091,train,-1.452133,0.958000
5092,train,-0.924197,0.475000
5093,train,-0.907078,1.469000
5094,train,-0.293389,1.918000
5095,train,-0.788725,0.985000
5096,train,0.135902,3.490000
5097,train,-0.997480,1.227000
5098,train,1.207255,5.000010
5099,train,0.241574,1.871000
5100,train,0.692475,2.540000
5101,train,-1.171786,2.650000
5102,train,0.648833,2.171000
5103,train,-0.319384,1.297000
5104,train,-0.659806,2.125000
5105,train,1.359845,3.007000
5106,train,-0.326412,1.853000
5107,train,-0.372115,1.326000
5108,train,-0.735890,2.250000
5109,train,1.030731,2.811000
5110,train,-0.076921,1.875000
5111,train,-0.971643,3.500000
5112,train,0.047825,1.265000
5113,train,-0.190835,1.334000
5114,train,-0.041890,2.045000
5115,train,-0.856831,2.150000
5116,train,0.933460,2.282000
5117,train,0.160260,1.601000
5118,train,-0.769335,1.625000
5119,train,0.747213,1.408000
5120,train,0.324949,3.407000
5121,train,0.600805,4.600000
5122,train,-1.010002,1.925000
5123,train,-0.205312,1.264000
5124,train,-0.610616,1.694000
5125,train,-0.141116,1.040000
5126,train,-1.408279,0.902000
5127,train,-0.478156,0.878000
5128,train,-0.298092,1.839000
5129,train,2.530530,3.202000
5130,train,-0.594184,1.740000
5131,train,-0.819212,1.250000
5132,train,-0.691402,0.703000
5133,train,-0.518787,1.208000
5134,train,0.084229,2.605000
5135,train,1.904795,4.316000
5136,train,-0.683476,3.500000
5137,train,-0.807588,1.182000
5138,train,-1.124973,1.094000
5139,train,0.686716,2.706000
5140,train,2.086286,5.000010
5141,train,0.139812,4.348000
5142,train,0.356651,2.398000
5143,train,-1.242057,0.521000
5144,train,-1.177069,1.300000
5145,train,-1.067329,1.792000
5146,train,-0.581767,0.929000
5147,train,0.921149,3.080000
5148,train,1.501657,3.522000
5149,train,-0.139267,0.956000
5150,train,-0.426113,1.367000
5151,train,0.504380,1.155000
5152,train,1.209052,2.335000
5153,train,0.301014,3.500000
5154,train,1.327827,2.736000
5155,train,0.965373,2.353000
5156,train,1.457328,5.000010
5157,train,-0.886578,0.632000
5158,train,-0.898783,1.177000
5159,train,1.595176,2.631000
5160,train,1.460551,4.815000
5161,train,0.183085,2.285000
5162,train,0.781451,2.799000
5163,train,0.027113,1.830000
5164,train,1.322226,4.658000
5165,train,-0.792213,1.500000
5166,train,-0.016529,2.509000
5167,train,0.056649,5.000010
5168,train,-1.308842,1.208000
5169,train,2.469716,5.000010
5170,train,-1.364267,0.993000
5171,train,0.407690,1.734000
5172,train,-0.044215,1.095000
5173,train,0.429458,1.524000
5174,train,-0.701441,1.575000
5175,train,0.032344,3.031000
5176,train,0.544535,1.515000
5177,train,-0.606389,1.175000
5178,train,0.260225,2.488000
5179,train,1.009649,3.467000
5180,train,1.823744,3.675000
5181,train,-0.863858,1.421000
5182,train,-0.390554,1.375000
5183,train,0.226727,1.632000
5184,train,0.150591,3.368000
5185,train,-1.023528,0.475000
5186,train,-0.705456,1.368000
5187,train,1.788027,2.166000
5188,train,0.217904,1.948000
5189,train,-0.859473,1.518000
5190,train,-0.427434,1.206000
5191,train,-0.452848,2.420000
5192,train,1.966560,3.302000
5193,train,-0.385588,2.170000
5194,train,-0.588478,1.662000
5195,train,-0.551757,1.531000
5196,train,0.644236,2.905000
5197,train,1.241652,1.739000
5198,train,-0.540503,2.689000
5199,train,0.287805,1.446000
5200,train,0.761902,1.519000
5201,train,-0.719088,1.563000
5202,train,-1.753244,0.917000
5203,train,-0.008868,3.150000
5204,train,-0.620707,1.741000
5205,train,-0.026462,1.072000
5206,train,-0.470072,1.090000
5207,train,-0.998537,0.733000
5208,train,-1.225097,0.623000
5209,train,-0.178682,4.000000
5210,train,-1.440245,0.629000
5211,train,0.060400,2.043000
5212,train,0.532171,2.495000
5213,train,1.667879,5.000010
5214,train,0.267992,2.861000
5215,train,0.066370,5.000010
5216,train,0.670971,3.607000
5217,train,0.092735,1.323000
5218,train,-0.085955,2.537000
5219,train,-0.788725,0.798000
5220,train,-0.109943,0.875000
5221,train,-0.108833,1.613000
5222,train,-1.208295,0.700000
5223,train,-0.116600,1.014000
5224,train,2.188735,3.955000
5225,train,-0.113589,1.332000
5226,train,0.911216,2.853000
5227,train,-0.070844,2.082000
5228,train,-0.373594,1.890000
5229,train,-0.969371,0.532000
5230,train,0.701352,3.021000
5231,train,0.551034,2.138000
5232,train,-0.808169,2.975000
5233,train,0.779338,2.793000
5234,train,-1.001707,1.342000
5235,train,-0.082046,1.750000
5236,train,-1.025219,1.223000
5237,train,-0.875429,0.732000
5238,train,2.261965,4.990000
5239,train,-0.516304,1.348000
5240,train,1.848947,5.000010
5241,train,0.435640,2.990000
5242,train,-0.993465,3.250000
5243,train,-0.525709,1.146000
5244,train,-0.681099,2.230000
5245,train,-0.657904,1.488000
5246,train,-0.733353,1.015000
5247,train,-0.779268,1.225000
5248,train,0.082432,2.242000
5249,train,0.009836,2.093000
5250,train,0.250873,1.413000
5251,train,0.169717,1.430000
5252,train,-0.447036,1.069000
5253,train,0.802850,2.883000
5254,train,1.926457,3.982000
5255,train,-0.886208,0.618000
5256,train,-0.080883,1.375000
5257,train,2.390990,3.653000
5258,train,0.507022,1.741000
5259,train,-1.023370,1.375000
5260,train,-1.137812,1.320000
5261,train,0.084335,1.607000
5262,train,0.440871,1.728000
5263,train,0.497617,2.620000
5264,train,-0.977033,1.300000
5265,train,-1.384767,0.467000
5266,train,-1.086773,1.375000
5267,train,-1.052905,1.223000
5268,train,-0.786506,0.900000
5269,train,-0.672381,0.924000
5270,train,0.165279,1.996000
5271,train,-0.260367,2.280000
5272,train,-0.990823,2.250000
5273,train,0.871959,2.421000
5274,train,3.410353,5.000010
5275,train,0.494447,1.416000
5276,train,-0.896247,1.311000
5277,train,1.390754,3.400000
5278,train,0.748112,2.838000
5279,train,-0.483281,1.040000
5280,train,0.218485,1.895000
5281,train,-0.035814,1.695000
5282,train,-0.313203,1.899000
5283,train,1.235628,3.349000
5284,train,-0.173822,4.070000
5285,train,0.941966,1.786000
5286,train,0.076092,2.458000
5287,train,-0.072641,1.497000
5288,train,3.255068,5.000010
5289,train,-0.783653,2.583000
5290,train,-0.111739,1.469000
5291,train,0.132732,1.288000
5292,train,-0.603060,3.111000
5293,train,-0.223117,3.250000
5294,train,0.085603,2.256000
5295,train,-0.204889,1.914000
5296,train,0.382065,1.792000
5297,train,-0.134459,1.961000
5298,train,-0.647178,1.053000
5299,train,-1.141405,0.869000
5300,train,-0.922612,1.020000
5301,train,1.671736,5.000010
5302,train,-1.129940,0.581000
5303,train,-0.001841,1.958000
5304,train,-0.957959,3.267000
5305,train,-0.034282,2.054000
5306,train,-0.062232,1.468000
5307,train,-0.882562,2.550000
5308,train,0.056649,1.624000
5309,train,-0.131130,1.707000
5310,train,-0.398163,1.126000
5311,train,0.301860,3.067000
5312,train,-0.764368,2.688000
5313,train,-0.679355,1.818000
5314,train,0.707956,1.813000
5315,train,0.596209,1.560000
5316,train,0.340166,3.378000
5317,train,1.849423,3.531000
5318,train,-0.096681,1.407000
5319,train,-0.366778,0.707000
5320,train,-0.295714,1.687000
5321,train,-1.155142,2.188000
5322,train,-0.339621,2.294000
5323,train,-0.557569,0.973000
5324,train,0.462217,1.606000
5325,train,-0.079298,1.772000
5326,train,1.789295,5.000010
5327,train,-0.796968,0.723000
5328,train,0.882737,4.318000
5329,train,-0.116283,1.174000
5330,train,-0.666093,1.125000
5331,train,0.117621,0.806000
5332,train,-0.546949,1.630000
5333,train,5.088737,5.000010
5334,train,-0.991510,0.986000
5335,train,-0.699961,2.081000
5336,train,1.047585,4.171000
5337,train,-0.290378,2.130000
5338,train,-0.035814,1.626000
5339,train,0.087452,1.615000
5340,train,-0.629795,0.746000
5341,train,0.251507,2.336000
5342,train,0.214258,1.807000
5343,train,2.041323,3.167000
5344,train,0.178752,2.536000
5345,train,-0.329899,1.799000
5346,train,-0.234953,0.833000
5347,train,-0.915637,1.406000
5348,train,-0.147826,2.663000
5349,train,2.196871,5.000010
5350,train,-0.651564,1.398000
5351,train,0.572644,1.537000
5352,train,1.388747,1.824000
5353,train,-0.447194,2.184000
5354,train,-0.989819,2.625000
5355,train,-0.382312,1.303000
5356,train,-0.357479,1.496000
5357,train,0.024471,1.239000
5358,train,-0.055258,3.070000
5359,train,0.695276,2.598000
5360,train,-0.352248,1.625000
5361,train,-0.202564,1.295000
5362,train,-0.666410,0.938000
5363,train,-0.959861,3.500000
5364,train,1.815079,5.000010
5365,train,-0.938515,1.681000
5366,train,-0.201666,1.581000
5367,train,-0.392456,1.136000
5368,train,1.126575,3.815000
5369,train,-0.539974,3.500000
5370,train,-0.626150,2.199000
5371,train,-0.701810,1.392000
5372,train,1.173652,2.701000
5373,train,-0.565177,2.750000
5374,train,0.589974,1.875000
5375,train,-0.559048,1.583000
5376,train,0.216847,3.277000
5377,train,-1.120429,0.946000
5378,train,0.995489,2.785000
5379,train,-0.686647,1.200000
5380,train,0.747795,2.995000
5381,train,0.659981,4.143000
5382,train,-0.084265,2.419000
5383,train,0.170880,2.545000
5384,train,0.805333,4.085000
5385,train,-0.474722,1.044000
5386,train,-0.001682,2.146000
5387,train,-0.230990,0.743000
5388,train,-0.608925,2.655000
5389,train,0.192014,1.970000
5390,train,-1.182247,1.307000
5391,train,-0.575374,1.157000
5392,train,-1.021309,0.991000
5393,train,2.559695,4.105000
5394,train,0.893622,1.365000
5395,train,-0.634603,0.866000
5396,train,-0.434144,2.169000
5397,train,1.583341,3.182000
5398,train,0.149111,2.650000
5399,train,-0.450576,4.143000
5400,train,-1.149436,2.625000
5401,train,0.172729,2.227000
5402,train,-0.812237,1.625000
5403,train,-0.660757,1.961000
5404,train,-0.902217,2.219000
5405,train,1.308013,4.604000
5406,train,1.300828,2.471000
5407,train,-0.722047,1.975000
5408,train,0.788531,3.300000
5409,train,0.319877,2.456000
5410,train,-0.680095,0.825000
5411,train,-0.802146,0.680000
5412,train,0.087399,1.283000
5413,train,-0.154695,1.135000
5414,train,1.548100,3.250000
5415,train,0.684339,2.610000
5416,train,-0.927895,1.225000
5417,train,2.392311,3.536000
5418,train,-1.270853,0.544000
5419,train,-1.182617,1.343000
5420,train,0.146047,3.039000
5421,train,1.438360,3.374000
5422,train,-0.733671,0.600000
5423,train,-0.906127,1.625000
5424,train,-0.895560,0.594000
5425,train,-1.077685,0.768000
5426,train,0.125758,1.076000
5427,train,0.912907,2.478000
5428,train,1.482002,3.051000
5429,train,0.622098,2.319000
5430,train,0.168925,2.176000
5431,train,2.747738,3.674000
5432,train,-0.771131,0.982000
5433,train,-1.309000,1.844000
5434,train,-1.307627,1.938000
5435,train,-0.786771,1.779000
5436,train,-0.452478,1.575000
5437,train,-0.185234,1.904000
5438,train,0.187100,1.628000
5439,train,0.637685,1.896000
5440,train,-0.744079,1.976000
5441,train,0.074084,1.911000
5442,train,0.003813,1.653000
5443,train,0.135902,1.362000
5444,train,0.461424,3.364000
5445,train,-0.143705,0.888000
5446,train,-0.210278,2.654000
5447,train,-1.121063,1.050000
5448,train,-0.063289,3.804000
5449,train,-0.701810,1.875000
5450,train,-0.666780,0.727000
5451,train,-0.622610,1.822000
5452,train,2.306664,4.302000
5453,train,-0.347070,3.760000
5454,train,0.080266,0.880000
5455,train,-1.265358,0.541000
5456,train,-0.952094,0.679000
5457,train,1.180732,5.000010
5458,train,-1.442094,1.000000
5459,train,0.428032,1.313000
5460,train,1.206040,2.684000
5461,train,-0.893024,0.891000
5462,train,-0.920815,1.792000
5463,train,-0.339092,1.076000
5464,train,-0.494694,0.832000
5465,train,0.117885,2.042000
5466,train,-0.260367,1.575000
5467,train,-1.331403,1.000000
5468,train,0.115032,2.441000
5469,train,3.597551,5.000010
5470,train,-0.489939,2.178000
5471,train,0.197456,4.096000
5472,train,0.350099,1.813000
5473,train,1.583236,3.337000
5474,train,-0.307919,1.381000
5475,train,-0.857201,0.896000
5476,train,-0.319437,2.277000
5477,train,-0.909033,1.953000
5478,train,1.309757,3.527000
5479,train,-0.263590,0.834000
5480,train,1.548734,2.920000
5481,train,-0.569087,1.139000
5482,train,1.355513,2.715000
5483,train,0.226727,1.656000
5484,train,-0.672645,2.326000
5485,train,-0.378983,1.020000
5486,train,-1.182353,0.495000
5487,train,-0.229299,1.952000
5488,train,2.130298,5.000010
5489,train,0.665371,4.583000
5490,train,-0.607446,1.568000
5491,train,-1.003345,2.260000
5492,train,-1.538150,0.690000
5493,train,0.470512,2.586000
5494,train,0.386873,1.990000
5495,train,-1.070711,0.623000
5496,train,-0.401914,1.931000
5497,train,0.980695,4.306000
5498,train,-1.046142,0.516000
5499,train,-0.379247,0.869000
5500,train,-1.416944,0.670000
5501,train,-1.251039,0.915000
5502,train,-0.505684,0.953000
5503,train,-0.255664,1.059000
5504,train,-0.820533,1.542000
5505,train,-0.844890,2.000000
5506,train,-0.020228,1.496000
5507,train,0.040481,2.401000
5508,train,1.071943,2.615000
5509,train,-0.162462,1.746000
5510,train,0.464542,2.611000
5511,train,1.162081,4.208000
5512,train,-0.650401,1.759000
5513,train,-0.108728,2.119000
5514,train,-0.458501,2.291000
5515,train,0.352635,3.742000
5516,train,-0.095255,1.114000
5517,train,-1.107960,1.388000
5518,train,0.706160,0.957000
5519,train,3.941829,5.000010
5520,train,2.578346,5.000010
5521,train,-1.675840,0.425000
5522,train,-1.090313,1.092000
5523,train,0.267992,1.745000
5524,train,-0.865760,0.574000
5525,train,1.684786,3.246000
5526,train,1.369514,2.827000
5527,train,-0.302530,2.346000
5528,train,0.808926,1.655000
5529,train,0.914333,2.333000
5530,train,-0.705773,1.727000
5531,train,1.312822,2.783000
5532,train,1.510903,2.664000
5533,train,0.274966,1.893000
5534,train,-0.003532,0.939000
5535,train,-0.075441,1.426000
5536,train,-0.616269,1.082000
5537,train,0.601703,2.750000
5538,train,0.601492,2.320000
5539,train,0.816851,1.644000
5540,train,3.448870,5.000010
5541,train,-0.319067,1.201000
5542,train,0.102880,1.003000
5543,train,-0.145132,0.719000
5544,train,-1.328867,0.612000
5545,train,0.144092,1.985000
5546,train,-0.768384,1.844000
5547,train,0.457726,2.374000
5548,train,-1.337003,0.583000
5549,train,0.199728,4.500000
5550,train,-0.358377,1.563000
5551,train,0.493654,3.511000
5552,train,1.540597,2.741000
5553,train,0.189742,1.705000
5554,train,-0.681416,1.116000
5555,train,0.116459,2.961000
5556,train,-0.785238,1.667000
5557,train,-0.841931,1.064000
5558,train,0.649203,2.953000
5559,train,-0.854770,1.125000
5560,train,-0.929058,0.724000
5561,train,-0.234847,2.293000
5562,train,-1.135646,0.552000
5563,train,0.598216,2.089000
5564,train,1.589312,2.538000
5565,train,-1.105741,1.125000
5566,train,-0.489516,2.294000
5567,train,0.301014,1.851000
5568,train,0.709119,1.914000
5569,train,1.230450,2.605000
5570,train,-1.456677,0.975000
5571,train,5.186590,5.000010
5572,train,2.573961,5.000010
5573,train,0.247650,2.210000
5574,train,-0.928688,0.869000
5575,train,-1.137178,1.088000
5576,train,-0.520900,2.086000
5577,train,4.759728,5.000010
5578,train,-1.028970,1.958000
5579,train,-1.477494,1.500000
5580,train,0.111122,2.503000
5581,train,-0.582349,0.500000
5582,train,-0.906444,0.608000
5583,train,0.608572,3.243000
5584,train,-0.148302,3.471000
5585,train,0.881839,3.259000
5586,train,0.394798,3.714000
5587,train,-0.480534,1.726000
5588,train,-0.886049,0.946000
5589,train,-0.285834,3.228000
5590,train,-0.806320,1.917000
5591,train,-0.868455,1.273000
5592,train,0.739182,2.423000
5593,train,0.701775,2.107000
5594,train,0.056913,1.204000
5595,train,-0.144498,2.624000
5596,train,0.741560,2.165000
5597,train,-0.704188,0.748000
5598,train,-1.004243,0.768000
5599,train,0.489691,2.906000
5600,train,-1.087512,0.781000
5601,train,0.237981,3.571000
5602,train,0.978212,2.674000
5603,train,0.160682,1.466000
5604,train,0.067903,1.268000
5605,train,3.797217,4.872000
5606,train,-0.136519,1.146000
5607,train,1.218351,3.131000
5608,train,-0.432083,1.448000
5609,train,1.001248,2.213000
5610,train,-0.005381,3.186000
5611,train,-0.907606,0.972000
5612,train,0.704733,2.430000
5613,train,0.124437,2.810000
5614,train,0.562816,2.289000
5615,train,0.245959,2.613000
5616,train,-0.827560,1.317000
5617,train,0.267992,1.855000
5618,train,-0.379459,1.919000
5619,train,0.293670,2.336000
5620,train,0.378049,1.985000
5621,train,0.222976,2.217000
5622,train,1.168368,3.165000
5623,train,-0.101859,1.524000
5624,train,0.936736,3.264000
5625,train,-0.808539,0.993000
5626,train,0.200468,2.925000
5627,train,-0.715706,1.631000
5628,train,1.467631,3.026000
5629,train,-1.212205,1.100000
5630,train,-1.049523,0.949000
5631,train,1.145173,5.000010
5632,train,1.272402,2.907000
5633,train,-0.508008,1.469000
5634,train,-0.805210,1.227000
5635,train,-1.449174,1.104000
5636,train,-1.260127,0.948000
5637,train,-0.374862,1.400000
5638,train,0.397968,1.911000
5639,train,-0.094092,1.698000
5640,train,1.254596,3.054000
5641,train,0.989994,3.985000
5642,train,1.630841,3.140000
5643,train,-0.322290,1.842000
5644,train,0.405365,2.486000
5645,train,-0.592546,1.561000
5646,train,-0.903009,0.865000
5647,train,1.222948,2.741000
5648,train,-0.697636,1.981000
5649,train,-0.532313,1.289000
5650,train,0.671394,1.795000
5651,train,-1.256112,2.750000
5652,train,-0.682473,0.949000
5653,train,0.242578,1.941000
5654,train,-0.915901,4.000000
5655,train,-1.760377,1.125000
5656,train,0.504644,1.583000
5657,train,0.854893,1.878000
5658,train,-0.534691,0.971000
5659,train,-0.595822,1.317000
5660,train,1.794843,3.632000
5661,train,0.874231,4.000000
5662,train,0.252458,1.630000
5663,train,1.812807,5.000010
5664,train,-0.805210,1.375000
5665,train,-0.494377,1.442000
5666,train,-1.131789,0.915000
5667,train,2.988776,5.000010
5668,train,-0.353939,1.618000
5669,train,1.944897,2.781000
5670,train,-0.637773,1.693000
5671,train,-0.420248,1.107000
5672,train,0.424862,2.521000
5673,train,-0.854770,1.235000
5674,train,0.130407,2.722000
5675,train,-0.938198,0.614000
5676,train,0.161105,3.326000
5677,train,-1.371717,0.694000
5678,train,0.473471,2.656000
5679,train,1.518247,4.359000
5680,train,0.651316,2.667000
5681,train,0.276234,0.939000
5682,train,3.395770,3.824000
5683,train,-1.096283,0.823000
5684,train,-0.949769,2.833000
5685,train,0.749591,4.554000
5686,train,-0.649133,1.485000
5687,train,1.064176,2.605000
5688,train,0.337524,1.402000
5689,train,0.285111,2.773000
5690,train,-0.147139,1.420000
5691,train,-0.571729,2.917000
5692,train,-0.194322,1.071000
5693,train,-0.968526,0.689000
5694,train,2.200781,5.000010
5695,train,-0.051242,2.153000
5696,train,-0.539234,1.614000
5697,train,-0.709472,1.659000
5698,train,-1.142515,0.588000
5699,train,1.297605,2.609000
5700,train,0.193705,3.063000
5701,train,-0.710317,1.995000
5702,train,1.506782,3.068000
5703,train,-0.599415,1.001000
5704,train,0.626325,3.109000
5705,train,0.161898,3.422000
5706,train,-0.535536,1.250000
5707,train,0.267992,2.135000
5708,train,-0.111264,2.132000
5709,train,0.119418,1.173000
5710,train,-0.344746,1.997000
5711,train,-0.654628,1.603000
5712,train,0.948465,2.340000
5713,train,-0.162303,1.651000
5714,train,-0.356581,2.652000
5715,train,0.173627,2.020000
5716,train,0.527786,2.399000
5717,train,-0.370424,2.316000
5718,train,-0.006332,1.227000
5719,train,-0.317799,3.375000
5720,train,-1.073669,1.042000
5721,train,-0.420776,3.478000
5722,train,2.587857,3.663000
5723,train,-1.254527,0.483000
5724,train,-0.101067,1.636000
5725,train,5.881857,3.500000
5726,train,-0.182645,4.433000
5727,train,0.186466,1.411000
5728,train,0.173046,2.269000
5729,train,-0.872470,0.906000
5730,train,-0.949875,1.363000
5731,train,0.365104,1.964000
5732,train,-0.560105,1.403000
5733,train,-0.291646,1.259000
5734,train,-0.179634,1.262000
5735,train,-1.048784,0.446000
5736,train,1.234783,2.750000
5737,train,-0.741015,0.495000
5738,train,0.225406,3.547000
5739,train,-0.738109,1.194000
5740,train,-0.333016,4.500000
5741,train,-0.222114,2.534000
5742,train,1.073475,1.899000
5743,train,-0.688337,2.250000
5744,train,0.712078,2.483000
5745,train,-0.632278,0.713000
5746,train,-0.862115,1.051000
5747,train,-0.035814,0.818000
5748,train,-0.057741,1.445000
5749,train,-0.940100,0.737000
5750,train,-0.775200,0.764000
5751,train,0.030231,0.838000
5752,train,-0.368099,1.019000
5753,train,-0.392456,2.333000
5754,train,-0.087012,1.143000
5755,train,-1.262029,0.975000
5756,train,-0.560422,1.375000
5757,train,1.139150,5.000010
5758,train,1.182000,2.972000
5759,train,-0.514402,1.241000
5760,train,1.003784,2.413000
5761,train,-0.548428,0.712000
5762,train,1.436088,3.467000
5763,train,-0.341100,1.865000
5764,train,0.514683,2.640000
5765,train,-0.454274,2.290000
5766,train,0.393477,2.538000
5767,train,1.094926,3.153000
5768,train,0.087452,1.339000
5769,train,0.636945,1.966000
5770,train,0.327749,2.189000
5771,train,-0.614156,1.625000
5772,train,-0.180162,1.747000
5773,train,-0.231360,1.640000
5774,train,-0.263695,1.238000
5775,train,-0.858522,1.000000
5776,train,-1.760377,3.750000
5777,train,1.915943,4.392000
5778,train,-0.932122,0.883000
5779,train,-0.812290,5.000010
5780,train,-0.987917,1.535000
5781,train,0.400082,2.457000
5782,train,-0.565811,1.238000
5783,train,1.234202,2.054000
5784,train,0.894150,2.052000
5785,train,-0.484338,2.039000
5786,train,0.862396,1.462000
5787,train,-0.515088,0.981000
5788,train,-0.531362,1.969000
5789,train,0.966218,2.611000
5790,train,0.649784,4.698000
5791,train,-0.775517,1.537000
5792,train,-0.969424,0.684000
5793,train,-0.986860,1.654000
5794,train,0.177009,2.736000
5795,train,0.588759,2.929000
5796,train,-0.099957,1.597000
5797,train,0.462217,2.427000
5798,train,0.559699,2.097000
5799,train,0.684920,2.634000
5800,train,-0.828352,1.089000
5801,train,0.124912,1.244000
5802,train,-1.535613,0.557000
5803,train,0.895735,2.278000
5804,train,2.691362,5.000010
5805,train,0.012795,2.929000
5806,train,0.669756,1.816000
5807,train,1.832251,4.227000
5808,train,-0.989396,1.129000
5809,train,-0.304379,0.979000
5810,train,0.543161,1.425000
5811,train,1.142531,2.873000
5812,train,-0.791156,1.661000
5813,train,-0.900315,1.055000
5814,train,-0.406881,2.640000
5815,train,-0.832051,0.572000
5816,train,-0.489305,1.780000
5817,train,-0.526607,3.296000
5818,train,0.769563,2.657000
5819,train,-0.487402,1.667000
5820,train,-0.631697,1.115000
5821,train,-0.238334,1.872000
5822,train,3.415901,5.000010
5823,train,0.792705,1.877000
5824,train,-1.105424,0.733000
5825,train,-0.710317,0.628000
5826,train,-1.568530,0.789000
5827,train,-0.986860,1.727000
5828,train,0.437225,2.417000
5829,train,-0.386433,1.235000
5830,train,1.014616,3.447000
5831,train,-0.903696,0.869000
5832,train,-0.768384,0.970000
5833,train,2.432731,3.423000
5834,train,1.102640,3.293000
5835,train,-0.161299,2.132000
5836,train,1.142214,1.941000
5837,train,-0.234953,1.238000
5838,train,1.008434,2.905000
5839,train,0.553200,1.555000
5840,train,0.738865,1.262000
5841,train,-0.361706,1.574000
5842,train,-0.056209,2.417000
5843,train,0.720954,1.675000
5844,train,-0.031429,1.838000
5845,train,0.145360,2.596000
5846,train,0.072869,2.416000
5847,train,3.807996,5.000010
5848,train,-0.561214,1.732000
5849,train,0.163853,1.478000
5850,train,0.412445,2.346000
5851,train,0.430885,1.422000
5852,train,-0.145977,3.056000
5853,train,-0.321181,1.831000
5854,train,0.558589,1.547000
5855,train,0.069858,2.026000
5856,train,-0.005645,1.438000
5857,train,0.814315,2.339000
5858,train,-1.094751,1.404000
5859,train,-0.952517,2.194000
5860,train,0.770144,3.852000
5861,train,-1.344982,0.514000
5862,train,-1.148379,0.859000
5863,train,-0.203780,1.137000
5864,train,0.988251,2.780000
5865,train,-1.075360,1.058000
5866,train,-0.187717,2.242000
5867,train,0.161898,1.599000
5868,train,0.028593,2.052000
5869,train,-0.079457,2.750000
5870,train,-1.163755,0.589000
5871,train,-0.153427,1.139000
5872,train,-0.280392,0.946000
5873,train,-0.761621,1.581000
5874,train,-0.747461,2.290000
5875,train,-0.364929,1.899000
5876,train,0.350786,2.326000
5877,train,-0.713593,3.308000
5878,train,-0.737369,1.033000
5879,train,0.249975,1.918000
5880,train,0.148213,1.812000
5881,train,-0.973651,0.500000
5882,train,-0.551545,1.506000
5883,train,5.881857,5.000010
5884,train,-0.248373,1.538000
5885,train,1.160073,2.343000
5886,train,-0.087910,1.236000
5887,train,-1.264248,1.875000
5888,train,-0.323981,1.875000
5889,train,0.599749,2.556000
5890,train,0.201947,2.003000
5891,train,-0.765161,1.784000
5892,train,-0.117974,1.976000
5893,train,-0.534955,3.607000
5894,train,-0.524546,1.298000
5895,train,-1.192339,0.747000
5896,train,0.111122,2.878000
5897,train,-0.571729,1.103000
5898,train,-0.168644,1.480000
5899,train,0.708538,3.442000
5900,train,-0.218045,1.214000
5901,train,0.177907,2.265000
5902,train,0.154553,1.605000
5903,train,0.941332,3.762000
5904,train,-0.392456,3.250000
5905,train,-0.164945,1.728000
5906,train,1.166202,4.170000
5907,train,-0.500083,1.908000
5908,train,-0.046698,1.946000
5909,train,1.173546,2.452000
5910,train,1.578480,4.822000
5911,train,-0.680201,0.924000
5912,train,-0.122518,1.351000
5913,train,-0.920815,4.167000
5914,train,0.609100,2.610000
5915,train,3.622383,5.000010
5916,train,0.844379,5.000010
5917,train,-0.495856,1.136000
5918,train,0.279193,2.644000
5919,train,-0.894397,1.147000
5920,train,-0.920815,0.620000
5921,train,1.276523,3.182000
5922,train,0.440713,1.911000
5923,train,-0.733248,1.356000
5924,train,-0.482700,1.279000
5925,train,-0.214981,1.180000
5926,train,2.941804,4.656000
5927,train,0.924161,4.112000
5928,train,0.458782,4.188000
5929,train,-0.524546,1.625000
5930,train,-1.041175,1.005000
5931,train,0.055169,3.134000
5932,train,0.923263,3.599000
5933,train,-1.057977,0.894000
5934,train,-0.552232,0.999000
5935,train,-0.593920,1.202000
5936,train,0.610474,2.539000
5937,train,0.173257,0.927000
5938,train,-0.922929,1.440000
5939,train,0.369595,1.904000
5940,train,-0.690821,2.875000
5941,train,0.688988,4.291000
5942,train,-0.920815,1.325000
5943,train,-0.263537,1.344000
5944,train,-0.843094,0.526000
5945,train,-0.043370,2.457000
5946,train,1.452889,2.762000
5947,train,0.216107,1.814000
5948,train,1.029938,2.252000
5949,train,-0.590591,2.750000
5950,train,1.336175,5.000010
5951,train,-0.354309,1.000000
5952,train,2.852723,5.000010
5953,train,-0.450048,0.953000
5954,train,-0.086061,2.275000
5955,train,-0.362763,0.875000
5956,train,0.119418,1.091000
5957,train,-0.290060,1.171000
5958,train,-0.711532,1.629000
5959,train,-0.318539,2.021000
5960,train,0.301014,1.326000
5961,train,-1.229007,2.688000
5962,train,-0.848166,1.329000
5963,train,0.186836,1.046000
5964,train,-0.374122,1.163000
5965,train,0.307619,1.619000
5966,train,-0.137735,2.890000
5967,train,-1.503225,0.875000
5968,train,-1.449174,0.600000
5969,train,-0.020386,1.770000
5970,train,2.035405,3.627000
5971,train,-0.675023,0.854000
5972,train,-0.495909,1.834000
5973,train,0.589393,2.130000
5974,train,1.476983,3.252000
5975,train,1.009174,4.127000
5976,train,1.252536,2.476000
5977,train,1.807788,2.935000
5978,train,-0.788725,1.984000
5979,train,0.494447,1.883000
5980,train,0.275865,1.807000
5981,train,-0.978353,1.188000
5982,train,-0.722681,0.855000
5983,train,0.053373,1.650000
5984,train,-0.686488,0.804000
5985,train,-0.542563,1.530000
5986,train,1.259352,2.409000
5987,train,-0.731663,2.143000
5988,train,-0.090024,2.866000
5989,train,1.241863,3.808000
5990,train,0.053795,2.583000
5991,train,-0.126058,1.452000
5992,train,0.088720,1.538000
5993,train,-1.075836,1.135000
5994,train,0.213941,2.419000
5995,train,-0.368892,1.380000
5996,train,-1.394119,0.696000
5997,train,-0.378561,1.500000
5998,train,0.466127,2.511000
5999,train,0.157354,3.131000
6000,train,-0.336398,1.056000
6001,train,1.229764,3.630000
6002,train,0.934041,2.413000
6003,train,-0.939678,0.650000
6004,train,-1.240736,2.182000
6005,train,-0.890804,0.753000
6006,train,-0.659647,1.723000
6007,train,-0.626625,1.594000
6008,train,-0.439005,5.000010
6009,train,-0.384214,4.176000
6010,train,-0.935504,1.125000
6011,train,-0.297035,2.304000
6012,train,0.708538,2.409000
6013,train,-0.095255,4.923000
6014,train,-0.380146,2.130000
6015,train,0.206068,1.441000
6016,train,-0.699961,2.207000
6017,train,-0.374862,0.958000
6018,train,1.101319,4.384000
6019,train,0.862396,2.532000
6020,train,-0.426694,0.698000
6021,train,-0.931118,0.613000
6022,train,0.749538,1.744000
6023,train,0.008409,2.003000
6024,train,-0.085533,2.375000
6025,train,-0.513239,1.043000
6026,train,-0.367148,2.187000
6027,train,-0.147456,1.535000
6028,train,-1.079587,0.855000
6029,train,-0.649450,1.776000
6030,train,-0.646491,1.361000
6031,train,-1.587023,0.842000
6032,train,-0.517677,2.464000
6033,train,0.348725,1.663000
6034,train,1.570713,5.000010
6035,train,0.516638,1.464000
6036,train,-1.181243,0.575000
6037,train,-0.392456,1.306000
6038,train,-0.619968,0.753000
6039,train,1.851430,3.374000
6040,train,-0.744713,1.209000
6041,train,3.362114,5.000010
6042,train,1.059051,2.048000
6043,train,0.203955,1.543000
6044,train,-1.240314,1.262000
6045,train,-0.653149,2.528000
6046,train,-0.104871,2.110000
6047,train,-0.779268,1.344000
6048,train,-0.541929,2.278000
6049,train,-0.473877,2.250000
6050,train,-0.122782,2.563000
6051,train,-1.084289,2.188000
6052,train,-0.313203,5.000010
6053,train,0.334037,1.583000
6054,train,0.922998,2.447000
6055,train,-0.570249,1.372000
6056,train,1.225484,1.887000
6057,train,-0.975870,0.725000
6058,train,0.296629,2.312000
6059,train,-0.902217,1.617000
6060,train,-1.388413,3.250000
6061,train,-0.810758,1.160000
6062,train,1.301673,3.422000
6063,train,-0.115068,1.893000
6064,train,0.658238,1.117000
6065,train,-0.539234,0.413000
6066,train,-1.156675,0.529000
6067,train,-0.066935,2.355000
6068,train,-0.357796,0.762000
6069,train,-1.000069,1.179000
6070,train,-0.479636,0.817000
6071,train,0.199517,2.368000
6072,train,-0.101067,2.528000
6073,train,-0.654417,1.827000
6074,train,0.193124,3.580000
6075,train,-1.190490,0.531000
6076,train,2.054849,3.874000
6077,train,0.425284,1.589000
6078,train,-0.706143,1.625000
6079,train,-0.264646,3.761000
6080,train,2.018286,3.677000
6081,train,-0.294182,1.094000
6082,train,-0.384214,2.231000
6083,train,-0.038509,1.063000
6084,train,-0.562112,2.275000
6085,train,-0.052775,1.313000
6086,train,-0.660387,1.588000
6087,train,0.613274,1.679000
6088,train,-0.778581,1.831000
6089,train,-0.284566,2.713000
6090,train,0.731521,1.613000
6091,train,0.215156,2.854000
6092,train,-1.014176,1.505000
6093,train,-0.695153,0.656000
6094,train,0.200415,1.621000
6095,train,0.615282,2.224000
6096,train,0.133895,2.875000
6097,train,-0.814562,1.146000
6098,train,-1.055758,0.615000
6099,train,0.207019,1.811000
6100,train,-0.819899,1.194000
6101,train,-1.069073,0.471000
6102,train,-0.828828,1.375000
6103,train,1.213332,2.778000
6104,train,-0.133349,1.818000
6105,train,0.565194,1.838000
6106,train,-0.058745,1.467000
6107,train,-0.189937,2.809000
6108,train,-0.386697,2.680000
6109,train,-0.618911,1.388000
6110,train,-0.183755,1.873000
6111,train,-0.289162,1.721000
6112,train,0.237506,1.754000
6113,train,0.603077,2.441000
6114,train,0.356069,1.944000
6115,train,-0.989238,0.542000
6116,train,0.079738,2.356000
6117,train,-0.886313,1.600000
6118,train,-0.454222,1.352000
6119,train,-0.480534,1.660000
6120,train,-0.892759,1.745000
6121,train,1.248045,1.054000
6122,train,1.712419,4.433000
6123,train,-0.059855,3.837000
6124,train,-1.177650,1.550000
6125,train,0.610052,2.619000
6126,train,0.338422,4.052000
6127,train,-0.757922,0.982000
6128,train,-0.702920,0.972000
6129,train,-0.944486,0.479000
6130,train,-0.064240,2.125000
6131,train,0.537666,1.781000
6132,train,1.369620,4.255000
6133,train,0.045077,4.176000
6134,train,0.828528,1.941000
6135,train,-0.238334,1.052000
6136,train,-0.090552,5.000010
6137,train,-0.367676,1.153000
6138,train,-0.540291,1.047000
6139,train,-0.118397,1.865000
6140,train,1.527441,3.885000
6141,train,1.609125,2.741000
6142,train,2.992738,4.833000
6143,train,-0.944380,2.267000
6144,train,-0.979516,1.500000
6145,train,0.418944,1.730000
6146,train,1.398046,3.115000
6147,train,1.388535,5.000010
6148,train,0.025845,2.852000
6149,train,-1.084184,1.000000
6150,train,0.164804,2.718000
6151,train,-0.567343,2.625000
6152,train,-0.807218,2.109000
6153,train,-0.118819,2.300000
6154,train,-0.434725,1.606000
6155,train,-1.042919,0.830000
6156,train,-0.410051,1.361000
6157,train,0.151436,5.000010
6158,train,0.090516,3.327000
6159,train,-0.963559,0.421000
6160,train,0.076673,3.424000
6161,train,0.613644,2.694000
6162,train,-0.664667,1.271000
6163,train,0.648727,2.460000
6164,train,0.699080,3.902000
6165,train,-0.206527,2.387000
6166,train,-0.788725,1.138000
6167,train,-0.882298,1.141000
6168,train,-0.702180,1.190000
6169,train,-0.468910,1.915000
6170,train,-0.935715,1.625000
6171,train,-0.762308,0.962000
6172,train,1.042460,5.000000
6173,train,-1.035839,0.792000
6174,train,0.836400,1.900000
6175,train,0.411072,2.121000
6176,train,-0.044744,1.478000
6177,train,0.769616,2.719000
6178,train,-0.763945,0.906000
6179,train,0.313378,2.300000
6180,train,-0.854770,0.515000
6181,train,1.156850,2.545000
6182,train,-1.365112,0.720000
6183,train,-0.749099,1.868000
6184,train,-0.740486,2.365000
6185,train,0.912801,2.614000
6186,train,-0.294974,1.055000
6187,train,-0.217623,1.231000
6188,train,-0.482542,2.375000
6189,train,-1.256799,0.673000
6190,train,-0.187982,2.184000
6191,train,-0.115068,1.194000
6192,train,-0.431027,2.098000
6193,train,0.139178,1.938000
6194,train,-0.530834,1.697000
6195,train,0.176903,2.598000
6196,train,-0.400699,1.361000
6197,train,-0.296401,5.000010
6198,train,0.111651,2.813000
6199,train,-0.762308,2.161000
6200,train,-0.579601,1.174000
6201,train,0.056649,5.000010
6202,train,0.043862,1.042000
6203,train,-0.451421,1.281000
6204,train,-1.246496,0.647000
6205,train,-0.569932,0.735000
6206,train,-0.285147,1.702000
6207,train,0.859173,2.412000
6208,train,-1.067910,0.815000
6209,train,-0.029210,0.974000
6210,train,0.460843,2.300000
6211,train,-0.341100,1.563000
6212,train,0.580833,3.352000
6213,train,1.619322,3.246000
6214,train,0.520178,1.758000
6215,train,-0.420301,1.373000
6216,train,-0.512394,1.214000
6217,train,0.195660,2.427000
6218,train,-0.895401,0.662000
6219,train,0.643761,1.665000
6220,train,-0.020967,1.635000
6221,train,0.097068,1.219000
6222,train,-0.360385,0.983000
6223,train,1.423354,3.866000
6224,train,-0.220423,1.390000
6225,train,0.140605,2.382000
6226,train,-0.271357,1.538000
6227,train,0.251032,2.143000
6228,train,-0.455490,0.936000
6229,train,-0.166002,2.070000
6230,train,0.530428,2.041000
6231,train,-0.468434,1.488000
6232,train,0.665054,1.961000
6233,train,-0.821748,0.969000
6234,train,-0.293389,2.954000
6235,train,-0.023398,2.076000
6236,train,-0.953838,0.889000
6237,train,-0.027255,2.219000
6238,train,1.452995,5.000010
6239,train,0.710704,1.934000
6240,train,1.315199,3.225000
6241,train,-0.755703,1.890000
6242,train,2.504957,3.074000
6243,train,-1.193977,0.918000
6244,train,0.197245,2.589000
6245,train,0.362938,1.607000
6246,train,-0.546579,1.860000
6247,train,1.149876,4.700000
6248,train,-0.867557,1.148000
6249,train,-0.146136,2.849000
6250,train,-0.997586,1.438000
6251,train,0.345027,2.307000
6252,train,0.926063,3.008000
6253,train,-0.047227,1.601000
6254,train,0.012055,2.383000
6255,train,-0.487878,2.328000
6256,train,-0.380463,2.912000
6257,train,1.394876,4.148000
6258,train,1.037335,3.877000
6259,train,-1.017505,0.862000
6260,train,-0.656636,0.550000
6261,train,1.271451,2.413000
6262,train,-0.628316,1.911000
6263,train,-0.134882,1.000000
6264,train,0.082063,1.392000
6265,train,0.841631,1.923000
6266,train,-0.419984,1.048000
6267,train,-0.431079,1.375000
6268,train,0.127871,1.082000
6269,train,-0.829620,0.544000
6270,train,-0.421833,1.353000
6271,train,-0.027255,2.350000
6272,train,-0.309874,1.632000
6273,train,1.261624,3.413000
6274,train,-0.370424,1.606000
6275,train,-0.367676,2.205000
6276,train,-1.276189,1.268000
6277,train,0.038579,3.277000
6278,train,-0.029210,0.967000
6279,train,-0.051242,1.104000
6280,train,-0.364506,1.865000
6281,train,0.182662,1.614000
6282,train,-0.407673,1.246000
6283,train,-0.796704,1.684000
6284,train,0.433104,2.182000
6285,train,-0.609189,1.668000
6286,train,-0.900368,3.500000
6287,train,-0.157178,0.874000
6288,train,-0.425479,0.938000
6289,train,-0.939678,1.125000
6290,train,-0.924408,0.689000
6291,train,0.046557,1.611000
6292,train,2.724490,4.277000
6293,train,-0.798500,1.223000
6294,train,1.318845,1.430000
6295,train,-0.075441,3.100000
6296,train,-0.529830,1.555000
6297,train,-0.546579,0.697000
6298,train,-0.818102,0.906000
6299,train,-0.260367,2.188000
6300,train,-1.135012,0.750000
6301,train,-0.330374,1.388000
6302,train,1.962544,2.831000
6303,train,-0.778951,1.250000
6304,train,2.463006,5.000010
6305,train,-0.140271,1.618000
6306,train,1.027402,2.815000
6307,train,-0.661708,1.932000
6308,train,-0.909667,0.759000
6309,train,-1.408913,0.646000
6310,train,0.433104,2.462000
6311,train,-0.446772,1.725000
6312,train,0.705737,4.857000
6313,train,-1.236615,0.590000
6314,train,1.052393,3.187000
6315,train,1.556236,2.825000
6316,train,1.229077,5.000010
6317,train,0.111862,4.000000
6318,train,-0.466744,0.792000
6319,train,-0.906655,1.528000
6320,train,-1.184995,0.528000
6321,train,2.338313,5.000010
6322,train,-0.117657,3.833000
6323,train,0.001171,2.645000
6324,train,-0.449519,1.125000
6325,train,0.672821,3.158000
6326,train,-0.945595,0.488000
6327,train,-0.361389,1.820000
6328,train,0.639798,2.192000
6329,train,-0.334971,1.018000
6330,train,-0.002792,3.500000
6331,train,-1.428040,0.533000
6332,train,-0.450576,1.493000
6333,train,0.620566,2.222000
6334,train,2.375932,3.973000
6335,train,-1.005353,0.654000
6336,train,0.260648,2.681000
6337,train,3.271712,5.000010
6338,train,-0.270036,1.291000
6339,train,-0.255400,1.511000
6340,train,-0.967205,1.608000
6341,train,-0.616005,2.347000
6342,train,0.737809,2.464000
6343,train,0.099234,1.469000
6344,train,1.153838,5.000010
6345,train,-0.273576,1.184000
6346,train,-0.692987,0.932000
6347,train,-0.639570,2.528000
6348,train,-0.631327,2.171000
6349,train,0.153180,1.741000
6350,train,0.209291,2.933000
6351,train,-0.514507,2.095000
6352,train,-0.069576,2.014000
6353,train,0.447264,2.029000
6354,train,-1.101831,1.102000
6355,train,-0.367676,1.835000
6356,train,-0.512711,1.899000
6357,train,-0.056209,1.760000
6358,train,0.447264,1.507000
6359,train,-0.236696,3.519000
6360,train,0.629601,3.460000
6361,train,-0.176305,1.675000
6362,train,-0.820586,0.701000
6363,train,2.012686,5.000010
6364,train,0.527786,1.868000
6365,train,-0.260367,1.337000
6366,train,-0.324351,1.990000
6367,train,1.919113,4.232000
6368,train,0.973192,3.167000
6369,train,-0.940259,1.049000
6370,train,1.053926,1.094000
6371,train,-1.210356,0.519000
6372,train,-1.087882,1.188000
6373,train,0.149111,1.575000
6374,train,0.143247,1.741000
6375,train,3.277365,5.000010
6376,train,-1.118950,0.576000
6377,train,-0.753642,2.750000
6378,train,0.312004,1.901000
6379,train,-0.285781,0.819000
6380,train,0.606406,0.973000
6381,train,1.060636,2.742000
6382,train,-0.701599,0.948000
6383,train,-0.095255,1.126000
6384,train,1.034218,2.647000
6385,train,4.185455,5.000010
6386,train,-0.229194,1.932000
6387,train,0.285586,2.177000
6388,train,-0.088069,0.995000
6389,train,1.542235,2.737000
6390,train,0.016599,5.000010
6391,train,-0.709472,1.555000
6392,train,-1.420484,1.038000
6393,train,-1.536934,0.900000
6394,train,-0.289955,0.845000
6395,train,-1.163755,0.990000
6396,train,-0.345063,1.119000
6397,train,0.577874,2.922000
6398,train,1.884823,4.457000
6399,train,-0.779004,0.719000
6400,train,0.335780,1.605000
6401,train,-1.003345,1.656000
6402,train,-0.131923,0.965000
6403,train,0.974830,3.662000
6404,train,-0.358958,1.354000
6405,train,1.395774,2.944000
6406,train,0.348725,3.404000
6407,train,-0.903855,1.479000
6408,train,-0.566551,1.575000
6409,train,0.003813,2.030000
6410,train,0.634092,2.343000
6411,train,-0.588742,1.110000
6412,train,0.087241,1.268000
6413,train,0.466919,2.956000
6414,train,-1.293625,0.581000
6415,train,-0.260367,0.980000
6416,train,-0.724583,0.888000
6417,train,-0.708838,1.673000
6418,train,1.298239,2.621000
6419,train,-1.321998,1.625000
6420,train,-1.129940,0.520000
6421,train,4.581038,1.125000
6422,train,-0.870780,1.382000
6423,train,0.763645,3.141000
6424,train,-1.131260,0.607000
6425,train,-0.881188,1.531000
6426,train,-0.303745,1.575000
6427,train,-1.122543,0.425000
6428,train,-0.273576,2.375000
6429,train,-0.911093,0.440000
6430,train,-0.595293,1.125000
6431,train,0.953062,3.304000
6432,train,-0.202987,2.879000
6433,train,0.188738,1.276000
6434,train,0.811198,2.438000
6435,train,-0.582560,1.774000
6436,train,1.234730,2.481000
6437,train,-0.321709,1.379000
6438,train,0.665265,2.852000
6439,train,-0.164734,1.793000
6440,train,-1.319303,1.250000
6441,train,-0.828352,1.892000
6442,train,-0.829356,1.121000
6443,train,0.275759,3.413000
6444,train,-0.173980,1.868000
6445,train,0.046874,2.685000
6446,train,0.080847,0.904000
6447,train,-0.287366,0.913000
6448,train,-0.140641,1.538000
6449,train,-0.412851,1.779000
6450,train,0.250926,3.058000
6451,train,2.118410,5.000010
6452,train,-0.968843,2.500000
6453,train,-0.300839,3.694000
6454,train,1.092549,3.217000
6455,train,0.938321,3.120000
6456,train,-0.025564,0.985000
6457,train,2.663201,5.000010
6458,train,-0.041890,1.569000
6459,train,-0.425479,5.000010
6460,train,0.718946,2.481000
6461,train,0.457303,2.575000
6462,train,1.660323,5.000010
6463,train,0.665371,3.425000
6464,train,-0.685537,1.786000
6465,train,-0.159873,1.198000
6466,train,1.019847,2.861000
6467,train,-0.798183,3.406000
6468,train,-0.829356,1.054000
6469,train,0.168238,1.889000
6470,train,-1.194452,0.550000
6471,train,1.193835,2.896000
6472,train,0.750489,2.231000
6473,train,0.429458,1.875000
6474,train,-0.200926,1.170000
6475,train,-1.168457,0.425000
6476,train,0.770144,2.405000
6477,train,0.912643,4.029000
6478,train,0.221761,1.766000
6479,train,1.509529,3.772000
6480,train,-0.933549,0.825000
6481,train,-0.123892,1.698000
6482,train,0.676572,3.420000
6483,train,-0.138686,3.458000
6484,train,-0.982950,0.962000
6485,train,0.092841,1.326000
6486,train,-0.882562,1.393000
6487,train,-0.106244,2.109000
6488,train,-0.289479,1.888000
6489,train,-1.342498,1.080000
6490,train,1.265586,2.660000
6491,train,0.748851,2.588000
6492,train,-0.873897,0.992000
6493,train,0.608044,2.508000
6494,train,-0.877490,0.864000
6495,train,1.033742,2.979000
6496,train,-0.150045,2.713000
6497,train,0.654592,2.473000
6498,train,-0.747144,1.530000
6499,train,-0.355788,0.790000
6500,train,-0.374651,1.004000
6501,train,-1.194452,1.125000
6502,train,-0.842618,0.629000
6503,train,-1.522087,1.125000
6504,train,-0.845313,0.691000
6505,train,-0.089337,1.521000
6506,train,0.831381,1.879000
6507,train,0.605138,3.303000
6508,train,-1.467772,0.934000
6509,train,-0.120933,1.304000
6510,train,0.729778,3.519000
6511,train,0.607463,1.434000
6512,train,-1.006039,1.375000
6513,train,0.904559,3.382000
6514,train,-0.709472,1.637000
6515,train,0.718101,1.610000
6516,train,-0.095255,1.528000
6517,train,-0.962820,0.594000
6518,train,-0.396366,3.963000
6519,train,-0.659806,1.458000
6520,train,-0.447036,2.000000
6521,train,-0.944380,0.847000
6522,train,-1.611116,1.875000
6523,train,-0.783759,0.986000
6524,train,-0.098583,5.000000
6525,train,0.343495,2.188000
6526,train,-0.728176,0.810000
6527,train,-0.435518,0.695000
6528,train,0.300222,1.350000
6529,train,-1.179447,1.625000
6530,train,-0.910935,0.948000
6531,train,0.625004,2.915000
6532,train,1.628939,3.612000
6533,train,1.502502,5.000010
6534,train,2.012897,3.912000
6535,train,0.503851,2.019000
6536,train,-1.395017,0.641000
6537,train,-1.023370,1.734000
6538,train,-0.402390,1.410000
6539,train,3.746706,5.000010
6540,train,-0.967311,0.926000
6541,train,-0.830994,1.552000
6542,train,-1.140982,1.000000
6543,train,-1.305408,0.898000
6544,train,2.500361,5.000010
6545,train,-1.486265,1.781000
6546,train,0.158358,1.425000
6547,train,-0.511654,0.660000
6548,train,-0.606389,2.057000
6549,train,-0.686013,2.750000
6550,train,-0.722258,1.600000
6551,train,-0.260367,0.985000
6552,train,-0.153533,2.074000
6553,train,-0.348444,1.228000
6554,train,-0.111739,3.447000
6555,train,-1.030872,0.644000
6556,train,-0.052775,5.000010
6557,train,0.126445,3.656000
6558,train,2.556261,3.294000
6559,train,-1.232177,1.375000
6560,train,-1.068967,0.857000
6561,train,-0.142437,2.717000
6562,train,0.505753,2.220000
6563,train,-0.157865,0.707000
6564,train,1.193888,3.159000
6565,train,1.530452,4.126000
6566,train,0.216107,1.678000
6567,train,-1.360040,0.520000
6568,train,-0.667626,2.875000
6569,train,-0.375919,1.862000
6570,train,0.879303,3.185000
6571,train,-0.711691,0.585000
6572,train,-0.058111,1.375000
6573,train,0.588072,2.123000
6574,train,2.784195,5.000010
6575,train,-0.384690,1.668000
6576,train,0.511830,3.139000
6577,train,-0.944591,0.566000
6578,train,-0.513556,0.864000
6579,train,-1.414197,0.600000
6580,train,0.160524,1.661000
6581,train,-0.514402,1.167000
6582,train,-0.557569,5.000010
6583,train,0.351420,2.788000
6584,train,-1.193237,0.930000
6585,train,-0.876803,1.856000
6586,train,-0.036554,3.677000
6587,train,-0.620073,1.235000
6588,train,-1.262716,0.660000
6589,train,3.316464,5.000010
6590,train,-0.165421,2.000000
6591,train,-1.030872,1.592000
6592,train,-0.913841,2.423000
6593,train,-0.655051,2.511000
6594,train,-0.814562,0.984000
6595,train,-1.485631,0.516000
6596,train,1.615888,2.846000
6597,train,-0.684956,0.659000
6598,train,1.218034,2.938000
6599,train,-0.440062,2.667000
6600,train,-0.721148,1.597000
6601,train,-0.444077,1.353000
6602,train,1.374111,2.412000
6603,train,-0.997586,1.188000
6604,train,-0.416285,2.541000
6605,train,-0.001418,1.897000
6606,train,-0.609718,0.225000
6607,train,-1.000545,0.979000
6608,train,0.840839,1.391000
6609,train,-0.669845,3.136000
6610,train,-0.504733,4.750000
6611,train,0.676308,1.389000
6612,train,0.984235,2.697000
6613,train,0.089301,2.697000
6614,train,1.146336,5.000010
6615,train,-1.027491,1.885000
6616,train,-0.250275,1.359000
6617,train,3.628618,5.000010
6618,train,0.291081,1.834000
6619,train,-0.587632,2.132000
6620,train,-1.290666,2.125000
6621,train,-0.095255,2.132000
6622,train,0.156244,3.984000
6623,train,1.528815,3.527000
6624,train,0.433104,2.507000
6625,train,3.288302,5.000010
6626,train,2.416352,5.000010
6627,train,0.721165,5.000010
6628,train,-0.735520,0.856000
6629,train,0.137435,1.676000
6630,train,-0.301896,1.769000
6631,train,-0.632173,3.125000
6632,train,0.053373,1.698000
6633,train,-0.243829,1.380000
6634,train,-1.093800,1.646000
6635,train,-0.128277,1.250000
6636,train,-0.268609,0.791000
6637,train,0.579354,2.361000
6638,train,-1.274710,4.500000
6639,train,0.065314,1.205000
6640,train,1.166625,2.268000
6641,train,-1.262346,0.548000
6642,train,-0.437631,1.913000
6643,train,0.125494,1.714000
6644,train,2.049301,4.746000
6645,train,-0.471076,1.844000
6646,train,-1.071397,0.914000
6647,train,0.885062,2.691000
6648,train,-0.827666,0.266000
6649,train,-0.970851,0.638000
6650,train,-0.939308,0.918000
6651,train,1.772071,5.000010
6652,train,-0.330057,2.214000
6653,train,1.361219,2.610000
6654,train,1.053767,2.210000
6655,train,-1.340755,0.622000
6656,train,-0.695047,3.875000
6657,train,-1.052905,0.950000
6658,train,-0.168908,3.960000
6659,train,1.535736,2.941000
6660,train,0.978846,3.441000
6661,train,0.345291,2.284000
6662,train,-0.284407,5.000010
6663,train,-0.543409,1.732000
6664,train,0.476852,3.310000
6665,train,-0.022605,1.595000
6666,train,-0.818472,4.889000
6667,train,-0.997005,1.391000
6668,train,0.668752,4.612000
6669,train,-0.942848,0.773000
6670,train,2.170665,5.000010
6671,train,0.135902,2.208000
6672,train,-0.542986,1.042000
6673,train,0.893886,5.000010
6674,train,-0.346225,1.854000
6675,train,3.526592,5.000010
6676,train,1.131700,1.875000
6677,train,0.562658,0.895000
6678,train,-0.433721,0.827000
6679,train,-1.779451,1.625000
6680,train,-0.123892,1.702000
6681,train,0.285586,1.658000
6682,train,-0.730025,0.719000
6683,train,-0.312727,1.950000
6684,train,-0.880818,1.128000
6685,train,-0.091133,1.768000
6686,train,-0.543409,2.720000
6687,train,1.066553,5.000010
6688,train,0.389673,3.861000
6689,train,-0.031323,1.814000
6690,train,-1.350107,1.458000
6691,train,0.073767,2.008000
6692,train,-0.386433,1.500000
6693,train,-0.315422,1.625000
6694,train,0.407426,2.146000
6695,train,-1.416997,2.417000
6696,train,-1.218651,0.725000
6697,train,-0.883883,1.271000
6698,train,-0.625093,1.113000
6699,train,-1.193237,0.795000
6700,train,0.893252,2.417000
6701,train,1.666399,3.579000
6702,train,0.018501,1.286000
6703,train,0.939219,5.000010
6704,train,-0.788725,1.000000
6705,train,-1.540950,0.504000
6706,train,-1.136650,0.591000
6707,train,0.117885,2.329000
6708,train,0.690943,2.948000
6709,train,-0.449678,1.300000
6710,train,-0.854770,2.037000
6711,train,5.083084,5.000010
6712,train,1.229605,2.649000
6713,train,0.228365,1.513000
6714,train,4.141602,5.000010
6715,train,-0.512235,1.292000
6716,train,0.622679,4.563000
6717,train,0.262920,2.238000
6718,train,-0.048336,1.269000
6719,train,0.176533,1.639000
6720,train,-0.916430,1.602000
6721,train,-0.597248,1.500000
6722,train,-1.637534,1.875000
6723,train,0.092524,5.000010
6724,train,-0.574053,1.241000
6725,train,-0.738479,2.909000
6726,train,-1.240050,0.695000
6727,train,-0.404186,1.064000
6728,train,-0.108252,3.532000
6729,train,0.252564,4.075000
6730,train,0.906936,3.846000
6731,train,-1.257063,0.898000
6732,train,-0.638619,1.805000
6733,train,-0.674917,0.714000
6734,train,1.261148,3.667000
6735,train,-0.690979,2.500000
6736,train,1.218509,3.588000
6737,train,-0.524546,1.438000
6738,train,0.886489,2.581000
6739,train,-0.116283,1.134000
6740,train,-0.792371,2.414000
6741,train,-0.520319,1.419000
6742,train,-0.656636,1.875000
6743,train,2.748742,5.000010
6744,train,-0.574053,1.203000
6745,train,-0.749099,1.176000
6746,train,0.518804,1.844000
6747,train,0.050414,1.471000
6748,train,0.207178,2.091000
6749,train,-0.262216,1.439000
6750,train,0.947197,2.244000
6751,train,1.703173,2.654000
6752,train,-0.371586,1.560000
6753,train,3.143690,5.000010
6754,train,-0.411319,2.056000
6755,train,-0.890804,0.635000
6756,train,-1.266785,0.583000
6757,train,-0.943535,0.800000
6758,train,0.772152,1.555000
6759,train,-0.271674,2.833000
6760,train,-1.034042,0.647000
6761,train,1.012608,1.101000
6762,train,-0.845049,1.938000
6763,train,1.159386,3.044000
6764,train,-0.119770,1.628000
6765,train,0.293829,2.671000
6766,train,0.987141,5.000010
6767,train,0.488635,4.544000
6768,train,0.251507,3.318000
6769,train,-0.357215,1.149000
6770,train,-1.135435,1.375000
6771,train,-0.436469,1.417000
6772,train,-1.164124,0.480000
6773,train,-0.896458,1.792000
6774,train,-0.098425,2.453000
6775,train,1.535578,3.107000
6776,train,-0.353622,1.063000
6777,train,0.142507,3.950000
6778,train,0.076462,2.610000
6779,train,0.604240,3.386000
6780,train,-0.905387,2.539000
6781,train,-0.549326,0.693000
6782,train,0.278137,2.195000
6783,train,0.581731,2.169000
6784,train,1.202500,2.321000
6785,train,-0.712272,2.256000
6786,train,0.123909,2.173000
6787,train,0.126445,3.113000
6788,train,-0.079827,3.850000
6789,train,-0.158763,1.363000
6790,train,-1.408015,0.689000
6791,train,-0.326412,1.592000
6792,train,0.470829,1.782000
6793,train,-0.670373,3.622000
6794,train,2.626374,5.000010
6795,train,-0.137101,2.120000
6796,train,3.534570,5.000010
6797,train,0.135902,2.646000
6798,train,-0.877543,2.265000
6799,train,0.710810,2.525000
6800,train,0.094215,1.535000
6801,train,0.003813,1.793000
6802,train,-0.318169,0.835000
6803,train,2.597262,4.441000
6804,train,0.301014,1.958000
6805,train,-1.124973,0.520000
6806,train,0.002862,2.524000
6807,train,-0.822488,2.554000
6808,train,-1.342498,1.661000
6809,train,-0.597935,0.936000
6810,train,-0.017058,1.070000
6811,train,0.278982,1.307000
6812,train,-0.594237,3.071000
6813,train,-1.525310,1.214000
6814,train,0.187787,3.637000
6815,train,-0.168538,2.056000
6816,train,-1.173424,0.476000
6817,train,0.065049,2.360000
6818,train,-1.017029,0.764000
6819,train,0.848711,2.388000
6820,train,-0.451897,1.661000
6821,train,-0.744713,1.125000
6822,train,0.576184,4.457000
6823,train,-0.653994,1.560000
6824,train,-0.088650,3.397000
6825,train,-1.070499,0.847000
6826,train,-0.949558,2.685000
6827,train,-0.088650,1.760000
6828,train,-0.926152,1.849000
6829,train,0.175265,1.474000
6830,train,-0.743815,0.930000
6831,train,0.766446,3.760000
6832,train,-0.005645,3.667000
6833,train,-0.005645,5.000010
6834,train,-0.715125,1.176000
6835,train,-0.817521,0.876000
6836,train,-0.246207,2.045000
6837,train,0.608836,1.544000
6838,train,-1.209775,1.193000
6839,train,0.711761,1.465000
6840,train,-0.534532,1.791000
6841,train,-0.340307,2.182000
6842,train,1.646110,2.388000
6843,train,-0.163043,1.602000
6844,train,1.808633,1.556000
6845,train,1.244029,5.000010
6846,train,0.368856,1.403000
6847,train,0.110224,3.250000
6848,train,2.327904,1.935000
6849,train,0.221232,2.211000
6850,train,0.591189,1.817000
6851,train,0.973562,1.863000
6852,train,-1.037688,1.395000
6853,train,0.122693,0.964000
6854,train,-0.217517,2.167000
6855,train,-1.052905,0.517000
6856,train,-0.631063,1.434000
6857,train,-1.222719,1.550000
6858,train,-0.675340,1.047000
6859,train,0.077994,2.257000
6860,train,-0.604751,1.154000
6861,train,1.655462,2.868000
6862,train,5.881857,5.000010
6863,train,-0.329265,2.346000
6864,train,-0.949135,0.926000
6865,train,-0.085797,3.085000
6866,train,-0.166742,1.001000
6867,train,0.050203,2.156000
6868,train,0.267992,1.804000
6869,train,-0.278384,1.612000
6870,train,-1.341547,1.072000
6871,train,-0.725217,0.539000
6872,train,-0.781381,0.861000
6873,train,-0.094304,4.750000
6874,train,1.531826,5.000010
6875,train,-0.128277,1.357000
6876,train,-0.524546,1.345000
6877,train,0.365421,2.042000
6878,train,0.348725,3.743000
6879,train,0.894520,2.267000
6880,train,-0.693462,1.781000
6881,train,-1.180187,1.618000
6882,train,0.727241,2.132000
6883,train,-1.037530,1.051000
6884,train,2.133574,4.771000
6885,train,-0.091133,5.000010
6886,train,-0.516621,0.862000
6887,train,-0.367412,1.416000
6888,train,-0.437156,1.421000
6889,train,0.021830,1.744000
6890,train,-0.428490,1.903000
6891,train,-0.641525,0.847000
6892,train,-0.647178,2.185000
6893,train,4.427655,5.000010
6894,train,0.077994,1.861000
6895,train,0.099234,2.826000
6896,train,-1.123071,0.615000
6897,train,-0.147932,1.184000
6898,train,0.295520,2.051000
6899,train,-1.081542,0.795000
6900,train,1.595705,5.000010
6901,train,0.131253,1.772000
6902,train,-1.280416,1.821000
6903,train,0.201947,4.393000
6904,train,-0.610404,1.500000
6905,train,-0.738214,0.888000
6906,train,-1.025694,1.033000
6907,train,-0.747725,0.971000
6908,train,-1.132687,2.250000
6909,train,-0.718295,1.181000
6910,train,-1.386616,0.984000
6911,train,-1.152501,0.588000
6912,train,-1.169144,0.901000
6913,train,0.598216,2.489000
6914,train,-0.364136,1.178000
6915,train,0.735907,1.989000
6916,train,2.090935,3.614000
6917,train,-0.406088,1.426000
6918,train,0.310842,0.969000
6919,train,0.857323,2.621000
6920,train,0.758203,2.292000
6921,train,0.227625,1.896000
6922,train,-1.263403,0.506000
6923,train,0.470248,1.610000
6924,train,0.205434,2.061000
6925,train,-0.382312,1.621000
6926,train,-0.468646,0.896000
6927,train,-0.618118,2.660000
6928,train,0.532171,2.004000
6929,train,-0.293389,1.549000
6930,train,0.135902,3.944000
6931,train,0.146892,2.315000
6932,train,0.088878,1.585000
6933,train,-0.843094,1.398000
6934,train,-0.268609,1.869000
6935,train,-0.314048,1.364000
6936,train,0.113870,1.185000
6937,train,-0.012672,2.438000
6938,train,-0.328049,2.069000
6939,train,-0.512869,1.278000
6940,train,-0.737052,1.397000
6941,train,1.418757,5.000010
6942,train,1.458807,3.397000
6943,train,-0.708573,2.318000
6944,train,-0.869829,0.722000
6945,train,0.835027,1.908000
6946,train,-0.142701,1.806000
6947,train,-1.160215,0.641000
6948,train,-0.641102,1.126000
6949,train,-0.778475,1.307000
6950,train,1.011234,2.676000
6951,train,-0.311723,1.488000
6952,train,-0.579284,1.857000
6953,train,-1.159581,0.882000
6954,train,0.079843,3.029000
6955,train,-0.411477,1.414000
6956,train,-0.140165,1.164000
6957,train,-1.130943,1.375000
6958,train,-0.399431,2.381000
6959,train,-0.673755,0.723000
6960,train,1.510850,5.000010
6961,train,0.370969,1.708000
6962,train,-0.925887,0.753000
6963,train,-0.441964,0.800000
6964,train,-0.291751,1.863000
6965,train,-1.142620,1.074000
6966,train,-0.349871,1.341000
6967,train,0.452231,3.066000
6968,train,1.042619,3.818000
6969,train,1.187812,4.708000
6970,train,-1.258119,2.375000
6971,train,2.663465,4.153000
6972,train,-0.703131,1.750000
6973,train,-1.088305,1.055000
6974,train,0.089143,1.742000
6975,train,0.135902,3.595000
6976,train,-0.276852,1.736000
6977,train,-0.025089,1.415000
6978,train,-0.022130,1.461000
6979,train,-0.850385,1.925000
6980,train,-0.636611,1.027000
6981,train,-1.074937,1.271000
6982,train,-0.182328,2.024000
6983,train,0.956444,3.701000
6984,train,1.424992,2.372000
6985,train,0.407690,2.265000
6986,train,-1.148115,0.875000
6987,train,4.523446,5.000010
6988,train,-0.426641,0.708000
6989,train,-0.264329,1.582000
6990,train,-0.881188,1.277000
6991,train,0.198354,3.265000
6992,train,-0.321445,2.339000
6993,train,0.097649,1.045000
6994,train,-0.398480,0.738000
6995,train,-0.555983,1.010000
6996,train,-0.577382,1.208000
6997,train,0.064785,5.000010
6998,train,0.869423,2.273000
6999,train,2.071069,3.489000
7000,train,-1.047093,1.053000
7001,train,-0.612148,2.563000
7002,train,0.356069,4.345000
7003,train,-0.766693,1.929000
7004,train,0.478490,4.508000
7005,train,0.144409,5.000010
7006,train,-1.616928,1.375000
7007,train,-0.366038,0.668000
7008,train,0.799679,2.644000
7009,train,2.437010,5.000010
7010,train,-0.762308,0.761000
7011,train,0.365210,1.168000
7012,train,0.611372,1.967000
7013,train,-0.119453,2.043000
7014,train,0.014591,1.330000
7015,train,0.096645,1.610000
7016,train,-0.797549,1.054000
7017,train,-0.448515,1.441000
7018,train,-0.897515,1.500000
7019,train,-0.372643,3.643000
7020,train,-1.075624,0.705000
7021,train,2.086286,5.000010
7022,train,0.099234,2.750000
7023,train,0.151436,1.194000
7024,train,1.660904,3.197000
7025,train,0.420424,1.984000
7026,train,1.635649,4.173000
7027,train,-0.094251,4.188000
7028,train,-1.099506,0.455000
7029,train,-0.338088,1.824000
7030,train,-0.623613,0.691000
7031,train,0.413291,1.525000
7032,train,0.365474,1.649000
7033,train,-1.540686,0.914000
7034,train,0.141397,2.682000
7035,train,-1.116308,0.741000
7036,train,1.432970,1.966000
7037,train,-0.788725,1.280000
7038,train,-0.448938,1.004000
7039,train,0.641964,1.114000
7040,train,-0.184864,1.972000
7041,train,-0.776573,0.876000
7042,train,-1.139292,1.250000
7043,train,-0.290853,2.474000
7044,train,1.278214,3.964000
7045,train,0.245114,2.324000
7046,train,0.466127,3.558000
7047,train,0.533228,1.443000
7048,train,-0.958540,1.864000
7049,train,1.461079,2.833000
7050,train,1.501974,3.390000
7051,train,-0.887793,2.250000
7052,train,-0.108464,1.907000
7053,train,-0.206316,1.504000
7054,train,-0.702445,0.740000
7055,train,-0.575903,0.869000
7056,train,-0.135885,1.536000
7057,train,-0.524546,1.125000
7058,train,-0.008762,1.638000
7059,train,0.207970,2.671000
7060,train,-0.406616,1.113000
7061,train,0.286854,1.516000
7062,train,0.988832,1.516000
7063,train,-0.363819,1.464000
7064,train,0.189214,1.693000
7065,train,-1.007202,1.417000
7066,train,0.234970,2.101000
7067,train,-1.257855,0.871000
7068,train,-0.158763,1.120000
7069,train,-0.428490,0.713000
7070,train,-1.017346,0.984000
7071,train,-1.297271,0.425000
7072,train,-0.828352,1.467000
7073,train,0.142877,1.898000
7074,train,0.102563,1.266000
7075,train,-0.648869,2.500000
7076,train,-1.530541,1.025000
7077,train,1.261412,2.964000
7078,train,-0.935187,1.340000
7079,train,1.243712,3.335000
7080,train,-0.255136,0.969000
7081,train,-1.669764,0.788000
7082,train,0.438546,2.403000
7083,train,-0.059485,2.966000
7084,train,0.014803,2.477000
7085,train,-0.368099,2.154000
7086,train,1.984894,3.366000
7087,train,-0.744713,1.369000
7088,train,0.055169,2.909000
7089,train,-0.332910,1.841000
7090,train,0.176533,3.521000
7091,train,-0.392456,0.375000
7092,train,-1.011799,0.853000
7093,train,-0.139531,1.875000
7094,train,0.197562,2.941000
7095,train,-0.194322,1.447000
7096,train,-0.047861,2.239000
7097,train,-0.366038,1.185000
7098,train,-0.180162,2.155000
7099,train,1.843082,5.000010
7100,train,-1.464972,0.658000
7101,train,-0.307126,2.401000
7102,train,-0.254079,0.804000
7103,train,2.875020,5.000010
7104,train,-0.741543,1.820000
7105,train,1.389011,3.875000
7106,train,4.129396,5.000010
7107,train,-0.274685,1.821000
7108,train,0.227784,3.647000
7109,train,-1.000069,0.514000
7110,train,-0.483651,1.788000
7111,train,-1.104473,1.000000
7112,train,-0.685537,0.624000
7113,train,-0.419191,4.577000
7114,train,0.534126,1.277000
7115,train,-0.751265,0.858000
7116,train,0.444887,2.879000
7117,train,-0.098425,1.818000
7118,train,-0.106244,1.731000
7119,train,0.337313,2.193000
7120,train,-0.901372,0.553000
7121,train,-0.577382,2.917000
7122,train,-0.562535,0.869000
7123,train,-0.800191,0.654000
7124,train,-0.301632,2.200000
7125,train,-0.303322,1.142000
7126,train,1.424834,1.891000
7127,train,0.301014,3.700000
7128,train,1.057149,1.811000
7129,train,-0.620179,1.230000
7130,train,-0.799293,0.756000
7131,train,-0.622187,2.125000
7132,train,-0.141486,1.564000
7133,train,1.421188,3.585000
7134,train,-1.040911,1.000000
7135,train,0.135902,2.455000
7136,train,-1.038745,1.097000
7137,train,0.041802,1.582000
7138,train,-0.252124,1.242000
7139,train,-0.079827,1.089000
7140,train,-1.779451,0.550000
7141,train,-1.155406,1.455000
7142,train,0.495028,4.380000
7143,train,0.915918,3.502000
7144,train,-0.634603,3.259000
7145,train,0.481660,2.258000
7146,train,3.667030,5.000010
7147,train,-0.256457,1.155000
7148,train,0.770937,3.750000
7149,train,1.925031,3.555000
7150,train,-0.113589,1.000000
7151,train,-0.687703,1.182000
7152,train,2.480283,3.478000
7153,train,-1.279835,0.541000
7154,train,1.137142,3.042000
7155,train,-0.650613,0.938000
7156,train,-0.713223,1.040000
7157,train,0.345027,1.881000
7158,train,-0.668841,2.500000
7159,train,-0.468910,1.659000
7160,train,-0.647178,0.713000
7161,train,-1.055547,1.708000
7162,train,0.187047,2.005000
7163,train,-0.524546,2.340000
7164,train,-0.562271,1.101000
7165,train,-0.637773,0.904000
7166,train,-1.139027,0.821000
7167,train,0.357602,2.448000
7168,train,0.144145,2.008000
7169,train,-0.619704,1.636000
7170,train,0.582683,1.847000
7171,train,0.094638,1.966000
7172,train,-0.053990,1.450000
7173,train,-0.060489,0.870000
7174,train,-0.372854,1.310000
7175,train,-0.252600,2.227000
7176,train,1.259510,1.593000
7177,train,0.587702,2.415000
7178,train,-0.848747,0.730000
7179,train,-0.314735,0.738000
7180,train,-0.641947,3.000000
7181,train,0.017022,0.859000
7182,train,-1.118950,0.379000
7183,train,-1.043447,1.529000
7184,train,-0.631856,3.185000
7185,train,-0.091820,1.596000
7186,train,-0.501615,1.005000
7187,train,1.811592,3.429000
7188,train,0.151436,2.770000
7189,train,0.713240,1.627000
7190,train,-0.520055,1.965000
7191,train,-0.442968,0.702000
7192,train,0.113870,2.667000
7193,train,0.032872,3.900000
7194,train,-1.218017,0.715000
7195,train,0.061245,2.460000
7196,train,0.793709,2.754000
7197,train,0.207231,1.826000
7198,train,-1.026117,1.353000
7199,train,0.628544,2.408000
7200,train,0.162320,1.440000
7201,train,0.360455,1.877000
7202,train,-0.999224,0.581000
7203,train,0.011157,1.875000
7204,train,-1.073775,0.742000
7205,train,-0.139584,1.435000
7206,train,2.290919,5.000010
7207,train,-0.491524,0.952000
7208,train,-0.983848,1.894000
7209,train,-0.244833,1.179000
7210,train,-0.344904,3.313000
7211,train,-0.678668,5.000010
7212,train,-0.140271,1.313000
7213,train,0.644025,5.000010
7214,train,-1.011640,1.625000
7215,train,-0.693779,1.504000
7216,train,3.139516,5.000010
7217,train,0.680112,2.639000
7218,train,-0.430181,1.375000
7219,train,0.532171,2.304000
7220,train,-0.193159,2.813000
7221,train,-0.433351,4.562000
7222,train,1.454105,4.062000
7223,train,0.824724,3.316000
7224,train,-0.643902,2.167000
7225,train,-0.742758,1.625000
7226,train,1.481209,3.115000
7227,train,-0.250486,2.700000
7228,train,-0.472397,0.721000
7229,train,-0.300363,0.911000
7230,train,-0.700648,0.922000
7231,train,-0.131659,5.000010
7232,train,-0.218362,0.898000
7233,train,-0.736207,1.582000
7234,train,0.292349,2.152000
7235,train,-0.693304,1.057000
7236,train,1.995567,5.000010
7237,train,0.568840,2.850000
7238,train,0.215790,3.101000
7239,train,0.353586,1.853000
7240,train,-1.138975,0.982000
7241,train,0.102299,1.070000
7242,train,-0.142120,0.845000
7243,train,-0.695734,1.600000
7244,train,0.051154,1.378000
7245,train,1.028882,2.956000
7246,train,-0.969160,0.439000
7247,train,1.167629,3.275000
7248,train,-0.058322,0.927000
7249,train,-0.071690,2.165000
7250,train,0.444675,2.347000
7251,train,-1.159739,0.554000
7252,train,-0.943693,1.133000
7253,train,1.198379,2.250000
7254,train,-0.191574,1.960000
7255,train,0.877401,3.310000
7256,train,-0.232364,1.407000
7257,train,-0.999224,1.080000
7258,train,-0.703501,0.959000
7259,train,1.010019,2.724000
7260,train,0.017022,1.386000
7261,train,-0.924144,2.393000
7262,train,0.411072,5.000010
7263,train,0.554891,1.306000
7264,train,-0.430974,2.766000
7265,train,-0.218679,1.250000
7266,train,0.240359,2.515000
7267,train,0.670971,2.133000
7268,train,0.135902,2.375000
7269,train,1.440843,4.040000
7270,train,-0.609453,1.381000
7271,train,-0.348444,0.762000
7272,train,-1.091739,0.620000
7273,train,-0.782438,0.833000
7274,train,-0.114117,1.643000
7275,train,2.072337,5.000010
7276,train,-0.602585,2.697000
7277,train,-0.519949,1.761000
7278,train,-0.984641,1.142000
7279,train,1.183902,5.000010
7280,train,0.896739,2.671000
7281,train,-1.033091,0.475000
7282,train,0.245959,1.495000
7283,train,-0.344693,2.596000
7284,train,-0.238334,1.982000
7285,train,-0.040200,1.422000
7286,train,-1.168668,1.014000
7287,train,0.316443,1.906000
7288,train,0.098495,1.684000
7289,train,-1.068756,2.375000
7290,train,-1.133902,1.750000
7291,train,-0.181958,3.347000
7292,train,-0.893288,2.132000
7293,train,-0.123205,3.380000
7294,train,-1.228479,0.885000
7295,train,-0.693304,0.758000
7296,train,-0.992619,5.000000
7297,train,1.450829,3.427000
7298,train,-0.379617,1.994000
7299,train,1.104490,5.000010
7300,train,0.239672,3.427000
7301,train,-0.737052,0.883000
7302,train,-0.829990,0.620000
7303,train,-1.150651,0.542000
7304,train,-0.455754,2.425000
7305,train,-0.452478,3.667000
7306,train,1.142531,2.731000
7307,train,-0.874214,1.385000
7308,train,3.053235,5.000010
7309,train,0.611689,2.260000
7310,train,0.117674,1.348000
7311,train,0.080847,1.714000
7312,train,0.984394,1.779000
7313,train,-0.665459,3.219000
7314,train,-0.976187,0.711000
7315,train,-0.205312,1.690000
7316,train,1.183426,2.212000
7317,train,-0.854770,0.842000
7318,train,-0.154695,2.740000
7319,train,0.960459,1.381000
7320,train,0.058868,0.889000
7321,train,0.550770,3.191000
7322,train,-0.155012,1.978000
7323,train,0.120316,1.742000
7324,train,-0.062232,1.875000
7325,train,-1.095649,1.103000
7326,train,-0.156967,3.417000
7327,train,-0.869459,0.750000
7328,train,-0.823756,1.188000
7329,train,-0.095255,1.695000
7330,train,-0.689658,1.531000
7331,train,-0.078717,1.345000
7332,train,3.433020,5.000010
7333,train,-0.319437,1.809000
7334,train,1.566275,3.941000
7335,train,-0.342896,1.125000
7336,train,0.493654,1.335000
7337,train,-1.130785,1.023000
7338,train,-0.043053,1.922000
7339,train,0.098178,2.620000
7340,train,-1.317084,1.049000
7341,train,0.187523,2.354000
7342,train,-0.132557,2.570000
7343,train,-0.399061,1.226000
7344,train,-1.118950,0.857000
7345,train,-0.260367,2.125000
7346,train,0.319666,2.058000
7347,train,-0.238334,3.391000
7348,train,-0.549326,1.036000
7349,train,-0.336556,3.408000
7350,train,-0.244674,2.945000
7351,train,-0.010876,1.976000
7352,train,0.490061,2.109000
7353,train,-0.467959,1.550000
7354,train,-0.574899,1.055000
7355,train,-0.575374,1.154000
7356,train,-1.190278,1.013000
7357,train,-1.449174,2.250000
7358,train,1.057466,4.904000
7359,train,-0.661127,1.500000
7360,train,-0.860582,1.213000
7361,train,-0.151842,3.838000
7362,train,0.431519,2.500000
7363,train,-0.232047,2.479000
7364,train,1.520731,2.041000
7365,train,1.142796,5.000010
7366,train,-0.652515,1.103000
7367,train,-0.007177,1.985000
7368,train,0.624898,3.804000
7369,train,-0.815143,2.500000
7370,train,2.987507,5.000010
7371,train,2.111806,5.000010
7372,train,0.194603,1.916000
7373,train,0.435640,1.810000
7374,train,-0.381255,1.875000
7375,train,-0.379247,1.406000
7376,train,-0.551862,3.100000
7377,train,1.805252,3.018000
7378,train,0.951318,2.487000
7379,train,0.564348,3.177000
7380,train,-0.600524,1.471000
7381,train,0.315174,1.330000
7382,train,1.067399,4.477000
7383,train,1.743328,3.407000
7384,train,0.851089,2.235000
7385,train,0.329334,2.274000
7386,train,-1.184995,0.750000
7387,train,-0.929058,0.750000
7388,train,-1.184995,0.675000
7389,train,-0.810758,3.647000
7390,train,0.012425,1.263000
7391,train,-0.312410,1.650000
7392,train,0.593144,1.581000
7393,train,0.121214,1.637000
7394,train,-0.307813,0.988000
7395,train,-0.389498,2.140000
7396,train,-1.016871,0.890000
7397,train,0.470036,2.099000
7398,train,1.041668,4.853000
7399,train,0.374932,1.821000
7400,train,-0.333756,1.875000
7401,train,1.085574,2.394000
7402,train,0.625374,2.691000
7403,train,-1.210990,1.083000
7404,train,-0.757447,1.250000
7405,train,-0.230673,0.684000
7406,train,-0.354732,1.154000
7407,train,0.475584,2.040000
7408,train,-0.699222,2.361000
7409,train,-0.072377,1.969000
7410,train,-0.319067,0.875000
7411,train,0.445256,2.750000
7412,train,0.954277,1.738000
7413,train,-0.912150,1.577000
7414,train,-1.013278,0.610000
7415,train,1.126575,2.201000
7416,train,-0.687122,0.682000
7417,train,-0.867081,1.898000
7418,train,0.646403,1.698000
7419,train,-0.768542,1.983000
7420,train,-0.442862,5.000010
7421,train,-0.185128,2.680000
7422,train,-0.353939,1.546000
7423,train,-0.040200,1.792000
7424,train,-0.548586,1.265000
7425,train,-0.135885,1.964000
7426,train,-0.081095,1.786000
7427,train,-0.031165,0.877000
7428,train,-1.164019,0.691000
7429,train,0.172359,2.939000
7430,train,0.717678,3.032000
7431,train,1.340243,3.331000
7432,train,-0.141486,1.794000
7433,train,0.036835,4.500000
7434,train,-1.165181,0.887000
7435,train,0.499149,2.105000
7436,train,0.019029,2.761000
7437,train,-0.980837,1.313000
7438,train,-1.105054,3.125000
7439,train,-0.847426,0.525000
7440,train,-0.656636,1.500000
7441,train,-1.027227,1.172000
7442,train,-0.734516,1.016000
7443,train,-0.326412,0.806000
7444,train,-1.243273,0.946000
7445,train,-0.150310,2.188000
7446,train,0.063253,3.465000
7447,train,-0.601264,1.034000
7448,train,1.201919,4.507000
7449,train,-0.400223,1.100000
7450,train,-0.498604,1.875000
7451,train,-1.076734,0.578000
7452,train,-0.373964,1.438000
7453,train,-0.632014,2.271000
7454,train,0.036835,1.487000
7455,train,1.177139,4.054000
7456,train,0.711602,2.552000
7457,train,-0.262216,5.000000
7458,train,-0.108464,2.171000
7459,train,-0.184864,1.614000
7460,train,0.501685,1.158000
7461,train,-0.496226,2.577000
7462,train,-1.387779,2.167000
7463,train,-0.687915,2.080000
7464,train,0.733635,1.441000
7465,train,-1.057132,0.606000
7466,train,-0.153691,1.038000
7467,train,1.283550,2.183000
7468,train,-0.359434,3.727000
7469,train,-0.722681,1.367000
7470,train,-0.377134,1.157000
7471,train,-0.154959,3.337000
7472,train,-0.861745,1.200000
7473,train,-0.048178,1.770000
7474,train,0.400082,2.308000
7475,train,-0.641102,1.281000
7476,train,-0.319437,0.998000
7477,train,0.147896,3.151000
7478,train,3.281803,5.000010
7479,train,0.232433,1.406000
7480,train,0.089882,1.728000
7481,train,-0.314418,2.685000
7482,train,-0.757130,1.048000
7483,train,-0.293389,0.968000
7484,train,1.203927,3.544000
7485,train,0.947514,2.656000
7486,train,0.724177,1.774000
7487,train,1.377228,5.000010
7488,train,-0.666093,1.037000
7489,train,-0.046593,1.590000
7490,train,-0.345855,1.761000
7491,train,-0.541031,1.393000
7492,train,0.135902,3.300000
7493,train,0.479336,1.941000
7494,train,-0.653413,1.241000
7495,train,-0.131130,1.528000
7496,train,-0.343530,1.875000
7497,train,0.895999,2.688000
7498,train,0.273328,1.173000
7499,train,-0.094092,1.011000
7500,train,1.830877,3.372000
7501,train,-1.027332,0.746000
7502,train,1.284554,2.869000
7503,train,-1.132159,2.875000
7504,train,-0.494852,2.391000
7505,train,1.259669,3.457000
7506,train,0.518962,1.869000
7507,train,1.831353,2.942000
7508,train,-0.499132,0.450000
7509,train,0.082010,1.577000
7510,train,0.281201,3.184000
7511,train,-0.110471,1.546000
7512,train,-0.454327,2.773000
7513,train,-1.024585,0.785000
7514,train,-1.003028,1.732000
7515,train,0.405577,2.029000
7516,train,-0.892707,1.268000
7517,train,-0.656636,0.721000
7518,train,1.353135,3.207000
7519,train,0.277450,1.625000
7520,train,0.335780,2.131000
7521,train,1.008645,2.816000
7522,train,-0.352248,4.283000
7523,train,0.069858,2.547000
7524,train,-1.153821,0.713000
7525,train,-1.090630,1.750000
7526,train,-0.005011,2.616000
7527,train,0.676942,1.843000
7528,train,-0.678668,1.837000
7529,train,0.525461,1.769000
7530,train,-0.434936,1.019000
7531,train,1.718231,4.699000
7532,train,-1.171574,1.518000
7533,train,-0.765161,1.944000
7534,train,2.468976,3.988000
7535,train,-1.069390,0.905000
7536,train,-1.404739,0.979000
7537,train,-0.808169,0.894000
7538,train,-0.531732,1.452000
7539,train,-1.377106,0.875000
7540,train,1.281067,2.839000
7541,train,0.687826,2.614000
7542,train,1.132704,2.712000
7543,train,-0.383739,0.550000
7544,train,1.184906,2.407000
7545,train,-0.008868,1.835000
7546,train,1.082404,2.374000
7547,train,-0.161299,1.153000
7548,train,-0.187717,1.556000
7549,train,0.370071,3.716000
7550,train,-0.115913,0.950000
7551,train,-0.356581,1.379000
7552,train,-0.831206,0.888000
7553,train,-0.443813,3.563000
7554,train,0.957395,3.209000
7555,train,-0.582190,0.775000
7556,train,-0.205312,0.946000
7557,train,0.257583,2.206000
7558,train,0.955651,2.651000
7559,train,0.117410,2.038000
7560,train,-0.951301,0.875000
7561,train,0.301014,5.000010
7562,train,-0.917962,0.585000
7563,train,-0.334654,1.701000
7564,train,-1.135435,1.268000
7565,train,-0.152634,1.203000
7566,train,-0.711691,0.855000
7567,train,-0.223382,2.034000
7568,train,-0.720409,0.923000
7569,train,-0.745559,1.400000
7570,train,-0.385059,1.857000
7571,train,1.094821,2.419000
7572,train,0.285481,4.352000
7573,train,0.712659,2.309000
7574,train,0.139073,3.143000
7575,train,-0.156756,3.127000
7576,train,1.198379,2.250000
7577,train,-0.035814,1.458000
7578,train,1.258031,2.520000
7579,train,0.759736,2.264000
7580,train,0.035831,2.670000
7581,train,0.584056,1.650000
7582,train,0.436116,3.561000
7583,train,0.363625,2.053000
7584,train,1.100580,1.811000
7585,train,0.684286,2.229000
7586,train,1.564003,2.790000
7587,train,-0.746721,1.642000
7588,train,0.222289,2.624000
7589,train,-0.767591,1.375000
7590,train,0.306245,1.602000
7591,train,-0.811498,0.912000
7592,train,-1.064582,0.672000
7593,train,-0.952253,0.934000
7594,train,-0.290378,1.138000
7595,train,0.171619,2.445000
7596,train,-0.743551,1.960000
7597,train,0.071918,1.951000
7598,train,0.792599,2.284000
7599,train,-0.501668,0.769000
7600,train,0.069858,2.632000
7601,train,-0.022605,2.785000
7602,train,0.489427,1.475000
7603,train,0.199200,1.509000
7604,train,-0.436469,1.463000
7605,train,0.138280,1.880000
7606,train,0.504644,1.926000
7607,train,-0.889536,0.752000
7608,train,-0.514454,2.567000
7609,train,-1.567473,0.861000
7610,train,2.308778,3.883000
7611,train,-0.906919,0.867000
7612,train,0.157354,3.647000
7613,train,0.493443,2.738000
7614,train,3.511798,3.459000
7615,train,2.731518,2.391000
7616,train,-0.905915,2.400000
7617,train,-0.689658,1.092000
7618,train,-0.283350,0.854000
7619,train,0.094532,1.215000
7620,train,-0.309874,0.687000
7621,train,0.991949,2.409000
7622,train,0.216636,0.973000
7623,train,0.149111,2.722000
7624,train,-0.620496,1.602000
7625,train,-0.109943,1.456000
7626,train,-0.153374,1.097000
7627,train,-0.503887,2.143000
7628,train,-1.208137,0.940000
7629,train,-0.693568,1.050000
7630,train,0.523348,2.242000
7631,train,0.159467,1.750000
7632,train,0.030812,2.133000
7633,train,-0.931805,2.683000
7634,train,-0.646491,1.033000
7635,train,-1.061147,1.192000
7636,train,-1.236668,1.003000
7637,train,0.217164,1.250000
7638,train,2.263233,5.000010
7639,train,0.764438,1.686000
7640,train,-0.428966,1.201000
7641,train,-0.810441,0.871000
7642,train,1.532619,2.947000
7643,train,0.206914,2.424000
7644,train,-1.071609,0.771000
7645,train,2.035194,1.938000
7646,train,-0.550964,1.862000
7647,train,0.255998,0.960000
7648,train,4.812300,5.000010
7649,train,1.531773,5.000010
7650,train,-0.209539,1.443000
7651,train,5.031833,5.000010
7652,train,2.361878,4.058000
7653,train,-1.038217,2.179000
7654,train,0.808820,3.187000
7655,train,-1.136967,0.622000
7656,train,-1.482883,3.000000
7657,train,-0.907131,0.675000
7658,train,1.071837,4.148000
7659,train,1.721718,5.000010
7660,train,0.678474,2.647000
7661,train,-0.714755,1.108000
7662,train,0.618875,2.598000
7663,train,-0.544201,1.700000
7664,train,-0.092877,1.452000
7665,train,-1.001020,1.010000
7666,train,0.144726,5.000000
7667,train,0.408324,5.000010
7668,train,1.896975,2.966000
7669,train,-0.798447,0.710000
7670,train,-0.797549,0.950000
7671,train,0.356069,2.389000
7672,train,1.105229,5.000010
7673,train,-0.975183,0.604000
7674,train,0.138755,2.291000
7675,train,-0.461988,1.182000
7676,train,-0.029210,1.703000
7677,train,0.035250,1.502000
7678,train,-0.120299,2.675000
7679,train,0.179281,4.309000
7680,train,0.974144,3.139000
7681,train,0.563080,2.981000
7682,train,0.904083,2.920000
7683,train,0.447264,2.193000
7684,train,0.028170,0.923000
7685,train,-0.029210,2.445000
7686,train,-1.135435,1.125000
7687,train,0.735325,1.109000
7688,train,-0.168538,1.016000
7689,train,-1.410657,3.500000
7690,train,1.568811,3.830000
7691,train,0.620619,2.259000
7692,train,0.979374,2.594000
7693,train,0.845911,3.050000
7694,train,2.148315,3.547000
7695,train,-1.197094,0.914000
7696,train,1.761292,3.536000
7697,train,0.378049,4.275000
7698,train,-0.872470,2.317000
7699,train,-0.385852,1.921000
7700,train,3.861783,5.000010
7701,train,-0.146294,5.000010
7702,train,-0.918755,2.500000
7703,train,-0.128277,2.667000
7704,train,-0.331907,1.019000
7705,train,0.351843,3.067000
7706,train,-0.353781,1.717000
7707,train,-1.083391,1.542000
7708,train,1.349225,3.406000
7709,train,1.088533,2.399000
7710,train,-1.017188,0.823000
7711,train,0.018501,3.679000
7712,train,-0.382470,1.923000
7713,train,-0.392456,0.934000
7714,train,-0.547213,1.500000
7715,train,1.456588,2.842000
7716,train,5.881857,5.000010
7717,train,-0.629742,1.206000
7718,train,-0.213660,1.453000
7719,train,-0.636505,2.440000
7720,train,-0.572732,1.559000
7721,train,-1.283428,0.610000
7722,train,-0.598622,2.091000
7723,train,1.287936,3.590000
7724,train,-0.694361,1.440000
7725,train,-1.225097,2.250000
7726,train,-1.446744,0.938000
7727,train,0.177590,5.000010
7728,train,0.412075,1.504000
7729,train,1.433763,3.142000
7730,train,3.445753,5.000010
7731,train,-0.200926,0.908000
7732,train,-0.537755,1.875000
7733,train,-0.011404,2.313000
7734,train,-0.637192,1.797000
7735,train,-0.119665,2.127000
7736,train,1.373107,3.482000
7737,train,0.810828,2.530000
7738,train,-0.032855,1.711000
7739,train,0.222817,1.868000
7740,train,0.738496,2.431000
7741,train,0.910952,3.734000
7742,train,-1.052905,0.478000
7743,train,-0.866024,1.400000
7744,train,0.350575,1.894000
7745,train,-1.184995,1.875000
7746,train,-0.952887,2.467000
7747,train,0.754610,2.262000
7748,train,-0.296084,0.842000
7749,train,-0.352830,1.550000
7750,train,-0.968209,1.136000
7751,train,0.593831,2.481000
7752,train,0.215156,1.853000
7753,train,0.127924,1.136000
7754,train,1.671260,4.750000
7755,train,0.147685,3.544000
7756,train,0.066846,1.002000
7757,train,-0.973651,1.355000
7758,train,0.501210,2.411000
7759,train,-0.489040,2.331000
7760,train,0.348197,2.074000
7761,train,-0.739165,2.364000
7762,train,-0.445821,1.480000
7763,train,-1.019301,1.063000
7764,train,-0.433721,1.360000
7765,train,0.111122,1.243000
7766,train,-1.161271,1.080000
7767,train,-1.184995,1.015000
7768,train,-0.471710,0.639000
7769,train,0.970128,2.776000
7770,train,0.656283,2.131000
7771,train,0.183402,1.990000
7772,train,-0.198971,1.577000
7773,train,1.093236,2.252000
7774,train,-0.590591,2.397000
7775,train,-0.688707,0.598000
7776,train,0.902340,3.099000
7777,train,-0.671641,1.093000
7778,train,-0.814140,0.508000
7779,train,0.257583,1.857000
7780,train,0.441505,2.230000
7781,train,-0.241504,1.104000
7782,train,-0.906444,1.553000
7783,train,-1.028706,0.936000
7784,train,-0.307813,1.962000
7785,train,-0.867345,2.250000
7786,train,0.180707,1.741000
7787,train,-0.510386,2.750000
7788,train,1.797168,4.987000
7789,train,-0.741173,1.987000
7790,train,0.501368,1.633000
7791,train,-0.684692,1.056000
7792,train,0.490484,1.688000
7793,train,0.502161,1.469000
7794,train,-0.464683,2.961000
7795,train,0.759049,3.190000
7796,train,0.527469,1.862000
7797,train,-0.596086,1.256000
7798,train,4.560907,2.810000
7799,train,1.170112,2.735000
7800,train,-0.956479,0.670000
7801,train,0.334037,2.226000
7802,train,0.882737,3.590000
7803,train,0.033189,2.684000
7804,train,0.518011,5.000010
7805,train,3.627086,5.000010
7806,train,-0.963824,0.823000
7807,train,-0.098002,2.952000
7808,train,0.652109,4.175000
7809,train,1.085627,2.658000
7810,train,-0.996952,1.046000
7811,train,-0.288687,1.665000
7812,train,-0.150310,2.002000
7813,train,0.631080,1.741000
7814,train,0.426500,2.288000
7815,train,2.808552,5.000010
7816,train,0.962889,2.432000
7817,train,-0.832051,0.717000
7818,train,0.167234,2.076000
7819,train,-0.095255,4.220000
7820,train,-0.708521,2.357000
7821,train,0.076462,2.301000
7822,train,5.175018,5.000010
7823,train,0.243793,2.065000
7824,train,0.545380,1.524000
7825,train,0.066106,0.883000
7826,train,0.406686,3.591000
7827,train,0.556951,2.000000
7828,train,-0.282399,1.434000
7829,train,1.241704,3.053000
7830,train,1.701165,2.407000
7831,train,0.312903,1.898000
7832,train,-0.252864,3.231000
7833,train,-0.260367,1.185000
7834,train,-1.411819,1.031000
7835,train,1.267805,3.572000
7836,train,-0.347810,1.670000
7837,train,-0.051242,1.706000
7838,train,0.366055,3.038000
7839,train,0.328014,1.791000
7840,train,1.235364,2.399000
7841,train,0.293512,2.286000
7842,train,2.585004,3.625000
7843,train,-0.424950,1.600000
7844,train,1.171961,2.660000
7845,train,-0.997533,0.981000
7846,train,-1.326172,1.475000
7847,train,-0.912309,1.364000
7848,train,2.188312,5.000010
7849,train,0.301014,3.530000
7850,train,0.201947,1.503000
7851,train,-0.646491,1.563000
7852,train,-0.703501,0.863000
7853,train,-0.136889,1.821000
7854,train,-0.357796,2.345000
7855,train,0.452918,2.896000
7856,train,-0.997586,0.858000
7857,train,-1.099136,0.768000
7858,train,-0.791896,1.734000
7859,train,-1.136069,0.584000
7860,train,-0.345908,1.375000
7861,train,-1.099612,3.250000
7862,train,0.641225,4.468000
7863,train,0.189953,1.418000
7864,train,2.491326,3.977000
7865,train,-0.487878,1.193000
7866,train,-0.688707,1.027000
7867,train,-0.656636,2.250000
7868,train,0.077783,1.867000
7869,train,0.311159,1.911000
7870,train,0.676519,5.000010
7871,train,-0.932492,0.991000
7872,train,4.608565,5.000010
7873,train,-0.465845,1.609000
7874,train,-0.766693,1.255000
7875,train,-1.091422,0.559000
7876,train,0.835608,2.426000
7877,train,0.874971,1.853000
7878,train,-1.091739,1.051000
7879,train,0.086395,4.352000
7880,train,4.370011,5.000010
7881,train,0.475584,1.539000
7882,train,0.115402,3.218000
7883,train,-0.714016,1.781000
7884,train,-1.188482,2.250000
7885,train,1.528445,3.643000
7886,train,-0.574053,1.051000
7887,train,0.186730,1.854000
7888,train,-0.948343,1.141000
7889,train,-0.238334,1.969000
7890,train,-0.260367,1.781000
7891,train,0.668488,3.240000
7892,train,-0.983584,0.920000
7893,train,-0.072007,1.979000
7894,train,0.030231,1.804000
7895,train,-0.534955,3.076000
7896,train,0.181605,1.189000
7897,train,0.117885,0.928000
7898,train,-0.961922,0.932000
7899,train,0.572010,2.148000
7900,train,0.051840,1.785000
7901,train,-0.248954,2.432000
7902,train,-1.115040,0.517000
7903,train,-1.134483,1.075000
7904,train,-0.183808,2.614000
7905,train,0.618083,5.000010
7906,train,-0.986860,0.833000
7907,train,0.489691,3.556000
7908,train,-0.811762,1.216000
7909,train,1.136614,3.249000
7910,train,1.331314,3.107000
7911,train,-0.303534,2.600000
7912,train,0.406105,4.563000
7913,train,-0.808169,1.207000
7914,train,-0.222642,1.130000
7915,train,-0.766693,0.583000
7916,train,-0.113853,1.585000
7917,train,-0.098161,1.088000
7918,train,-0.692987,3.714000
7919,train,-0.882826,1.494000
7920,train,0.694061,2.799000
7921,train,0.276974,1.876000
7922,train,1.091069,2.559000
7923,train,0.386186,3.560000
7924,train,0.127660,1.622000
7925,train,-0.640891,1.232000
7926,train,-1.414302,0.761000
7927,train,0.689147,2.371000
7928,train,-1.397131,0.685000
7929,train,-0.241082,1.848000
7930,train,-0.737369,1.943000
7931,train,1.978765,4.125000
7932,train,0.526676,1.368000
7933,train,-0.461037,0.638000
7934,train,-1.222508,1.000000
7935,train,0.003813,1.647000
7936,train,-1.079746,0.535000
7937,train,0.936841,1.909000
7938,train,-0.594501,1.031000
7939,train,-1.102412,0.947000
7940,train,0.737492,1.913000
7941,train,0.410755,2.362000
7942,train,-1.426402,0.781000
7943,train,-0.928741,2.233000
7944,train,-0.282399,2.083000
7945,train,0.711549,2.292000
7946,train,0.012055,1.410000
7947,train,0.352899,1.712000
7948,train,0.160947,2.116000
7949,train,-0.449044,1.493000
7950,train,-0.136678,0.872000
7951,train,1.205459,2.578000
7952,train,0.619298,2.534000
7953,train,-1.133744,1.500000
7954,train,0.032133,2.627000
7955,train,1.189080,0.750000
7956,train,0.668488,3.161000
7957,train,0.929814,2.008000
7958,train,0.733212,5.000010
7959,train,-0.564173,0.720000
7960,train,0.009836,1.326000
7961,train,1.082087,3.431000
7962,train,-1.124709,1.250000
7963,train,-0.869459,0.813000
7964,train,-0.702180,0.596000
7965,train,-1.005088,1.023000
7966,train,-0.660123,1.139000
7967,train,5.509787,5.000010
7968,train,0.060241,1.529000
7969,train,-0.373594,2.183000
7970,train,0.080530,1.663000
7971,train,0.003813,2.583000
7972,train,-1.179500,0.490000
7973,train,-1.133638,1.185000
7974,train,1.302571,4.000000
7975,train,-0.688232,1.653000
7976,train,0.099234,1.825000
7977,train,-0.034546,1.449000
7978,train,-0.524546,0.878000
7979,train,0.264822,1.211000
7980,train,-0.944221,1.426000
7981,train,-1.219655,0.875000
7982,train,0.095800,1.479000
7983,train,-0.276852,1.996000
7984,train,0.281201,5.000000
7985,train,-0.924408,0.713000
7986,train,-0.641789,1.083000
7987,train,0.100555,1.629000
7988,train,-0.062232,2.125000
7989,train,0.344181,4.460000
7990,train,0.030231,1.661000
7991,train,-1.100510,0.993000
7992,train,0.654064,1.707000
7993,train,-0.593972,2.017000
7994,train,0.042330,2.038000
7995,train,-0.887793,0.643000
7996,train,-0.219736,1.433000
7997,train,1.257344,3.313000
7998,train,-1.030133,1.188000
7999,train,-1.270113,1.125000
8000,train,1.334748,3.167000
8001,train,0.622732,1.639000
8002,train,0.760951,5.000010
8003,train,1.010970,2.750000
8004,train,1.307644,3.048000
8005,train,-0.376817,2.612000
8006,train,0.742088,2.183000
8007,train,-0.977244,0.984000
8008,train,-0.013253,2.835000
8009,train,2.624049,4.305000
8010,train,1.267171,2.685000
8011,train,0.557903,1.666000
8012,train,0.115032,4.108000
8013,train,-0.777736,1.750000
8014,train,1.827549,3.899000
8015,train,1.585507,4.065000
8016,train,0.373664,3.360000
8017,train,-0.625568,1.646000
8018,train,-0.073222,4.167000
8019,train,0.041537,1.796000
8020,train,-0.645646,1.250000
8021,train,-1.269373,1.188000
8022,train,-1.332882,0.575000
8023,train,-0.662184,0.803000
8024,train,1.644050,5.000010
8025,train,0.908627,1.678000
8026,train,-0.239866,1.267000
8027,train,-1.214371,0.579000
8028,train,-0.182117,1.143000
8029,train,0.098864,2.237000
8030,train,0.198460,3.310000
8031,train,5.881857,5.000010
8032,train,-0.511337,1.250000
8033,train,-0.158182,0.787000
8034,train,0.274597,2.877000
8035,train,-1.305883,1.243000
8036,train,-0.649661,0.762000
8037,train,0.502795,1.704000
8038,train,-0.122254,2.192000
8039,train,0.395696,1.440000
8040,train,0.353480,3.074000
8041,train,-0.751001,0.725000
8042,train,-1.265516,1.063000
8043,train,0.225988,2.188000
8044,train,0.402354,3.565000
8045,train,-0.025564,1.257000
8046,train,1.222472,2.885000
8047,train,-0.978301,1.420000
8048,train,0.274015,2.052000
8049,train,1.481579,2.717000
8050,train,1.556923,3.392000
8051,train,0.928652,2.838000
8052,train,-0.732825,1.576000
8053,train,-0.557040,2.603000
8054,train,-0.209010,1.354000
8055,train,0.236925,1.364000
8056,train,-0.408677,1.745000
8057,train,-0.190518,1.219000
8058,train,-0.767855,1.376000
8059,train,0.920040,3.568000
8060,train,0.182504,0.965000
8061,train,-0.365510,0.718000
8062,train,-0.616269,1.567000
8063,train,-0.656636,0.675000
8064,train,0.749063,2.535000
8065,train,1.060530,1.938000
8066,train,-0.602796,1.241000
8067,train,-1.039009,0.869000
8068,train,1.144117,2.449000
8069,train,-0.546579,1.832000
8070,train,0.730729,2.929000
8071,train,0.949152,2.370000
8072,train,0.334037,1.842000
8073,train,0.060664,2.158000
8074,train,1.641249,2.620000
8075,train,2.246379,4.716000
8076,train,-0.146294,3.531000
8077,train,0.060136,1.820000
8078,train,0.228841,1.434000
8079,train,-0.062232,1.744000
8080,train,2.481815,5.000010
8081,train,0.061615,1.653000
8082,train,1.029885,2.573000
8083,train,0.190957,0.644000
8084,train,-0.819423,1.234000
8085,train,4.140598,5.000010
8086,train,-0.656636,2.500000
8087,train,2.642595,4.504000
8088,train,3.747287,5.000010
8089,train,-0.793586,1.641000
8090,train,-0.810758,0.728000
8091,train,-0.527082,1.370000
8092,train,-1.356711,0.697000
8093,train,-0.297352,1.158000
8094,train,0.354696,1.809000
8095,train,0.198936,1.744000
8096,train,-0.449044,2.725000
8097,train,-1.095808,1.426000
8098,train,-1.080115,2.750000
8099,train,-0.740539,1.183000
8100,train,-0.851653,1.668000
8101,train,-0.119665,1.085000
8102,train,-0.537755,1.446000
8103,train,-0.666093,0.571000
8104,train,0.353586,3.459000
8105,train,-0.881188,2.100000
8106,train,-0.923985,1.331000
8107,train,-1.251039,1.063000
8108,train,-1.503753,0.813000
8109,train,0.420424,2.067000
8110,train,0.343495,1.456000
8111,train,-0.135621,4.500000
8112,train,-1.269373,3.100000
8113,train,-0.318750,1.750000
8114,train,0.400082,2.488000
8115,train,-0.166002,1.057000
8116,train,-0.490097,0.562000
8117,train,-0.660281,2.042000
8118,train,-0.907606,1.322000
8119,train,-0.185815,1.570000
8120,train,1.268439,3.074000
8121,train,-0.896035,4.200000
8122,train,-1.055969,0.938000
8123,train,0.536451,1.544000
8124,train,0.807605,5.000010
8125,train,0.544165,3.582000
8126,train,-0.740064,2.763000
8127,train,0.087082,1.647000
8128,train,-0.121673,1.988000
8129,train,1.415799,4.229000
8130,train,0.201947,2.841000
8131,train,-1.047885,0.777000
8132,train,0.640908,2.125000
8133,train,-0.728176,0.734000
8134,train,-0.708785,1.210000
8135,train,3.141947,5.000010
8136,train,-0.169806,1.298000
8137,train,-0.688866,1.458000
8138,train,0.403358,1.848000
8139,train,-0.233051,1.644000
8140,train,-0.110683,1.261000
8141,train,-0.414489,2.327000
8142,train,1.188287,2.105000
8143,train,-1.357292,2.250000
8144,train,0.155029,2.328000
8145,train,-0.245150,1.078000
8146,train,1.710411,2.739000
8147,train,-0.438424,2.385000
8148,train,-0.076921,2.370000
8149,train,0.470248,3.185000
8150,train,0.880730,5.000010
8151,train,-0.738214,0.894000
8152,train,-0.037452,1.694000
8153,train,-0.943587,1.033000
8154,train,2.438965,4.067000
8155,train,0.238932,1.969000
8156,train,0.664208,4.324000
8157,train,-0.948607,0.977000
8158,train,0.041537,2.303000
8159,train,-0.680201,2.163000
8160,train,-1.116519,1.750000
8161,train,-0.920815,1.438000
8162,train,0.856901,2.296000
8163,train,-0.630641,1.319000
8164,train,1.399208,4.010000
8165,train,-0.307549,1.932000
8166,train,0.955281,2.534000
8167,train,-0.364136,2.226000
8168,train,0.020350,1.621000
8169,train,0.035620,2.329000
8170,train,-0.619968,1.583000
8171,train,-0.654205,1.500000
8172,train,0.113870,1.375000
8173,train,0.213518,2.708000
8174,train,-0.849275,1.263000
8175,train,-0.242772,1.567000
8176,train,-0.600313,1.347000
8177,train,-0.964827,0.788000
8178,train,-0.109943,2.523000
8179,train,-0.410315,1.553000
8180,train,-0.692670,0.771000
8181,train,1.002569,3.258000
8182,train,-0.751159,1.517000
8183,train,-0.073222,1.463000
8184,train,-0.401650,1.158000
8185,train,-0.493901,1.707000
8186,train,-0.904806,2.554000
8187,train,2.183293,2.750000
8188,train,1.312346,3.543000
8189,train,1.766840,3.115000
8190,train,-0.104818,2.755000
8191,train,-1.045297,1.125000
8192,train,-0.246471,1.833000
8193,train,-0.663452,1.250000
8194,train,2.087818,3.796000
8195,train,-0.485765,1.244000
8196,train,2.269468,5.000010
8197,train,4.141390,5.000010
8198,train,-0.488512,0.940000
8199,train,0.175846,2.907000
8200,train,-0.753325,0.690000
8201,train,-0.661972,0.844000
8202,train,3.798327,4.954000
8203,train,-0.879920,0.450000
8204,train,-0.117551,2.017000
8205,train,-0.386063,2.018000
8206,train,-0.722681,1.625000
8207,train,-0.779902,1.546000
8208,train,0.190482,3.268000
8209,train,1.743381,5.000010
8210,train,-0.813506,1.519000
8211,train,0.451121,2.270000
8212,train,-0.014786,1.182000
8213,train,0.276921,1.571000
8214,train,4.194226,5.000010
8215,train,-0.686382,2.492000
8216,train,-0.344481,2.150000
8217,train,-1.218017,0.528000
8218,train,-1.271381,0.692000
8219,train,0.044391,2.203000
8220,train,0.785150,2.125000
8221,train,-0.044374,5.000010
8222,train,1.126575,2.094000
8223,train,5.881857,5.000010
8224,train,-0.302266,1.416000
8225,train,0.475584,1.731000
8226,train,-0.349712,5.000010
8227,train,-0.170757,1.065000
8228,train,4.086282,3.926000
8229,train,-1.175220,1.485000
8230,train,-1.098027,3.222000
8231,train,0.505753,1.951000
8232,train,-0.614156,1.823000
8233,train,0.816270,3.928000
8234,train,-1.602345,1.500000
8235,train,0.047825,2.060000
8236,train,2.224716,3.203000
8237,train,0.403516,2.775000
8238,train,-0.677083,0.983000
8239,train,-0.839237,1.089000
8240,train,1.638819,3.604000
8241,train,-0.025564,1.594000
8242,train,-0.623613,3.206000
8243,train,-0.344429,3.833000
8244,train,-0.920815,1.750000
8245,train,0.386873,1.875000
8246,train,-0.918860,0.553000
8247,train,-0.178788,1.607000
8248,train,-0.490942,1.434000
8249,train,-0.923457,1.050000
8250,train,-0.913841,1.666000
8251,train,1.910501,3.587000
8252,train,-0.062232,1.705000
8253,train,0.793603,3.033000
8254,train,-1.428304,0.982000
8255,train,-0.973651,2.156000
8256,train,-0.549960,0.980000
8257,train,1.059738,4.481000
8258,train,-1.267524,0.538000
8259,train,-0.902164,1.113000
8260,train,0.461054,5.000010
8261,train,-0.320230,2.522000
8262,train,0.419895,2.940000
8263,train,5.881857,5.000010
8264,train,-0.138422,2.579000
8265,train,-0.605808,2.663000
8266,train,0.451438,1.672000
8267,train,-0.817627,1.635000
8268,train,-0.407567,1.905000
8269,train,-0.920815,1.400000
8270,train,0.157142,1.845000
8271,train,1.432178,4.085000
8272,train,0.601175,1.625000
8273,train,-0.877437,0.646000
8274,train,-0.726643,1.772000
8275,train,2.417778,3.900000
8276,train,-0.957483,1.000000
8277,train,1.348961,5.000010
8278,train,-1.107960,0.795000
8279,train,-0.815143,0.696000
8280,train,-0.210067,1.619000
8281,train,-0.899522,0.788000
8282,train,0.014803,3.011000
8283,train,-1.295052,2.000000
8284,train,0.641436,1.868000
8285,train,-0.882404,1.542000
8286,train,-0.013570,2.207000
8287,train,-0.687281,1.029000
8288,train,-1.202272,0.560000
8289,train,-0.660229,1.726000
8290,train,-0.267711,0.798000
8291,train,-0.886578,1.417000
8292,train,-1.278461,0.517000
8293,train,-0.035022,1.691000
8294,train,0.198460,2.705000
8295,train,1.121133,1.236000
8296,train,-0.373964,2.250000
8297,train,-1.350107,1.357000
8298,train,0.643285,2.603000
8299,train,-0.539763,1.720000
8300,train,-0.458501,1.142000
8301,train,0.218485,2.972000
8302,train,0.424545,2.318000
8303,train,0.756196,2.268000
8304,train,-1.107379,0.825000
8305,train,0.117991,2.397000
8306,train,-0.335869,2.436000
8307,train,-1.234502,0.503000
8308,train,0.862396,1.882000
8309,train,-0.143916,1.630000
8310,train,0.723226,2.933000
8311,train,0.911269,2.086000
8312,train,-0.660546,0.541000
8313,train,-0.491524,1.448000
8314,train,0.895894,5.000010
8315,train,-0.951249,0.650000
8316,train,0.112443,1.102000
8317,train,-0.018220,2.963000
8318,train,-0.504099,1.060000
8319,train,-0.129915,1.766000
8320,train,-0.690821,1.742000
8321,train,-0.291804,2.310000
8322,train,-0.438688,1.181000
8323,train,-0.618911,0.685000
8324,train,-0.603483,0.719000
8325,train,0.964475,3.387000
8326,train,-0.993676,0.609000
8327,train,0.376041,2.353000
8328,train,1.012291,2.580000
8329,train,-0.841561,0.854000
8330,train,-0.086273,2.123000
8331,train,0.971872,2.422000
8332,train,0.652637,2.070000
8333,train,1.622704,3.720000
8334,train,-0.717344,0.953000
8335,train,-0.669845,0.669000
8336,train,1.765678,4.903000
8337,train,-0.231783,1.053000
8338,train,-0.454116,1.635000
8339,train,0.108375,1.000000
8340,train,-0.351826,2.036000
8341,train,0.851353,2.859000
8342,train,-0.909350,0.841000
8343,train,-0.861745,1.546000
8344,train,-1.284062,1.650000
8345,train,-0.279440,1.579000
8346,train,0.585536,1.583000
8347,train,-0.560897,1.928000
8348,train,-0.515934,0.609000
8349,train,0.505753,3.511000
8350,train,-1.112926,0.332000
8351,train,-0.231307,2.929000
8352,train,0.172570,2.708000
8353,train,0.259750,3.490000
8354,train,0.746738,2.877000
8355,train,-0.779268,1.119000
8356,train,0.392738,1.284000
8357,train,2.333346,3.025000
8358,train,0.569157,2.984000
8359,train,0.610210,1.623000
8360,train,0.725921,1.964000
8361,train,1.248520,2.579000
8362,train,-0.729761,0.683000
8363,train,-0.027466,2.487000
8364,train,0.128928,1.259000
8365,train,-0.711691,0.991000
8366,train,-0.203145,1.932000
8367,train,0.506493,2.510000
8368,train,-0.172289,1.771000
8369,train,-0.640996,1.596000
8370,train,0.250768,1.606000
8371,train,-0.265069,0.985000
8372,train,-0.491524,2.092000
8373,train,-1.246337,1.158000
8374,train,-0.667837,1.556000
8375,train,0.611584,1.062000
8376,train,1.462664,3.086000
8377,train,-0.742124,1.569000
8378,train,0.721060,2.868000
8379,train,-0.219102,2.088000
8380,train,-0.645646,0.848000
8381,train,0.334037,3.398000
8382,train,1.928465,3.300000
8383,train,-0.713223,0.790000
8384,train,-0.511337,1.761000
8385,train,0.017973,0.915000
8386,train,-0.301632,2.299000
8387,train,-0.845683,0.911000
8388,train,-0.945331,0.975000
8389,train,-0.835749,1.693000
8390,train,0.838303,1.809000
8391,train,-0.876803,1.463000
8392,train,1.038022,3.742000
8393,train,0.870215,2.535000
8394,train,-1.010161,0.784000
8395,train,-0.004430,1.964000
8396,train,-0.218362,1.612000
8397,train,-0.227344,1.700000
8398,train,-0.433933,1.489000
8399,train,0.185991,1.641000
8400,train,-0.081095,1.403000
8401,train,-0.969477,2.250000
8402,train,-0.184494,1.278000
8403,train,2.038575,5.000010
8404,train,0.265456,2.261000
8405,train,1.319637,3.312000
8406,train,0.497405,2.174000
8407,train,1.929522,2.750000
8408,train,-0.454380,0.871000
8409,train,0.617343,1.813000
8410,train,-0.608608,0.680000
8411,train,-0.658168,2.720000
8412,train,-1.307996,0.495000
8413,train,0.755192,4.421000
8414,train,0.391839,2.293000
8415,train,-0.109679,1.207000
8416,train,-0.637773,1.750000
8417,train,0.222606,2.117000
8418,train,-0.728704,1.375000
8419,train,0.868260,1.963000
8420,train,0.482664,2.409000
8421,train,-1.038322,1.319000
8422,train,0.513943,3.543000
8423,train,3.640612,5.000010
8424,train,0.639534,3.108000
8425,train,-0.503782,0.996000
8426,train,0.414347,3.871000
8427,train,0.454239,2.930000
8428,train,0.083066,1.469000
8429,train,0.396489,3.010000
8430,train,-0.520636,1.952000
8431,train,1.161500,2.348000
8432,train,-0.022235,0.942000
8433,train,0.795136,3.609000
8434,train,0.211405,1.758000
8435,train,-1.268158,0.650000
8436,train,-0.078717,2.500000
8437,train,-0.389815,1.683000
8438,train,-0.969266,0.544000
8439,train,0.245959,2.256000
8440,train,-1.197834,0.962000
8441,train,-0.616428,1.102000
8442,train,0.290025,1.746000
8443,train,-0.981788,1.107000
8444,train,-1.065480,1.141000
8445,train,-0.107618,2.758000
8446,train,1.923340,3.487000
8447,train,-0.032221,2.750000
8448,train,0.117674,2.365000
8449,train,-0.510650,0.895000
8450,train,0.249130,2.312000
8451,train,0.933460,2.310000
8452,train,-0.487508,1.278000
8453,train,-1.171521,1.250000
8454,train,-0.100750,1.415000
8455,train,0.630023,2.989000
8456,train,0.400082,2.296000
8457,train,-0.425479,0.825000
8458,train,-0.573895,1.882000
8459,train,-0.309874,2.681000
8460,train,-0.978723,0.817000
8461,train,-1.174322,1.259000
8462,train,0.090516,1.695000
8463,train,-0.260367,1.272000
8464,train,-0.040200,1.234000
8465,train,0.776168,2.335000
8466,train,-0.236485,1.891000
8467,train,-0.141486,1.945000
8468,train,-1.034042,0.792000
8469,train,0.267992,1.842000
8470,train,-1.166132,0.580000
8471,train,0.633035,2.380000
8472,train,-0.722681,1.625000
8473,train,-0.103497,3.574000
8474,train,1.281067,2.325000
8475,train,0.483087,1.694000
8476,train,-0.716076,1.845000
8477,train,0.090516,2.799000
8478,train,1.721613,4.462000
8479,train,-0.380568,3.625000
8480,train,2.590974,2.292000
8481,train,0.098178,1.714000
8482,train,-1.072983,1.750000
8483,train,-0.896933,1.797000
8484,train,0.094638,1.274000
8485,train,-0.146294,1.554000
8486,train,-0.322502,1.953000
8487,train,-0.247422,3.240000
8488,train,-0.774882,1.594000
8489,train,-0.689658,0.542000
8490,train,-0.248954,1.150000
8491,train,-1.268581,0.646000
8492,train,-0.422943,2.184000
8493,train,0.627910,3.367000
8494,train,0.086395,2.820000
8495,train,-0.102599,1.922000
8496,train,0.773420,5.000010
8497,train,-0.300733,1.192000
8498,train,-0.043370,0.786000
8499,train,-0.021390,3.349000
8500,train,-0.529618,1.768000
8501,train,-0.890223,0.695000
8502,train,-0.334178,2.529000
8503,train,1.876316,4.837000
8504,train,-0.827560,1.568000
8505,train,-0.850860,0.591000
8506,train,-0.622187,0.715000
8507,train,0.449642,3.353000
8508,train,0.619086,2.258000
8509,train,-0.358800,1.893000
8510,train,0.079051,2.739000
8511,train,-0.046698,0.962000
8512,train,0.925640,2.716000
8513,train,-1.014071,0.866000
8514,train,-0.820427,1.821000
8515,train,0.367059,1.336000
8516,train,0.678527,2.156000
8517,train,-0.529883,1.375000
8518,train,2.041534,3.960000
8519,train,0.259750,2.234000
8520,train,0.692687,2.670000
8521,train,-0.726802,0.661000
8522,train,0.319877,1.948000
8523,train,-0.151736,3.919000
8524,train,-0.267869,1.089000
8525,train,-1.142409,0.914000
8526,train,0.587966,1.411000
8527,train,-0.534004,2.500000
8528,train,-0.359434,1.102000
8529,train,-0.218679,3.000000
8530,train,-1.151338,0.996000
8531,train,-0.163413,2.848000
8532,train,-1.129358,0.740000
8533,train,-0.210807,1.201000
8534,train,0.432364,1.879000
8535,train,2.142820,5.000010
8536,train,0.066476,1.485000
8537,train,0.936683,2.662000
8538,train,1.848207,2.885000
8539,train,-0.938410,0.993000
8540,train,-0.951301,1.369000
8541,train,-0.995736,1.221000
8542,train,-1.479026,0.700000
8543,train,-1.089573,2.625000
8544,train,0.098178,1.348000
8545,train,0.090622,1.568000
8546,train,-0.173293,1.584000
8547,train,-0.775517,2.550000
8548,train,0.587226,2.400000
8549,train,-0.971643,1.167000
8550,train,0.073133,1.538000
8551,train,-0.581133,1.764000
8552,train,-0.989555,3.800000
8553,train,-0.443813,3.106000
8554,train,1.078389,2.885000
8555,train,-0.677664,1.851000
8556,train,-0.291804,2.375000
8557,train,1.179464,2.989000
8558,train,1.312399,2.601000
8559,train,-0.627259,2.079000
8560,train,-1.242586,0.567000
8561,train,1.372315,5.000010
8562,train,1.054296,4.500000
8563,train,-0.837493,0.700000
8564,train,-0.336345,1.922000
8565,train,0.836665,1.433000
8566,train,0.373664,3.267000
8567,train,-0.392456,0.713000
8568,train,1.196530,1.648000
8569,train,-1.078742,0.546000
8570,train,-0.661021,0.851000
8571,train,-0.044057,1.839000
8572,train,-0.674019,0.942000
8573,train,-0.591489,2.188000
8574,train,0.868789,2.241000
8575,train,-0.452214,2.182000
8576,train,1.817721,4.646000
8577,train,0.008092,1.321000
8578,train,-0.455490,0.969000
8579,train,-0.632595,1.367000
8580,train,0.916183,2.530000
8581,train,-0.695682,1.341000
8582,train,-0.080249,3.154000
8583,train,0.671711,2.345000
8584,train,-0.144762,1.254000
8585,train,-0.886313,1.625000
8586,train,-0.445292,1.543000
8587,train,-0.348444,2.380000
8588,train,-0.660440,2.031000
8589,train,1.087159,4.912000
8590,train,-0.962820,0.725000
8591,train,1.126575,3.114000
8592,train,-0.637773,2.265000
8593,train,-0.643110,1.646000
8594,train,-0.603800,0.865000
8595,train,0.046927,1.678000
8596,train,0.710810,3.596000
8597,train,0.045817,1.781000
8598,train,-0.182328,1.054000
8599,train,0.234970,4.958000
8600,train,-0.548269,1.716000
8601,train,1.836953,3.667000
8602,train,0.178382,1.306000
8603,train,1.048431,3.263000
8604,train,-0.244939,3.536000
8605,train,0.659242,2.009000
8606,train,-1.222138,0.939000
8607,train,0.961199,3.924000
8608,train,0.526676,2.132000
8609,train,2.464696,3.152000
8610,train,-0.490625,2.303000
8611,train,-1.115780,0.864000
8612,train,2.114870,5.000010
8613,train,-0.805210,1.543000
8614,train,-1.232705,0.804000
8615,train,0.868630,3.547000
8616,train,0.066370,1.419000
8617,train,-0.208006,2.458000
8618,train,-0.763945,0.658000
8619,train,-0.205312,1.808000
8620,train,0.212937,2.182000
8621,train,-0.515088,1.156000
8622,train,2.239510,4.234000
8623,train,-0.402231,2.341000
8624,train,0.771941,2.018000
8625,train,-0.186079,2.000000
8626,train,-0.793798,1.079000
8627,train,1.520149,4.156000
8628,train,-1.080115,0.952000
8629,train,0.105892,1.569000
8630,train,-0.309029,1.625000
8631,train,1.859831,3.183000
8632,train,-0.746721,1.050000
8633,train,-0.450734,0.946000
8634,train,-0.545786,2.190000
8635,train,-0.867979,0.520000
8636,train,-0.027466,1.800000
8637,train,-0.880184,1.342000
8638,train,0.041537,1.716000
8639,train,-0.622240,2.356000
8640,train,0.754029,5.000010
8641,train,1.166836,4.878000
8642,train,-0.392456,0.976000
8643,train,0.643866,1.137000
8644,train,0.164222,2.711000
8645,train,-1.052905,1.273000
8646,train,-0.595293,0.598000
8647,train,1.043411,2.594000
8648,train,0.356069,1.424000
8649,train,0.443354,1.769000
8650,train,0.550770,2.072000
8651,train,-1.147270,1.750000
8652,train,-0.261740,1.379000
8653,train,0.049621,1.830000
8654,train,0.482664,2.419000
8655,train,-1.298433,0.862000
8656,train,0.347035,1.989000
8657,train,0.725022,4.864000
8658,train,2.462372,3.601000
8659,train,1.197005,3.872000
8660,train,-0.052352,1.652000
8661,train,0.219964,3.124000
8662,train,0.236925,0.871000
8663,train,-0.491048,3.041000
8664,train,0.996070,1.855000
8665,train,0.916130,4.300000
8666,train,-1.057026,1.458000
8667,train,-0.683424,3.098000
8668,train,0.137276,1.538000
8669,train,0.069858,2.316000
8670,train,0.247333,2.092000
8671,train,-0.595927,1.348000
8672,train,0.934781,5.000010
8673,train,-0.040200,1.974000
8674,train,-0.582349,1.300000
8675,train,-0.918543,1.514000
8676,train,-0.316954,3.457000
8677,train,-0.953838,1.550000
8678,train,0.838091,2.409000
8679,train,-0.808539,2.823000
8680,train,0.116247,1.644000
8681,train,0.683599,2.751000
8682,train,0.175952,1.761000
8683,train,-0.605279,0.831000
8684,train,0.931188,4.890000
8685,train,-0.769863,0.964000
8686,train,-0.682578,2.250000
8687,train,-0.402865,0.731000
8688,train,-0.832738,1.125000
8689,train,0.754716,2.915000
8690,train,-0.165209,1.986000
8691,train,-0.045695,4.615000
8692,train,-0.807588,0.903000
8693,train,-1.003345,1.739000
8694,train,-0.120722,1.840000
8695,train,0.934252,2.679000
8696,train,-1.426085,0.708000
8697,train,0.739869,5.000010
8698,train,-1.138129,1.107000
8699,train,1.691443,3.932000
8700,train,-0.050027,1.614000
8701,train,1.460445,2.696000
8702,train,0.361670,5.000010
8703,train,0.164222,2.015000
8704,train,0.262497,1.162000
8705,train,0.710228,2.012000
8706,train,-0.458501,1.688000
8707,train,0.891191,2.142000
8708,train,-1.151972,1.160000
8709,train,2.182077,4.000000
8710,train,-1.224304,0.523000
8711,train,-0.110894,3.186000
8712,train,0.201947,2.091000
8713,train,1.388060,4.178000
8714,train,-0.508484,1.552000
8715,train,0.427609,2.120000
8716,train,0.520178,2.673000
8717,train,0.091890,4.585000
8718,train,-1.291142,1.250000
8719,train,-1.184995,0.500000
8720,train,0.265245,2.296000
8721,train,-1.166132,0.670000
8722,train,-0.190201,1.265000
8723,train,-1.041017,0.609000
8724,train,-1.192814,0.934000
8725,train,1.982622,4.026000
8726,train,-0.190042,1.167000
8727,train,-0.132979,0.995000
8728,train,5.881857,5.000010
8729,train,-0.073222,0.658000
8730,train,-0.367042,1.215000
8731,train,0.176005,2.713000
8732,train,0.121901,2.262000
8733,train,-1.242533,1.032000
8734,train,-0.414489,1.791000
8735,train,2.914224,5.000010
8736,train,-0.266020,4.200000
8737,train,-0.332435,1.292000
8738,train,-0.863435,1.127000
8739,train,0.638583,2.286000
8740,train,0.931399,2.862000
8741,train,0.369014,1.503000
8742,train,-0.182328,2.061000
8743,train,-1.127192,1.469000
8744,train,-1.465659,1.875000
8745,train,-1.400301,1.313000
8746,train,0.396172,3.523000
8747,train,0.119418,1.653000
8748,train,2.441607,5.000010
8749,train,0.400082,3.550000
8750,train,-0.384954,1.462000
8751,train,-0.275214,3.450000
8752,train,0.575074,1.657000
8753,train,-0.615371,1.758000
8754,train,-1.074937,3.125000
8755,train,-0.499766,2.413000
8756,train,0.867996,2.909000
8757,train,-0.751001,1.696000
8758,train,-1.148326,1.375000
8759,train,0.128822,1.875000
8760,train,-0.084265,1.752000
8761,train,0.999822,2.811000
8762,train,0.732367,5.000010
8763,train,0.163641,1.437000
8764,train,-0.103497,1.304000
8765,train,-0.049023,1.774000
8766,train,0.155980,1.125000
8767,train,-1.081700,0.604000
8768,train,-0.137735,1.591000
8769,train,0.400082,2.286000
8770,train,-0.555244,1.651000
8771,train,0.232751,5.000010
8772,train,0.568205,1.144000
8773,train,0.424122,1.107000
8774,train,-0.141486,1.540000
8775,train,-0.298092,1.410000
8776,train,-1.029816,0.577000
8777,train,-0.656636,1.339000
8778,train,-1.103733,0.579000
8779,train,0.120686,1.702000
8780,train,-0.812766,0.550000
8781,train,-0.763945,2.607000
8782,train,0.852885,3.663000
8783,train,-0.368892,0.774000
8784,train,0.316654,1.726000
8785,train,0.761004,2.875000
8786,train,-0.564913,1.144000
8787,train,1.134078,4.374000
8788,train,1.266167,4.385000
8789,train,1.769323,3.609000
8790,train,-0.275900,2.526000
8791,train,-0.702973,1.430000
8792,train,-0.163519,1.708000
8793,train,3.473281,4.538000
8794,train,-0.866923,0.919000
8795,train,-0.807060,0.873000
8796,train,-0.329159,2.662000
8797,train,-0.744026,1.547000
8798,train,0.172835,1.971000
8799,train,1.163560,2.618000
8800,train,1.248415,5.000010
8801,train,-0.067727,1.489000
8802,train,-0.702233,1.601000
8803,train,-0.392456,1.711000
8804,train,-0.437208,1.480000
8805,train,-0.603589,4.444000
8806,train,0.640221,2.433000
8807,train,-0.182539,1.151000
8808,train,-0.375919,1.375000
8809,train,1.886461,3.531000
8810,train,0.118678,1.884000
8811,train,0.192014,2.726000
8812,train,-0.083842,2.259000
8813,train,-0.537227,1.406000
8814,train,-0.333016,1.142000
8815,train,-0.688232,1.577000
8816,train,0.708062,3.103000
8817,train,0.021196,3.700000
8818,train,-0.908452,0.813000
8819,train,-0.106931,1.845000
8820,train,3.330571,4.815000
8821,train,1.971526,3.106000
8822,train,0.069858,0.893000
8823,train,0.805597,3.179000
8824,train,-1.099665,0.880000
8825,train,-0.423101,3.750000
8826,train,2.526673,5.000010
8827,train,0.091890,1.738000
8828,train,-0.575057,3.500000
8829,train,0.442086,5.000010
8830,train,-0.062232,2.213000
8831,train,0.025264,2.241000
8832,train,0.495292,2.540000
8833,train,-0.715336,2.190000
8834,train,0.142348,2.652000
8835,train,2.233857,5.000010
8836,train,-0.234953,2.302000
8837,train,-0.364136,1.006000
8838,train,-1.132846,1.058000
8839,train,-0.803572,0.902000
8840,train,-1.099400,0.516000
8841,train,-0.184177,0.980000
8842,train,-0.598199,0.961000
8843,train,-0.258517,1.849000
8844,train,-0.148513,1.821000
8845,train,-0.233156,0.850000
8846,train,0.007723,1.931000
8847,train,1.844509,3.275000
8848,train,-0.110683,1.832000
8849,train,-0.248162,2.469000
8850,train,0.444094,4.201000
8851,train,-0.541031,3.071000
8852,train,-0.838233,1.319000
8853,train,-0.966201,0.598000
8854,train,4.222916,5.000010
8855,train,-1.150863,1.000000
8856,train,0.069858,1.920000
8857,train,0.267992,2.348000
8858,train,1.058100,2.344000
8859,train,0.161739,1.313000
8860,train,-0.564173,1.533000
8861,train,0.029755,1.315000
8862,train,-1.363316,1.792000
8863,train,-0.862379,1.195000
8864,train,-0.005645,1.875000
8865,train,-0.098266,1.654000
8866,train,-0.666410,1.549000
8867,train,-0.266601,2.651000
8868,train,-1.503648,2.583000
8869,train,0.734057,4.054000
8870,train,-0.117287,2.081000
8871,train,-0.777736,1.112000
8872,train,-0.488248,1.804000
8873,train,-0.329212,5.000010
8874,train,1.571929,3.726000
8875,train,-0.949135,3.000000
8876,train,-1.062363,0.987000
8877,train,-1.110707,0.967000
8878,train,-1.027861,0.940000
8879,train,-0.595399,1.671000
8880,train,1.304579,2.560000
8881,train,-0.587315,0.905000
8882,train,-0.085533,1.463000
8883,train,-0.276852,2.013000
8884,train,-0.351403,1.286000
8885,train,-0.016159,1.293000
8886,train,-0.074226,2.519000
8887,train,-1.153821,0.659000
8888,train,-0.692881,1.713000
8889,train,-0.689658,1.461000
8890,train,-0.604170,1.384000
8891,train,-0.928159,0.687000
8892,train,-0.428015,1.190000
8893,train,0.418099,1.750000
8894,train,-0.117287,1.738000
8895,train,0.348091,1.429000
8896,train,0.898377,2.356000
8897,train,0.327802,1.440000
8898,train,0.817749,2.132000
8899,train,-0.872682,0.769000
8900,train,1.278954,4.147000
8901,train,-0.165209,1.852000
8902,train,1.059632,2.870000
8903,train,0.636152,1.625000
8904,train,0.650894,1.701000
8905,train,0.358394,2.424000
8906,train,1.981460,3.414000
8907,train,-0.422203,0.885000
8908,train,-0.308817,0.826000
8909,train,-0.689658,1.563000
8910,train,-0.312516,2.794000
8911,train,0.747055,1.406000
8912,train,1.942519,3.484000
8913,train,0.003813,1.406000
8914,train,1.225378,3.404000
8915,train,0.079315,3.500000
8916,train,-0.220740,1.641000
8917,train,-0.408624,1.628000
8918,train,3.359631,2.250000
8919,train,0.167604,2.092000
8920,train,1.056462,1.548000
8921,train,0.160682,1.264000
8922,train,0.003813,1.839000
8923,train,0.753025,2.070000
8924,train,-0.091503,2.655000
8925,train,1.000456,5.000010
8926,train,-1.036367,1.667000
8927,train,2.111066,5.000010
8928,train,-0.668630,1.393000
8929,train,-0.411319,1.882000
8930,train,0.052950,1.021000
8931,train,-0.825394,0.904000
8932,train,-0.355524,2.074000
8933,train,-0.871731,0.675000
8934,train,-1.132159,0.675000
8935,train,0.142665,2.165000
8936,train,0.267992,1.299000
8937,train,-0.656636,1.091000
8938,train,-0.172289,0.966000
8939,train,0.400082,2.228000
8940,train,-0.885574,1.128000
8941,train,-0.720145,1.000000
8942,train,-0.167534,2.579000
8943,train,0.368697,4.784000
8944,train,-0.906919,0.804000
8945,train,1.228126,2.732000
8946,train,-0.031059,1.107000
8947,train,-1.319039,0.518000
8948,train,0.017022,1.873000
8949,train,-0.519263,1.625000
8950,train,-0.518523,1.031000
8951,train,-0.258993,2.832000
8952,train,1.437303,3.944000
8953,train,-0.910724,1.355000
8954,train,0.098178,2.858000
8955,train,0.723015,2.368000
8956,train,-0.476994,1.557000
8957,train,-0.507480,1.570000
8958,train,-0.667626,1.167000
8959,train,-0.840769,1.466000
8960,train,-0.678668,1.125000
8961,train,-0.184864,2.250000
8962,train,0.457039,3.511000
8963,train,-0.447511,0.637000
8964,train,-0.170863,1.325000
8965,train,0.670337,2.150000
8966,train,-0.640627,1.831000
8967,train,-0.831206,1.010000
8968,train,0.883794,1.193000
8969,train,0.962520,2.890000
8970,train,1.109456,3.800000
8971,train,1.528762,3.237000
8972,train,-0.886049,1.100000
8973,train,-1.115885,3.125000
8974,train,-0.005645,1.745000
8975,train,2.065627,4.563000
8976,train,0.130407,1.601000
8977,train,-0.651933,1.457000
8978,train,-0.869195,0.813000
8979,train,-0.818736,1.821000
8980,train,0.543848,4.007000
8981,train,0.968120,2.051000
8982,train,0.532171,3.622000
8983,train,-0.632384,2.155000
8984,train,-0.199817,1.859000
8985,train,-1.423179,0.750000
8986,train,0.157142,1.582000
8987,train,-0.564173,2.143000
8988,train,-0.636083,2.333000
8989,train,-0.757447,1.195000
8990,train,-0.054624,2.647000
8991,train,-0.087012,1.671000
8992,train,-0.317218,1.291000
8993,train,0.587808,2.086000
8994,train,0.896686,2.712000
8995,train,-0.811603,1.725000
8996,train,-0.465845,2.082000
8997,train,0.182768,1.517000
8998,train,0.479600,2.807000
8999,train,0.127924,1.201000
9000,train,-0.860265,1.086000
9001,train,2.087924,3.905000
9002,train,-0.698535,0.807000
9003,train,-0.375496,1.416000
9004,train,-0.222642,1.625000
9005,train,0.075881,1.698000
9006,train,-0.350769,1.034000
9007,train,-0.123099,1.645000
9008,train,-1.219602,1.156000
9009,train,2.431833,5.000010
9010,train,2.239510,5.000010
9011,train,-0.116864,1.306000
9012,train,0.050995,1.888000
9013,train,-1.325327,0.483000
9014,train,-1.406113,1.036000
9015,train,-0.824284,1.069000
9016,train,5.881857,5.000010
9017,train,1.883343,3.118000
9018,train,-1.257063,4.500000
9019,train,0.301014,3.200000
9020,train,0.543373,2.202000
9021,train,-0.717186,1.850000
9022,train,-0.913471,2.600000
9023,train,2.395481,3.387000
9024,train,2.267090,4.043000
9025,train,3.465989,5.000010
9026,train,1.852064,3.908000
9027,train,-0.851600,0.645000
9028,train,-0.002792,2.183000
9029,train,0.862396,2.472000
9030,train,-0.275055,1.952000
9031,train,-0.755703,2.554000
9032,train,-0.628316,1.840000
9033,train,0.936947,2.947000
9034,train,1.145068,4.388000
9035,train,-1.090049,0.538000
9036,train,1.168685,2.110000
9037,train,-0.859684,0.760000
9038,train,-0.749257,0.909000
9039,train,0.219013,1.383000
9040,train,-0.168644,1.938000
9041,train,-0.870515,1.000000
9042,train,-0.154325,1.779000
9043,train,-0.957959,4.100000
9044,train,-0.147139,1.464000
9045,train,-0.679936,2.553000
9046,train,-0.123786,1.316000
9047,train,0.581097,4.141000
9048,train,0.318028,2.213000
9049,train,0.396013,1.648000
9050,train,0.851194,3.393000
9051,train,2.018762,5.000010
9052,train,-0.488618,3.417000
9053,train,-0.502514,1.584000
9054,train,2.443245,5.000010
9055,train,-0.352248,1.691000
9056,train,-0.207531,1.512000
9057,train,-1.014388,0.858000
9058,train,0.099234,1.313000
9059,train,-0.098002,2.550000
9060,train,-0.536011,1.375000
9061,train,-0.373594,1.789000
9062,train,2.880620,5.000010
9063,train,0.000220,1.165000
9064,train,-0.838233,1.456000
9065,train,0.334037,1.514000
9066,train,-0.344957,3.000000
9067,train,1.770116,4.007000
9068,train,0.980378,2.318000
9069,train,-0.420407,0.838000
9070,train,-0.489463,1.622000
9071,train,-0.454380,1.604000
9072,train,0.418099,3.531000
9073,train,-0.986860,0.842000
9074,train,-0.449044,1.988000
9075,train,-0.463996,1.186000
9076,train,-0.185234,2.655000
9077,train,0.030231,1.185000
9078,train,1.090435,3.119000
9079,train,0.201947,2.480000
9080,train,-1.235611,0.557000
9081,train,2.356330,3.842000
9082,train,-0.870304,0.632000
9083,train,-0.123469,3.915000
9084,train,0.055169,1.174000
9085,train,0.336784,1.708000
9086,train,-0.298884,1.588000
9087,train,-1.595635,1.049000
9088,train,0.017550,4.325000
9089,train,-0.800719,0.660000
9090,train,-0.437473,1.200000
9091,train,-1.167295,0.929000
9092,train,-0.146294,2.794000
9093,train,-0.191574,3.912000
9094,train,0.646667,2.625000
9095,train,0.020350,1.987000
9096,train,-0.870568,1.000000
9097,train,-1.284062,0.964000
9098,train,2.733842,5.000010
9099,train,-0.957853,0.956000
9100,train,2.501893,4.596000
9101,train,0.453921,3.039000
9102,train,-0.799293,1.229000
9103,train,0.211405,1.319000
9104,train,0.326693,2.463000
9105,train,-0.693779,1.089000
9106,train,-0.360332,1.095000
9107,train,-0.981788,1.300000
9108,train,-0.089760,0.996000
9109,train,0.124226,2.134000
9110,train,-0.305753,1.063000
9111,train,-0.033331,2.047000
9112,train,-0.715336,2.795000
9113,train,0.017022,1.469000
9114,train,0.777753,2.609000
9115,train,-1.180081,0.710000
9116,train,0.374139,2.092000
9117,train,-0.183332,2.512000
9118,train,-0.582349,2.395000
9119,train,2.748848,5.000010
9120,train,-0.504733,1.458000
9121,train,-0.158869,2.285000
9122,train,5.881857,5.000010
9123,train,1.018896,2.298000
9124,train,-0.882298,1.257000
9125,train,0.140288,1.582000
9126,train,-0.204466,2.069000
9127,train,-1.346461,0.814000
9128,train,0.450699,1.735000
9129,train,0.366531,1.372000
9130,train,-0.374598,1.601000
9131,train,-0.600735,1.504000
9132,train,-0.240131,2.909000
9133,train,3.240010,5.000010
9134,train,-0.101384,3.688000
9135,train,-0.746457,0.824000
9136,train,2.776745,4.720000
9137,train,0.030812,1.013000
9138,train,-1.197834,1.875000
9139,train,-0.883672,0.750000
9140,train,0.389092,2.519000
9141,train,-0.594078,0.952000
9142,train,-1.242797,0.758000
9143,train,-1.608791,0.684000
9144,train,2.605504,4.785000
9145,train,-0.357479,1.599000
9146,train,1.628569,2.257000
9147,train,-0.042419,2.927000
9148,train,-0.435676,0.912000
9149,train,-0.584303,1.546000
9150,train,-0.079827,1.804000
9151,train,0.503640,2.014000
9152,train,-0.503676,1.404000
9153,train,0.060770,1.689000
9154,train,-0.304379,0.831000
9155,train,-0.710898,0.662000
9156,train,0.087663,1.585000
9157,train,-0.595822,1.981000
9158,train,0.142507,2.115000
9159,train,0.160101,1.750000
9160,train,-0.181113,1.530000
9161,train,-0.458501,2.212000
9162,train,-0.093405,1.544000
9163,train,-1.281209,0.546000
9164,train,-0.548322,0.430000
9165,train,2.149847,5.000010
9166,train,0.364048,1.272000
9167,train,1.136667,2.539000
9168,train,0.135902,1.646000
9169,train,-0.605279,0.646000
9170,train,0.143247,1.660000
9171,train,1.964024,3.801000
9172,train,-0.599415,1.825000
9173,train,-1.248662,0.938000
9174,train,-0.419456,2.186000
9175,train,-1.647309,1.625000
9176,train,-0.951196,1.167000
9177,train,0.296312,2.621000
9178,train,-0.858892,2.545000
9179,train,-0.501245,1.118000
9180,train,-0.665248,0.960000
9181,train,-0.165421,1.224000
9182,train,-0.606125,1.621000
9183,train,-0.069576,1.196000
9184,train,0.730306,2.472000
9185,train,1.814657,4.513000
9186,train,-0.161299,0.965000
9187,train,-0.045695,3.363000
9188,train,0.774635,3.717000
9189,train,-0.149359,1.420000
9190,train,-0.458501,2.166000
9191,train,1.299718,2.377000
9192,train,-0.333386,1.369000
9193,train,0.303551,2.804000
9194,train,-0.886049,0.481000
9195,train,0.833072,2.376000
9196,train,0.644553,2.093000
9197,train,-0.275583,0.508000
9198,train,1.539382,2.863000
9199,train,-0.382999,2.865000
9200,train,-0.574053,1.092000
9201,train,-1.018456,1.393000
9202,train,-0.451157,1.547000
9203,train,-0.078717,2.930000
9204,train,-0.214981,1.233000
9205,train,5.881857,5.000010
9206,train,0.297686,2.260000
9207,train,0.309997,1.925000
9208,train,0.771095,3.302000
9209,train,-0.813189,1.307000
9210,train,-1.174427,0.687000
9211,train,-0.923193,1.573000
9212,train,0.161792,2.051000
9213,train,-0.310931,1.745000
9214,train,-0.095255,3.539000
9215,train,-0.304379,1.293000
9216,train,-0.142648,0.883000
9217,train,0.126920,1.812000
9218,train,0.111122,2.894000
9219,train,0.128135,2.504000
9220,train,-0.467959,1.757000
9221,train,-0.401914,4.643000
9222,train,-1.065268,0.850000
9223,train,-0.043370,2.316000
9224,train,-0.854770,1.875000
9225,train,-0.355788,2.135000
9226,train,1.812490,3.430000
9227,train,0.226886,4.059000
9228,train,-0.126692,1.885000
9229,train,1.131859,2.542000
9230,train,0.610104,2.228000
9231,train,-0.345697,2.127000
9232,train,0.538776,1.577000
9233,train,0.497722,3.254000
9234,train,-0.577012,1.098000
9235,train,-1.214847,2.250000
9236,train,-0.501457,0.521000
9237,train,0.738601,1.914000
9238,train,-0.464525,1.708000
9239,train,-0.098319,1.361000
9240,train,-1.191018,0.674000
9241,train,2.339370,5.000010
9242,train,-0.163360,2.222000
9243,train,-0.000573,1.897000
9244,train,1.404122,2.168000
9245,train,-0.582983,1.114000
9246,train,-0.967416,0.678000
9247,train,0.989730,2.206000
9248,train,-0.335869,1.125000
9249,train,0.677840,2.075000
9250,train,1.189714,2.511000
9251,train,-0.568558,1.308000
9252,train,1.174180,2.982000
9253,train,-0.154695,2.922000
9254,train,0.254783,2.005000
9255,train,0.211035,2.194000
9256,train,-0.935504,1.170000
9257,train,-0.367307,1.987000
9258,train,0.471886,2.126000
9259,train,-1.010319,0.963000
9260,train,-0.891438,0.997000
9261,train,-0.974866,1.798000
9262,train,0.612746,1.793000
9263,train,-0.086484,1.748000
9264,train,-0.773192,0.658000
9265,train,0.464172,0.931000
9266,train,-0.985539,0.547000
9267,train,0.406369,1.864000
9268,train,0.166864,1.643000
9269,train,-0.148830,1.236000
9270,train,0.102087,2.227000
9271,train,1.490509,5.000010
9272,train,0.551034,1.796000
9273,train,-0.054307,1.648000
9274,train,-0.920815,0.612000
9275,train,-0.653994,1.438000
9276,train,-0.167481,0.991000
9277,train,1.013401,2.659000
9278,train,-0.494218,1.375000
9279,train,0.556951,3.684000
9280,train,-0.209010,2.431000
9281,train,-0.673543,1.920000
9282,train,-0.269349,3.645000
9283,train,-0.301262,1.512000
9284,train,-0.186978,1.928000
9285,train,0.322624,1.852000
9286,train,-0.664403,5.000000
9287,train,-0.140482,2.250000
9288,train,-0.702180,2.050000
9289,train,-0.062232,0.952000
9290,train,-1.139873,0.590000
9291,train,-0.520161,1.404000
9292,train,-0.915003,1.435000
9293,train,0.719052,1.911000
9294,train,0.167974,1.986000
9295,train,-1.062151,0.738000
9296,train,-0.194322,1.948000
9297,train,1.208471,2.573000
9298,train,-0.076128,1.083000
9299,train,-0.361653,1.083000
9300,train,-1.104261,1.540000
9301,train,1.441160,3.462000
9302,train,-0.527294,0.729000
9303,train,0.003813,1.356000
9304,train,0.651528,5.000010
9305,train,0.616867,3.058000
9306,train,-0.018960,1.790000
9307,train,-0.533211,1.633000
9308,train,-1.084501,0.943000
9309,train,0.722856,2.133000
9310,train,-1.243695,0.817000
9311,train,0.032344,1.431000
9312,train,-1.164283,2.813000
9313,train,0.008198,2.104000
9314,train,1.049593,5.000010
9315,train,0.069858,0.750000
9316,train,-0.524546,1.924000
9317,train,0.036835,2.692000
9318,train,0.521182,2.750000
9319,train,-0.703501,1.588000
9320,train,0.422114,1.301000
9321,train,-0.744713,1.991000
9322,train,0.815372,2.194000
9323,train,1.024073,3.049000
9324,train,-1.171786,0.660000
9325,train,0.598216,3.294000
9326,train,0.131517,0.875000
9327,train,0.400082,2.735000
9328,train,-0.685643,2.667000
9329,train,-0.417448,1.608000
9330,train,-0.598833,1.490000
9331,train,0.699397,1.837000
9332,train,-1.305091,0.731000
9333,train,-0.955423,0.613000
9334,train,1.585032,2.885000
9335,train,-1.218017,0.467000
9336,train,-1.178707,0.865000
9337,train,0.400082,1.181000
9338,train,-0.815143,0.632000
9339,train,-1.115040,0.575000
9340,train,-1.262029,0.958000
9341,train,0.353480,2.193000
9342,train,0.179016,0.884000
9343,train,-0.128277,0.800000
9344,train,0.112021,1.792000
9345,train,1.171063,2.611000
9346,train,1.445228,5.000010
9347,train,0.703043,3.536000
9348,train,-0.828352,0.550000
9349,train,1.140577,2.479000
9350,train,-0.206316,1.558000
9351,train,-0.156597,1.495000
9352,train,-0.276852,5.000010
9353,train,-0.845313,1.518000
9354,train,-0.326412,0.889000
9355,train,-1.548030,0.675000
9356,train,-0.075441,1.782000
9357,train,1.122084,1.532000
9358,train,-0.463785,0.694000
9359,train,0.147579,2.844000
9360,train,0.775903,1.608000
9361,train,-0.441118,2.078000
9362,train,0.257002,1.798000
9363,train,-0.965990,0.679000
9364,train,-0.246312,2.346000
9365,train,0.721747,3.580000
9366,train,2.009832,4.165000
9367,train,0.179915,1.805000
9368,train,0.400082,1.739000
9369,train,-1.050210,0.578000
9370,train,-0.557569,0.702000
9371,train,0.828105,3.365000
9372,train,-0.912731,2.000000
9373,train,0.496402,1.567000
9374,train,-0.159239,1.504000
9375,train,1.089590,3.846000
9376,train,-1.144364,3.500000
9377,train,-0.866975,1.283000
9378,train,-1.139609,1.750000
9379,train,-0.613363,1.538000
9380,train,1.228812,2.932000
9381,train,-1.547290,0.889000
9382,train,-0.110260,1.838000
9383,train,0.137593,1.881000
9384,train,-0.732508,0.746000
9385,train,-0.422045,0.696000
9386,train,-0.270511,1.297000
9387,train,-0.866183,1.775000
9388,train,-0.495856,1.708000
9389,train,-1.369920,0.540000
9390,train,-0.487402,0.828000
9391,train,0.318820,5.000010
9392,train,0.703782,2.941000
9393,train,1.102323,5.000010
9394,train,-0.769071,1.270000
9395,train,-1.049946,1.139000
9396,train,-0.329476,2.680000
9397,train,-0.996318,0.983000
9398,train,-1.336369,0.588000
9399,train,0.001699,1.629000
9400,train,1.307961,3.505000
9401,train,0.742458,1.876000
9402,train,1.147128,2.151000
9403,train,-0.736946,2.518000
9404,train,-1.147745,1.152000
9405,train,0.441082,3.568000
9406,train,-0.678246,1.125000
9407,train,-0.032855,3.238000
9408,train,-0.719933,1.337000
9409,train,-1.189116,1.563000
9410,train,2.060925,3.623000
9411,train,1.565113,5.000010
9412,train,-0.878969,1.625000
9413,train,-0.812026,0.987000
9414,train,-0.689024,1.250000
9415,train,-0.670584,1.357000
9416,train,-0.319067,1.426000
9417,train,-0.181536,1.214000
9418,train,-0.369156,2.594000
9419,train,-1.010689,2.215000
9420,train,0.508607,4.932000
9421,train,0.808979,3.356000
9422,train,-0.493690,1.826000
9423,train,-0.737633,2.953000
9424,train,0.537666,1.813000
9425,train,0.326112,1.806000
9426,train,-1.052905,1.143000
9427,train,-0.829990,4.500000
9428,train,-0.079827,3.089000
9429,train,-0.360861,1.128000
9430,train,5.881857,5.000010
9431,train,-0.876063,2.583000
9432,train,1.194099,4.176000
9433,train,-1.001284,1.141000
9434,train,-0.967998,1.073000
9435,train,0.307619,0.962000
9436,train,-0.675234,1.760000
9437,train,-0.888797,1.205000
9438,train,0.779919,2.271000
9439,train,-0.696263,1.129000
9440,train,1.407609,3.458000
9441,train,-0.232047,0.714000
9442,train,0.135902,1.398000
9443,train,-0.497019,1.232000
9444,train,1.133814,3.759000
9445,train,-0.622134,0.628000
9446,train,-0.458501,0.834000
9447,train,0.135902,3.276000
9448,train,-1.204280,1.542000
9449,train,0.369278,2.715000
9450,train,-0.548322,1.105000
9451,train,3.753681,5.000010
9452,train,0.165279,2.090000
9453,train,0.371762,0.686000
9454,train,-0.426800,2.438000
9455,train,-0.306598,2.344000
9456,train,0.135902,2.709000
9457,train,1.284554,2.858000
9458,train,0.503851,3.625000
9459,train,1.172701,2.773000
9460,train,-0.613046,3.238000
9461,train,-0.699591,0.945000
9462,train,-0.562641,1.809000
9463,train,0.814368,2.224000
9464,train,1.575257,3.322000
9465,train,-0.863858,2.667000
9466,train,2.219379,4.515000
9467,train,-0.737686,1.025000
9468,train,0.529160,2.777000
9469,train,-0.670479,1.356000
9470,train,-1.099136,0.550000
9471,train,-0.809754,0.843000
9472,train,-1.463862,1.045000
9473,train,-0.648869,1.644000
9474,train,-0.471710,2.445000
9475,train,0.521182,1.705000
9476,train,0.911058,3.591000
9477,train,-0.763945,1.375000
9478,train,-0.267183,3.772000
9479,train,0.827841,4.286000
9480,train,-0.219102,1.331000
9481,train,0.305717,2.154000
9482,train,-0.934024,1.716000
9483,train,0.284530,5.000010
9484,train,-0.398163,1.500000
9485,train,-0.981576,0.943000
9486,train,0.251507,2.527000
9487,train,-0.279229,1.469000
9488,train,-1.338324,2.250000
9489,train,0.663099,2.376000
9490,train,-0.200345,1.739000
9491,train,-0.162885,1.610000
9492,train,-0.132662,2.800000
9493,train,-0.587315,1.601000
9494,train,-0.698323,0.939000
9495,train,-0.447511,1.292000
9496,train,-0.400382,1.857000
9497,train,-1.189961,1.563000
9498,train,-0.650613,1.488000
9499,train,-0.847003,2.167000
9500,train,-0.436469,1.207000
9501,train,0.841737,5.000010
9502,train,-0.432559,1.920000
9503,train,0.599537,2.349000
9504,train,-1.158577,1.125000
9505,train,-0.339621,1.475000
9506,train,0.045342,1.910000
9507,train,-0.753642,0.719000
9508,train,0.908416,5.000010
9509,train,-0.821748,1.485000
9510,train,-0.842882,1.406000
9511,train,-0.439903,1.354000
9512,train,1.909444,5.000010
9513,train,-0.007177,2.000000
9514,train,0.267992,3.352000
9515,train,-1.118950,0.879000
9516,train,-0.520055,1.938000
9517,train,0.608097,1.406000
9518,train,-0.062232,2.231000
9519,train,0.061615,2.153000
9520,train,-0.884623,1.833000
9521,train,0.281201,0.793000
9522,train,0.245959,1.708000
9523,train,0.142507,2.871000
9524,train,-0.436469,1.137000
9525,train,0.230267,2.821000
9526,train,0.182504,2.122000
9527,train,0.658925,3.142000
9528,train,-0.087858,2.879000
9529,train,0.183930,2.113000
9530,train,0.050044,2.882000
9531,train,-1.036367,1.750000
9532,train,-0.654100,1.452000
9533,train,-0.385852,1.012000
9534,train,-0.524546,0.615000
9535,train,-0.671483,1.502000
9536,train,0.840416,2.465000
9537,train,-0.186079,1.993000
9538,train,-0.824284,0.555000
9539,train,-0.253392,1.908000
9540,train,1.354298,4.925000
9541,train,-0.626150,1.104000
9542,train,-1.779451,5.000010
9543,train,0.343495,0.996000
9544,train,0.119418,2.469000
9545,train,-1.037371,1.543000
9546,train,-0.608608,1.393000
9547,train,-0.708890,3.750000
9548,train,0.624476,5.000010
9549,train,-0.646227,1.375000
9550,train,-0.178207,0.736000
9551,train,-1.005511,1.862000
9552,train,-0.225918,1.924000
9553,train,-0.864228,2.375000
9554,train,0.218485,3.844000
9555,train,0.262761,1.456000
9556,train,0.662148,2.876000
9557,train,-0.648552,2.161000
9558,train,-1.325697,0.675000
9559,train,-1.355602,1.000000
9560,train,-0.676978,1.338000
9561,train,1.230133,3.406000
9562,train,-0.188299,1.512000
9563,train,0.334037,2.021000
9564,train,-1.131525,1.156000
9565,train,-1.556431,0.675000
9566,train,-0.861375,1.029000
9567,train,-0.575903,0.797000
9568,train,-0.632595,0.919000
9569,train,-0.315422,1.552000
9570,train,-1.037899,1.239000
9571,train,-0.194322,1.133000
9572,train,-0.785872,1.580000
9573,train,-0.210120,2.049000
9574,train,-0.119559,1.242000
9575,train,-1.637640,0.818000
9576,train,0.497194,3.212000
9577,train,0.798676,2.062000
9578,train,-0.251068,1.034000
9579,train,-0.697267,1.508000
9580,train,-0.000097,1.840000
9581,train,-0.381731,0.745000
9582,train,-1.106956,0.490000
9583,train,2.553936,3.909000
9584,train,1.458913,3.524000
9585,train,-0.993465,1.149000
9586,train,0.927542,3.220000
9587,train,-1.428832,1.087000
9588,train,2.297365,3.762000
9589,train,-0.926574,1.109000
9590,train,-1.334679,0.608000
9591,train,-0.058587,1.271000
9592,train,-0.062232,1.214000
9593,train,-0.590591,0.722000
9594,train,-0.496226,1.518000
9595,train,-0.095255,1.375000
9596,train,0.617713,1.639000
9597,train,0.422854,3.207000
9598,train,0.385393,1.239000
9599,train,0.630975,1.589000
9600,train,-0.082310,1.390000
9601,train,-0.604645,1.102000
9602,train,0.608519,2.002000
9603,train,0.081851,1.077000
9604,train,0.598216,1.752000
9605,train,-0.245678,1.837000
9606,train,0.019029,2.027000
9607,train,-0.463996,2.360000
9608,train,-0.813981,0.806000
9609,train,0.050414,2.400000
9610,train,-0.960442,0.689000
9611,train,-0.668999,2.224000
9612,train,1.287830,3.442000
9613,train,-1.024585,0.685000
9614,train,-1.083708,0.795000
9615,train,-0.199236,1.535000
9616,train,0.157935,3.448000
9617,train,0.455982,2.362000
9618,train,0.153127,2.118000
9619,train,-0.116389,1.971000
9620,train,1.448134,2.994000
9621,train,-0.336186,1.369000
9622,train,-0.710845,1.485000
9623,train,0.150327,2.520000
9624,train,0.801582,2.177000
9625,train,-0.811973,0.655000
9626,train,-0.929058,1.640000
9627,train,-0.613205,1.171000
9628,train,0.769457,1.230000
9629,train,1.662912,3.506000
9630,train,0.641595,2.655000
9631,train,0.311159,2.638000
9632,train,2.320560,5.000010
9633,train,-1.016237,1.294000
9634,train,-0.307919,2.183000
9635,train,-0.676449,0.813000
9636,train,-0.097791,2.368000
9637,train,0.219753,2.645000
9638,train,-0.306598,2.215000
9639,train,0.404150,1.160000
9640,train,0.748904,2.976000
9641,train,-1.324217,1.333000
9642,train,0.410385,1.372000
9643,train,0.712447,1.719000
9644,train,0.065472,2.908000
9645,train,1.298714,3.900000
9646,train,1.563422,2.803000
9647,train,0.122324,0.830000
9648,train,0.711232,1.293000
9649,train,-0.710845,1.192000
9650,train,-0.617484,1.813000
9651,train,-0.105927,2.833000
9652,train,-0.219102,1.489000
9653,train,-0.821748,1.028000
9654,train,-1.203593,0.940000
9655,train,-0.771342,1.114000
9656,train,5.881857,5.000010
9657,train,1.174656,2.904000
9658,train,0.167445,1.673000
9659,train,0.443301,1.843000
9660,train,-0.978618,1.125000
9661,train,2.162739,5.000010
9662,train,-0.416497,1.615000
9663,train,-0.689658,1.311000
9664,train,0.221761,1.507000
9665,train,1.286192,3.338000
9666,train,0.657287,2.269000
9667,train,-1.449174,1.500000
9668,train,-0.367993,1.610000
9669,train,-0.931382,3.167000
9670,train,-0.233156,4.569000
9671,train,-0.069576,1.718000
9672,train,-0.058111,1.558000
9673,train,-0.377451,1.234000
9674,train,0.880096,3.426000
9675,train,0.069858,1.415000
9676,train,1.256763,2.339000
9677,train,-1.427141,0.784000
9678,train,0.065736,1.298000
9679,train,0.460367,2.728000
9680,train,-1.007519,1.550000
9681,train,0.267992,1.505000
9682,train,-0.375232,3.333000
9683,train,-0.928159,1.053000
9684,train,0.469138,1.504000
9685,train,-0.098900,1.724000
9686,train,-1.258014,1.132000
9687,train,-0.621077,1.500000
9688,train,-0.226129,1.343000
9689,train,0.007775,1.368000
9690,train,-0.059062,1.833000
9691,train,-0.761198,0.895000
9692,train,-1.080432,1.375000
9693,train,-0.896035,0.875000
9694,train,0.569896,1.156000
9695,train,0.686135,1.851000
9696,train,0.387877,2.084000
9697,train,0.618505,2.008000
9698,train,1.714850,4.167000
9699,train,1.247886,2.917000
9700,train,-1.779451,0.675000
9701,train,0.296312,2.349000
9702,train,0.433104,2.006000
9703,train,0.001171,1.258000
9704,train,-1.198838,0.964000
9705,train,-0.339621,1.669000
9706,train,-0.868296,0.981000
9707,train,-0.557569,1.735000
9708,train,0.107582,3.006000
9709,train,-0.115068,1.555000
9710,train,-0.827771,0.575000
9711,train,3.345101,5.000010
9712,train,-0.684322,1.938000
9713,train,-0.427698,1.603000
9714,train,0.108216,3.854000
9715,train,-0.432083,1.889000
9716,train,-1.487955,1.083000
9717,train,0.517483,5.000010
9718,train,0.630182,3.110000
9719,train,2.110749,5.000010
9720,train,-0.899575,0.375000
9721,train,0.340853,1.963000
9722,train,0.237506,2.783000
9723,train,-0.340202,4.889000
9724,train,-0.362446,2.080000
9725,train,0.086395,2.993000
9726,train,0.763276,5.000010
9727,train,0.090358,1.204000
9728,train,-0.662078,1.077000
9729,train,-0.652092,1.743000
9730,train,-0.167323,1.591000
9731,train,-1.150546,0.615000
9732,train,0.857112,2.393000
9733,train,0.400082,1.368000
9734,train,0.007723,1.137000
9735,train,0.797619,3.256000
9736,train,-0.656636,1.011000
9737,train,-0.415599,2.331000
9738,train,0.368644,1.766000
9739,train,0.418099,2.399000
9740,train,0.462798,3.310000
9741,train,-0.990611,1.506000
9742,train,1.934224,4.627000
9743,train,0.348197,1.084000
9744,train,0.144145,2.195000
9745,train,-0.101278,1.405000
9746,train,0.815002,3.324000
9747,train,0.024947,1.174000
9748,train,0.153708,2.122000
9749,train,-0.235428,1.581000
9750,train,-0.961710,1.813000
9751,train,0.692370,2.250000
9752,train,-0.531415,2.584000
9753,train,-1.398504,0.879000
9754,train,-0.395098,1.943000
9755,train,0.223980,1.843000
9756,train,1.959004,4.023000
9757,train,0.528790,1.953000
9758,train,-0.410685,1.178000
9759,train,0.403358,2.832000
9760,train,0.625638,2.270000
9761,train,-0.225125,1.825000
9762,train,0.274015,2.668000
9763,train,0.603289,2.217000
9764,train,0.019188,3.204000
9765,train,-1.136544,1.000000
9766,train,0.242578,2.314000
9767,train,-0.783812,1.829000
9768,train,-0.612624,1.739000
9769,train,3.075426,5.000010
9770,train,-0.143230,1.416000
9771,train,-0.580341,1.619000
9772,train,0.331289,1.906000
9773,train,-0.463204,2.639000
9774,train,-0.161299,1.257000
9775,train,-0.339621,1.540000
9776,train,-1.427141,1.125000
9777,train,-0.007177,1.754000
9778,train,0.661725,1.338000
9779,train,1.081295,3.434000
9780,train,1.771754,2.919000
9781,train,1.146758,3.553000
9782,train,-0.777260,1.631000
9783,train,-0.442968,1.357000
9784,train,-0.414489,1.517000
9785,train,-0.947233,1.511000
9786,train,-0.472027,1.368000
9787,train,-0.000309,1.201000
9788,train,1.613880,3.384000
9789,train,-1.001548,1.563000
9790,train,-0.675128,2.118000
9791,train,-0.183755,2.842000
9792,train,-1.003345,1.500000
9793,train,0.930712,1.976000
9794,train,1.035697,3.011000
9795,train,2.261701,5.000010
9796,train,-0.583511,1.375000
9797,train,0.602496,2.981000
9798,train,0.253304,2.610000
9799,train,-1.115410,0.695000
9800,train,0.243212,2.200000
9801,train,0.744519,2.411000
9802,train,-1.114776,1.034000
9803,train,-0.376553,2.256000
9804,train,0.653218,1.729000
9805,train,-0.891438,1.800000
9806,train,0.290025,2.152000
9807,train,-0.384214,1.753000
9808,train,0.691683,1.330000
9809,train,2.090249,5.000010
9810,train,-0.177784,1.487000
9811,train,-0.407884,2.109000
9812,train,-0.712536,1.104000
9813,train,-0.437473,3.691000
9814,train,-0.146611,1.833000
9815,train,1.126575,1.402000
9816,train,-0.937300,0.944000
9817,train,1.064810,2.099000
9818,train,-0.410790,1.535000
9819,train,1.295491,3.401000
9820,train,-0.972489,0.927000
9821,train,0.668646,1.818000
9822,train,-0.296718,1.585000
9823,train,-0.934024,0.669000
9824,train,0.025845,2.436000
9825,train,-0.828352,1.375000
9826,train,0.733318,1.888000
9827,train,-0.068520,2.906000
9828,train,-0.165421,1.947000
9829,train,0.604715,2.104000
9830,train,0.442984,3.570000
9831,train,-0.885838,1.152000
9832,train,-1.760377,0.875000
9833,train,3.305949,4.285000
9834,train,-0.408202,1.577000
9835,train,-0.693304,1.465000
9836,train,0.355066,1.431000
9837,train,-0.352830,1.345000
9838,train,-0.420988,1.204000
9839,train,-0.395098,2.414000
9840,train,-0.406194,0.668000
9841,train,0.062672,2.002000
9842,train,-0.585519,0.822000
9843,train,-1.118210,1.875000
9844,train,1.717967,5.000010
9845,train,-0.458501,1.622000
9846,train,-0.964827,0.725000
9847,train,-1.020886,0.906000
9848,train,-0.389815,1.167000
9849,train,-0.713223,0.588000
9850,train,-0.692194,2.023000
9851,train,0.217164,1.487000
9852,train,0.648833,3.000000
9853,train,-0.081095,1.630000
9854,train,-0.518153,0.947000
9855,train,-0.848377,1.875000
9856,train,-1.159581,0.958000
9857,train,0.175001,4.000000
9858,train,-0.173082,0.987000
9859,train,0.795664,2.529000
9860,train,0.372396,1.775000
9861,train,-0.392456,1.681000
9862,train,0.378049,1.772000
9863,train,-0.889642,0.773000
9864,train,0.678104,1.878000
9865,train,1.549632,3.183000
9866,train,0.337524,1.115000
9867,train,0.092683,4.500000
9868,train,0.434848,1.866000
9869,train,-0.718295,1.285000
9870,train,-0.913207,1.067000
9871,train,-0.928582,0.944000
9872,train,-0.602004,1.469000
9873,train,-0.611725,0.978000
9874,train,-0.700648,1.827000
9875,train,-0.229880,1.928000
9876,train,-0.801089,0.475000
9877,train,0.708273,2.209000
9878,train,-0.571729,1.042000
9879,train,-0.553923,0.813000
9880,train,-1.212522,0.827000
9881,train,2.335618,5.000010
9882,train,0.963735,2.313000
9883,train,1.234624,3.938000
9884,train,0.018712,2.180000
9885,train,-0.241504,1.425000
9886,train,0.078311,2.745000
9887,train,-1.052905,0.666000
9888,train,0.229158,2.500000
9889,train,-0.232945,3.019000
9890,train,0.703413,3.694000
9891,train,2.105148,5.000010
9892,train,-0.562271,2.250000
9893,train,0.144726,2.708000
9894,train,0.378049,1.907000
9895,train,1.781317,3.346000
9896,train,0.182715,2.883000
9897,train,2.173465,4.099000
9898,train,-0.903749,0.714000
9899,train,-0.128277,0.675000
9900,train,0.428772,2.368000
9901,train,0.440078,1.695000
9902,train,-0.997163,1.737000
9903,train,0.466127,4.421000
9904,train,0.301014,1.935000
9905,train,0.168925,2.616000
9906,train,-0.902217,0.652000
9907,train,0.645769,2.685000
9908,train,0.552513,3.681000
9909,train,0.135902,2.671000
9910,train,1.486810,4.113000
9911,train,2.283047,5.000010
9912,train,-0.700648,1.188000
9913,train,-0.733671,2.000000
9914,train,-0.260367,2.019000
9915,train,1.311553,3.500000
9916,train,1.048748,2.410000
9917,train,0.313378,1.429000
9918,train,1.350493,2.784000
9919,train,-1.364267,0.600000
9920,train,-0.922770,0.792000
9921,train,-0.421833,1.250000
9922,train,0.044443,1.265000
9923,train,0.540414,1.785000
9924,train,-0.728810,1.305000
9925,train,1.169319,2.700000
9926,train,-0.136519,1.607000
9927,train,-0.646227,2.000000
9928,train,0.342491,3.500000
9929,train,-0.366038,1.016000
9930,train,-0.194322,1.613000
9931,train,-0.015050,2.435000
9932,train,-0.281607,1.228000
9933,train,-0.624829,0.708000
9934,train,1.154684,1.028000
9935,train,0.274015,1.175000
9936,train,-0.276852,1.563000
9937,train,0.307619,2.679000
9938,train,-0.096417,0.909000
9939,train,-1.201479,0.576000
9940,train,1.929469,3.156000
9941,train,-0.506529,1.419000
9942,train,0.091890,5.000010
9943,train,-0.336081,1.848000
9944,train,-1.004983,1.160000
9945,train,-1.001760,0.698000
9946,train,-1.057290,0.628000
9947,train,0.746949,2.295000
9948,train,-0.880184,0.635000
9949,train,-0.509012,1.729000
9950,train,0.238615,1.970000
9951,train,0.278982,1.456000
9952,train,-1.281314,0.477000
9953,train,-0.607974,1.313000
9954,train,-0.116812,3.467000
9955,train,-0.780483,0.818000
9956,train,3.423192,5.000010
9957,train,-0.469174,3.156000
9958,train,-0.310983,2.608000
9959,train,-1.036948,0.834000
9960,train,-1.543592,0.950000
9961,train,-1.128038,0.881000
9962,train,1.412417,2.915000
9963,train,0.711179,2.331000
9964,train,0.164539,3.500000
9965,train,-0.243988,1.007000
9966,train,1.801395,4.772000
9967,train,0.690204,2.277000
9968,train,-1.076945,2.438000
9969,train,1.363280,3.606000
9970,train,-1.052905,0.840000
9971,train,-0.120457,1.467000
9972,train,0.544746,3.252000
9973,train,-1.235030,0.953000
9974,train,1.525116,2.519000
9975,train,0.358394,2.708000
9976,train,0.267992,2.125000
9977,train,-0.639411,0.985000
9978,train,-0.969794,1.125000
9979,train,-0.264118,3.500000
9980,train,-0.148619,1.120000
9981,train,-0.626942,0.728000
9982,train,-0.863013,2.000000
9983,train,-0.656636,2.100000
9984,train,-1.537938,0.600000
9985,train,-0.439639,0.913000
9986,train,-0.397212,3.000000
9987,train,-0.450734,2.181000
9988,train,0.884587,1.975000
9989,train,2.069590,5.000010
9990,train,-0.250222,1.472000
9991,train,0.168925,2.673000
9992,train,-0.714333,1.349000
9993,train,1.990125,2.905000
9994,train,-0.451527,2.729000
9995,train,-0.177784,0.828000
9996,train,-0.130179,1.821000
9997,train,-0.992883,1.138000
9998,train,0.733635,2.114000
9999,train,-0.199500,5.000010
10000,train,-0.814985,1.337000
10001,test,-0.441541,1.355000
10002,test,0.460473,2.379000
10003,test,0.372290,0.845000
10004,test,0.075881,2.634000
10005,test,0.291557,1.210000
10006,test,-0.861850,1.402000
10007,test,-0.563380,1.435000
10008,test,0.448110,1.637000
10009,test,-1.162381,1.661000
10010,test,0.608678,1.519000
10011,test,-0.815619,1.593000
10012,test,1.155001,2.410000
10013,test,1.254808,2.185000
10014,test,-0.062232,1.734000
10015,test,-0.104501,1.601000
10016,test,2.051203,3.750000
10017,test,1.463034,5.000010
10018,test,0.286009,3.179000
10019,test,-0.722681,1.759000
10020,test,0.368803,5.000010
10021,test,2.238189,3.822000
10022,test,-0.572363,0.822000
10023,test,0.451438,1.851000
10024,test,-0.452478,1.770000
10025,test,1.164194,2.718000
10026,test,0.646138,3.782000
10027,test,1.793787,3.227000
10028,test,0.054641,1.875000
10029,test,0.837880,3.427000
10030,test,-0.867240,1.125000
10031,test,-0.213184,0.909000
10032,test,-0.928318,2.000000
10033,test,1.623496,1.652000
10034,test,-1.490280,0.578000
10035,test,-0.377662,1.509000
10036,test,-0.125107,2.250000
10037,test,-0.353622,1.173000
10038,test,0.284530,1.285000
10039,test,1.008751,3.159000
10040,test,0.673930,3.056000
10041,test,-0.884517,1.625000
10042,test,-1.290455,1.113000
10043,test,-0.173663,0.559000
10044,test,-0.634603,1.478000
10045,test,1.143535,4.026000
10046,test,-0.173980,1.574000
10047,test,0.988938,2.898000
10048,test,-1.133638,1.015000
10049,test,-0.342421,0.675000
10050,test,2.105518,3.375000
10051,test,-0.385958,2.631000
10052,test,-0.953838,1.344000
10053,test,-0.353939,4.667000
10054,test,0.623577,3.500000
10055,test,-1.022894,1.159000
10056,test,0.201947,1.926000
10057,test,-0.422467,4.125000
10058,test,-0.415916,1.185000
10059,test,-0.014521,3.500000
10060,test,1.375432,5.000010
10061,test,-0.792054,0.639000
10062,test,0.263290,2.199000
10063,test,-0.816517,0.562000
10064,test,-0.339832,1.293000
10065,test,-0.237489,1.041000
10066,test,0.178805,1.613000
10067,test,0.275336,3.804000
10068,test,-1.420643,2.250000
10069,test,-0.836542,1.531000
10070,test,0.862396,2.768000
10071,test,0.141926,4.120000
10072,test,0.638160,3.742000
10073,test,0.121003,3.100000
10074,test,-0.095255,1.752000
10075,test,0.376041,1.583000
10076,test,0.187523,1.344000
10077,test,0.324579,2.100000
10078,test,-1.157573,0.632000
10079,test,0.239672,5.000010
10080,test,-0.422203,0.635000
10081,test,-0.898783,1.938000
10082,test,0.669862,2.187000
10083,test,1.490984,2.898000
10084,test,0.908204,1.825000
10085,test,-0.561901,0.875000
10086,test,-0.701652,1.057000
10087,test,-0.749521,1.038000
10088,test,0.284530,1.558000
10089,test,0.247492,1.594000
10090,test,0.254783,1.850000
10091,test,-1.301551,0.617000
10092,test,0.025845,2.356000
10093,test,-0.156597,2.430000
10094,test,2.105518,3.689000
10095,test,-0.487402,0.722000
10096,test,0.462956,2.573000
10097,test,1.941621,2.948000
10098,test,1.684945,4.125000
10099,test,2.415189,5.000010
10100,test,-0.566551,1.831000
10101,test,-0.474986,2.114000
10102,test,0.238615,1.984000
10103,test,-1.383129,0.974000
10104,test,-0.072165,3.194000
10105,test,-1.177439,5.000010
10106,test,-0.443285,2.583000
10107,test,0.049516,2.686000
10108,test,1.261835,3.669000
10109,test,0.766974,3.137000
10110,test,-0.545575,4.083000
10111,test,0.718682,1.878000
10112,test,-0.656636,1.633000
10113,test,0.414770,2.444000
10114,test,-0.306862,1.814000
10115,test,-1.059509,0.854000
10116,test,-1.300547,0.988000
10117,test,0.108375,2.123000
10118,test,0.464330,2.583000
10119,test,-1.260814,0.779000
10120,test,-1.445951,0.847000
10121,test,0.918296,2.327000
10122,test,2.244741,3.658000
10123,test,-0.184864,1.308000
10124,test,-0.470178,1.695000
10125,test,-0.260367,1.563000
10126,test,0.248179,2.418000
10127,test,0.807975,3.417000
10128,test,-0.993148,0.852000
10129,test,-1.177069,0.968000
10130,test,-0.841297,1.250000
10131,test,0.266090,1.310000
10132,test,-0.340572,0.883000
10133,test,3.188495,5.000010
10134,test,0.543161,1.175000
10135,test,0.903872,2.841000
10136,test,1.005528,1.903000
10137,test,1.458226,3.444000
10138,test,-0.925359,1.394000
10139,test,-0.578597,1.286000
10140,test,-1.219179,1.096000
10141,test,2.317020,4.192000
10142,test,-0.682050,1.375000
10143,test,-0.095255,1.017000
10144,test,-0.372379,1.378000
10145,test,1.467525,2.701000
10146,test,-0.775517,1.215000
10147,test,-1.433165,1.393000
10148,test,0.625057,2.257000
10149,test,-1.147851,1.500000
10150,test,-0.168062,2.613000
10151,test,0.131200,2.325000
10152,test,-0.128277,1.076000
10153,test,0.825305,2.796000
10154,test,-0.419667,2.123000
10155,test,-0.474986,0.864000
10156,test,-0.241504,1.708000
10157,test,0.832808,3.360000
10158,test,0.853097,1.797000
10159,test,-1.166978,1.125000
10160,test,0.195660,1.935000
10161,test,-0.617009,0.588000
10162,test,-0.680201,0.921000
10163,test,-0.260367,2.000000
10164,test,0.161475,2.405000
10165,test,0.899856,2.448000
10166,test,0.338422,1.880000
10167,test,0.228788,1.364000
10168,test,-0.271779,0.989000
10169,test,-0.590591,1.099000
10170,test,0.172729,1.403000
10171,test,0.116353,0.968000
10172,test,0.508131,2.121000
10173,test,0.677259,3.650000
10174,test,0.710281,4.667000
10175,test,-0.049023,1.917000
10176,test,3.466465,5.000010
10177,test,-0.604540,1.099000
10178,test,0.421216,1.456000
10179,test,-0.033331,1.567000
10180,test,0.593144,2.217000
10181,test,1.314988,2.791000
10182,test,-0.511337,0.831000
10183,test,-0.479371,2.043000
10184,test,0.237981,2.527000
10185,test,0.090886,2.331000
10186,test,1.209158,2.042000
10187,test,0.418680,2.278000
10188,test,-1.075783,0.965000
10189,test,-0.481802,1.632000
10190,test,-0.988921,0.978000
10191,test,-0.914686,1.019000
10192,test,-0.673121,1.295000
10193,test,0.976521,3.208000
10194,test,0.750436,1.380000
10195,test,0.097174,1.622000
10196,test,-0.896775,0.530000
10197,test,1.030308,2.674000
10198,test,-0.463204,0.964000
10199,test,-0.609453,0.953000
10200,test,0.297369,1.591000
10201,test,-0.707464,2.740000
10202,test,-0.353411,3.208000
10203,test,-0.948343,0.847000
10204,test,-0.341470,1.088000
10205,test,0.072499,2.750000
10206,test,-0.654417,1.361000
10207,test,0.149111,3.935000
10208,test,-0.445292,1.623000
10209,test,-0.161299,2.116000
10210,test,0.206068,1.833000
10211,test,0.257319,1.923000
10212,test,0.046029,1.921000
10213,test,-0.004430,0.908000
10214,test,-0.113430,1.435000
10215,test,-0.711479,1.452000
10216,test,0.069858,1.710000
10217,test,-0.306387,0.955000
10218,test,0.727611,3.870000
10219,test,-0.878969,2.313000
10220,test,-1.213315,0.430000
10221,test,0.779338,2.436000
10222,test,2.441237,2.766000
10223,test,-0.860054,1.295000
10224,test,-0.341417,2.383000
10225,test,-1.092162,0.654000
10226,test,0.606776,2.230000
10227,test,-0.111739,0.888000
10228,test,-0.770708,1.155000
10229,test,0.710968,0.974000
10230,test,-0.677295,1.314000
10231,test,-0.007864,1.477000
10232,test,-0.131923,1.786000
10233,test,1.608068,2.852000
10234,test,-0.896035,0.991000
10235,test,-0.236168,2.900000
10236,test,1.471963,2.676000
10237,test,-1.494560,1.625000
10238,test,-0.593127,0.981000
10239,test,2.330546,3.300000
10240,test,0.771254,1.687000
10241,test,-0.753167,1.023000
10242,test,-0.573472,4.500000
10243,test,0.352899,1.884000
10244,test,-0.625991,1.694000
10245,test,-0.716076,1.766000
10246,test,-0.664667,1.461000
10247,test,-0.022605,2.354000
10248,test,0.140605,1.350000
10249,test,-0.372907,4.150000
10250,test,0.791807,2.683000
10251,test,0.118678,2.442000
10252,test,-1.256534,0.695000
10253,test,3.031150,5.000010
10254,test,1.764515,2.913000
10255,test,-0.629425,0.888000
10256,test,-0.712853,2.500000
10257,test,-0.885045,1.079000
10258,test,0.157512,3.020000
10259,test,-0.810758,0.813000
10260,test,-0.398638,1.806000
10261,test,0.041537,2.736000
10262,test,-0.194322,1.830000
10263,test,-1.273072,0.675000
10264,test,-0.353833,2.153000
10265,test,-0.133349,1.557000
10266,test,-0.245678,0.675000
10267,test,-0.291434,1.136000
10268,test,-0.676079,2.583000
10269,test,-0.535536,1.276000
10270,test,-0.416814,1.317000
10271,test,1.165568,3.359000
10272,test,-0.541665,1.306000
10273,test,1.475450,2.309000
10274,test,-0.406194,1.666000
10275,test,-0.813875,1.704000
10276,test,-0.153057,3.667000
10277,test,0.402935,2.632000
10278,test,-1.503067,0.542000
10279,test,-0.631856,1.936000
10280,test,0.750753,2.645000
10281,test,3.704068,5.000010
10282,test,0.549554,2.341000
10283,test,-1.411449,0.804000
10284,test,1.972583,3.108000
10285,test,-0.166372,2.230000
10286,test,-1.049259,0.697000
10287,test,0.613274,1.482000
10288,test,-1.045138,1.743000
10289,test,-1.342023,0.445000
10290,test,0.336784,5.000010
10291,test,0.697019,1.538000
10292,test,0.186942,2.179000
10293,test,-0.177784,0.688000
10294,test,-0.522168,0.770000
10295,test,-0.309874,1.811000
10296,test,-0.188299,1.388000
10297,test,-0.756548,1.237000
10298,test,-0.975183,0.709000
10299,test,0.869053,2.484000
10300,test,-1.645935,1.625000
10301,test,0.151647,2.166000
10302,test,-0.690345,1.308000
10303,test,0.135902,1.858000
10304,test,-0.852868,2.012000
10305,test,3.450244,5.000010
10306,test,-0.353939,1.839000
10307,test,-0.057741,1.857000
10308,test,1.977603,5.000010
10309,test,-0.740275,1.060000
10310,test,-0.092243,1.668000
10311,test,1.378127,3.975000
10312,test,0.880466,1.823000
10313,test,0.041379,1.943000
10314,test,1.194575,2.896000
10315,test,0.364048,2.869000
10316,test,-0.688284,1.714000
10317,test,-0.656636,0.974000
10318,test,-0.711691,3.167000
10319,test,-0.592652,0.700000
10320,test,-1.046300,1.367000
10321,test,0.013270,1.446000
10322,test,1.721877,2.779000
10323,test,0.605772,2.711000
10324,test,2.391202,4.705000
10325,test,0.521182,2.181000
10326,test,-1.030872,2.272000
10327,test,-0.588689,0.731000
10328,test,0.334037,1.666000
10329,test,0.206861,2.274000
10330,test,-0.035814,2.171000
10331,test,-1.000069,1.381000
10332,test,-0.599837,1.629000
10333,test,0.176269,1.432000
10334,test,-0.254608,1.580000
10335,test,-0.071214,1.635000
10336,test,-0.646491,0.920000
10337,test,0.390624,1.841000
10338,test,1.049857,5.000010
10339,test,0.825305,2.342000
10340,test,-0.422309,1.818000
10341,test,-0.070052,2.280000
10342,test,0.041537,2.956000
10343,test,1.437831,3.288000
10344,test,-0.184019,2.491000
10345,test,-1.150757,0.951000
10346,test,-0.792213,0.625000
10347,test,-0.339621,1.633000
10348,test,-0.603800,1.402000
10349,test,0.057494,3.453000
10350,test,3.660478,5.000010
10351,test,-1.363950,0.863000
10352,test,-0.808539,1.542000
10353,test,0.719158,3.846000
10354,test,-0.384901,1.163000
10355,test,0.643972,4.273000
10356,test,-0.333756,5.000010
10357,test,3.878954,5.000010
10358,test,-0.545945,1.838000
10359,test,0.532171,1.417000
10360,test,0.101718,2.252000
10361,test,-0.217623,3.649000
10362,test,-0.206104,2.306000
10363,test,-0.540608,1.005000
10364,test,1.198379,3.597000
10365,test,-0.287894,1.193000
10366,test,0.129087,2.292000
10367,test,-0.157548,1.297000
10368,test,0.139865,1.728000
10369,test,-1.223512,0.901000
10370,test,-1.043025,1.098000
10371,test,-0.366778,1.118000
10372,test,-0.888321,1.293000
10373,test,-0.018748,1.283000
10374,test,-1.106586,0.414000
10375,test,-0.854770,0.675000
10376,test,0.421163,2.378000
10377,test,-0.360279,1.531000
10378,test,-0.299729,0.985000
10379,test,0.397810,3.041000
10380,test,0.273328,1.604000
10381,test,1.446179,3.126000
10382,test,-1.618037,0.600000
10383,test,-0.156597,1.979000
10384,test,-1.233709,2.500000
10385,test,-1.339328,0.782000
10386,test,0.341170,1.583000
10387,test,-0.271674,1.575000
10388,test,0.693638,1.750000
10389,test,-0.654522,1.716000
10390,test,0.636839,4.054000
10391,test,1.430011,2.787000
10392,test,-0.315580,1.132000
10393,test,0.667643,1.792000
10394,test,-0.375919,3.300000
10395,test,0.505753,2.058000
10396,test,-0.512341,2.298000
10397,test,-0.520161,0.830000
10398,test,-0.382312,0.723000
10399,test,0.149111,3.224000
10400,test,0.150062,2.307000
10401,test,1.197851,5.000010
10402,test,-0.353516,2.798000
10403,test,-0.873474,1.167000
10404,test,5.018994,5.000010
10405,test,-0.344587,1.044000
10406,test,-0.090552,2.625000
10407,test,3.264949,5.000010
10408,test,0.400082,2.734000
10409,test,-0.070475,1.794000
10410,test,-0.428226,3.508000
10411,test,-0.801565,0.656000
10412,test,-1.245756,1.875000
10413,test,0.508131,1.658000
10414,test,-1.018297,1.454000
10415,test,1.795477,3.711000
10416,test,0.484989,1.525000
10417,test,-1.006356,1.813000
10418,test,-0.810018,1.040000
10419,test,-0.458501,1.786000
10420,test,-0.555349,1.140000
10421,test,0.105733,1.905000
10422,test,-0.968473,1.772000
10423,test,-0.765161,2.750000
10424,test,-0.032538,3.409000
10425,test,-1.028865,1.219000
10426,test,0.292772,3.381000
10427,test,-0.524546,0.702000
10428,test,-0.724371,1.741000
10429,test,-0.024507,2.109000
10430,test,1.163772,2.680000
10431,test,1.215551,2.881000
10432,test,1.181683,3.435000
10433,test,0.145360,1.598000
10434,test,-0.128277,2.531000
10435,test,-1.492816,0.814000
10436,test,0.748957,3.559000
10437,test,-0.371798,1.586000
10438,test,-1.075677,0.554000
10439,test,-1.052905,0.986000
10440,test,1.484961,2.750000
10441,test,0.624581,3.068000
10442,test,0.560491,1.737000
10443,test,1.049488,2.815000
10444,test,-0.555983,1.768000
10445,test,-0.970322,1.226000
10446,test,-0.572574,0.658000
10447,test,0.162320,1.694000
10448,test,-1.055335,0.885000
10449,test,2.555838,5.000010
10450,test,-0.627418,4.900000
10451,test,0.828528,2.583000
10452,test,-0.364929,2.102000
10453,test,-0.785344,1.123000
10454,test,-0.456758,1.035000
10455,test,0.839254,2.747000
10456,test,-0.194322,1.358000
10457,test,-0.603800,4.500000
10458,test,-0.425479,0.694000
10459,test,-1.108805,0.639000
10460,test,1.192303,3.750000
10461,test,-0.828352,1.208000
10462,test,-0.851283,0.821000
10463,test,-0.075018,1.819000
10464,test,0.107741,1.265000
10465,test,-0.464260,1.165000
10466,test,0.271004,2.269000
10467,test,0.549554,2.738000
10468,test,0.603500,1.955000
10469,test,-0.682842,1.697000
10470,test,0.176533,1.401000
10471,test,-0.410949,1.741000
10472,test,-0.251173,0.974000
10473,test,1.977603,4.232000
10474,test,1.412576,3.320000
10475,test,-0.438688,1.976000
10476,test,-0.414489,0.813000
10477,test,0.260119,1.449000
10478,test,0.860705,3.798000
10479,test,-0.682050,0.944000
10480,test,-0.365087,1.310000
10481,test,0.365950,1.459000
10482,test,0.744519,2.939000
10483,test,-0.389603,1.663000
10484,test,0.655385,1.958000
10485,test,0.087875,1.565000
10486,test,1.256129,2.917000
10487,test,1.052710,2.651000
10488,test,0.387137,2.316000
10489,test,-1.257063,1.750000
10490,test,2.530583,3.540000
10491,test,1.914781,3.676000
10492,test,-0.706143,3.058000
10493,test,-0.610404,1.661000
10494,test,0.331184,1.360000
10495,test,-0.549326,1.063000
10496,test,-0.478526,1.750000
10497,test,-0.443813,0.968000
10498,test,-0.417606,3.000000
10499,test,0.477116,1.917000
10500,test,0.684127,4.327000
10501,test,-1.266256,0.946000
10502,test,-0.358007,2.024000
10503,test,-1.165921,0.958000
10504,test,-0.752691,0.788000
10505,test,-0.435201,1.938000
10506,test,-0.887000,0.725000
10507,test,0.762007,1.275000
10508,test,0.556951,1.820000
10509,test,0.102880,2.259000
10510,test,-1.278514,0.728000
10511,test,1.333375,2.180000
10512,test,-0.590591,0.875000
10513,test,-0.432348,0.983000
10514,test,-0.667626,1.567000
10515,test,0.508607,1.606000
10516,test,0.089301,1.391000
10517,test,-0.051242,0.794000
10518,test,0.459839,1.405000
10519,test,-0.993940,1.774000
10520,test,-1.113877,1.208000
10521,test,0.489427,1.617000
10522,test,0.900120,2.259000
10523,test,2.975144,5.000010
10524,test,1.236949,2.834000
10525,test,-0.718982,1.427000
10526,test,-1.132159,0.575000
10527,test,-0.352301,2.875000
10528,test,-0.550964,0.766000
10529,test,-0.705086,2.393000
10530,test,2.332078,5.000010
10531,test,0.370705,2.875000
10532,test,-1.434803,0.875000
10533,test,-0.045695,1.432000
10534,test,0.442298,1.125000
10535,test,1.251056,4.727000
10536,test,-0.803942,1.885000
10537,test,-1.059879,1.833000
10538,test,-0.590591,0.968000
10539,test,-1.297271,0.665000
10540,test,-0.608185,0.922000
10541,test,-0.260367,5.000010
10542,test,-0.975447,0.768000
10543,test,-0.374439,1.897000
10544,test,-0.412798,1.198000
10545,test,-0.096100,3.118000
10546,test,-1.416521,0.938000
10547,test,0.889870,2.839000
10548,test,1.058047,5.000010
10549,test,1.441371,2.368000
10550,test,-0.964035,1.568000
10551,test,-1.221398,0.680000
10552,test,0.657445,3.081000
10553,test,1.956045,3.333000
10554,test,-1.294471,1.455000
10555,test,-0.204255,4.328000
10556,test,0.337049,3.216000
10557,test,-1.207873,1.536000
10558,test,0.267992,2.140000
10559,test,0.111756,3.067000
10560,test,-0.094726,2.540000
10561,test,-0.709472,1.572000
10562,test,0.342649,1.838000
10563,test,-0.802886,1.795000
10564,test,1.448187,4.165000
10565,test,-0.505684,1.431000
10566,test,-0.421833,1.734000
10567,test,-0.544518,1.234000
10568,test,0.160682,2.135000
10569,test,-0.448779,0.879000
10570,test,-1.305302,0.661000
10571,test,-0.836595,1.705000
10572,test,0.503851,1.434000
10573,test,0.488159,3.160000
10574,test,0.303762,2.045000
10575,test,0.028963,1.487000
10576,test,-0.394411,0.788000
10577,test,-0.834587,0.858000
10578,test,0.544535,3.117000
10579,test,2.441554,5.000010
10580,test,-0.687281,0.704000
10581,test,0.359451,1.648000
10582,test,-1.060249,0.605000
10583,test,-0.656636,2.179000
10584,test,0.319877,1.863000
10585,test,-0.303111,0.983000
10586,test,0.406369,4.222000
10587,test,0.211722,2.166000
10588,test,0.031023,3.011000
10589,test,-0.612624,0.847000
10590,test,-1.160056,0.591000
10591,test,2.791328,5.000010
10592,test,-0.361812,2.012000
10593,test,0.117040,4.500000
10594,test,-0.530041,1.208000
10595,test,0.367059,1.000000
10596,test,1.491988,3.295000
10597,test,1.349067,2.881000
10598,test,1.183743,2.537000
10599,test,-0.424792,1.136000
10600,test,-0.420565,2.667000
10601,test,-0.067304,2.477000
10602,test,0.041537,3.150000
10603,test,0.768665,2.317000
10604,test,0.631133,2.464000
10605,test,0.258534,2.875000
10606,test,0.993217,2.486000
10607,test,0.705684,2.124000
10608,test,0.280461,5.000010
10609,test,0.615229,4.350000
10610,test,-0.900738,0.534000
10611,test,0.428138,5.000010
10612,test,0.127871,2.466000
10613,test,0.080847,3.417000
10614,test,0.003813,1.621000
10615,test,-0.540080,1.655000
10616,test,0.873386,1.713000
10617,test,0.434636,1.742000
10618,test,0.063834,1.992000
10619,test,-0.062232,1.638000
10620,test,1.484749,2.239000
10621,test,0.080847,0.525000
10622,test,-1.358349,1.602000
10623,test,0.195765,2.390000
10624,test,-0.554557,1.269000
10625,test,-0.796492,1.953000
10626,test,0.181922,1.281000
10627,test,-0.109415,1.923000
10628,test,-1.184995,1.875000
10629,test,-0.444605,1.625000
10630,test,-0.374387,0.754000
10631,test,-0.604328,1.393000
10632,test,0.898483,3.092000
10633,test,-0.650613,0.935000
10634,test,-0.074596,1.565000
10635,test,0.887176,2.652000
10636,test,-0.909825,0.344000
10637,test,0.151964,3.131000
10638,test,0.198302,1.371000
10639,test,-0.619598,1.693000
10640,test,1.808422,5.000010
10641,test,-0.453693,0.708000
10642,test,0.525567,2.625000
10643,test,0.327221,1.379000
10644,test,0.710440,1.996000
10645,test,-1.052905,1.199000
10646,test,-0.214981,1.209000
10647,test,-0.211705,2.500000
10648,test,1.539170,4.144000
10649,test,1.200757,3.684000
10650,test,-0.764580,2.135000
10651,test,-0.267447,0.953000
10652,test,-0.766693,1.920000
10653,test,-0.907236,2.215000
10654,test,-0.877437,0.859000
10655,test,-0.718771,1.177000
10656,test,0.666692,1.959000
10657,test,-1.014863,0.689000
10658,test,-0.349290,1.247000
10659,test,-0.628844,1.220000
10660,test,-0.022605,0.842000
10661,test,0.660668,2.492000
10662,test,0.659770,1.842000
10663,test,-1.310110,0.694000
10664,test,-1.251039,1.625000
10665,test,0.286168,3.526000
10666,test,-0.873369,4.383000
10667,test,-0.510016,2.291000
10668,test,0.029015,1.572000
10669,test,1.976387,4.025000
10670,test,-1.055864,0.712000
10671,test,-0.086378,1.398000
10672,test,0.993693,1.625000
10673,test,-0.726802,2.438000
10674,test,0.131411,1.649000
10675,test,-0.663135,0.696000
10676,test,-0.026357,2.161000
10677,test,2.324523,3.587000
10678,test,-0.395679,1.188000
10679,test,1.903949,3.512000
10680,test,1.213649,3.719000
10681,test,-0.150310,1.875000
10682,test,-1.136333,1.813000
10683,test,1.162398,3.993000
10684,test,0.486785,3.346000
10685,test,1.313508,3.337000
10686,test,-0.528192,1.142000
10687,test,-1.205918,0.875000
10688,test,0.267992,1.862000
10689,test,-0.421093,1.887000
10690,test,0.698393,1.019000
10691,test,-0.974074,0.650000
10692,test,2.958078,5.000010
10693,test,-0.567713,2.069000
10694,test,0.778704,2.130000
10695,test,-1.112926,0.713000
10696,test,-0.392456,1.759000
10697,test,-1.041915,0.513000
10698,test,0.660932,1.681000
10699,test,0.390518,2.023000
10700,test,-0.071690,1.342000
10701,test,0.130143,3.050000
10702,test,0.958398,2.242000
10703,test,1.186914,2.404000
10704,test,-0.147139,2.125000
10705,test,0.062196,1.919000
10706,test,-0.854770,1.750000
10707,test,1.179622,4.264000
10708,test,-0.277221,1.375000
10709,test,-0.034705,3.230000
10710,test,-0.491524,0.817000
10711,test,-0.185498,1.309000
10712,test,0.028593,1.595000
10713,test,0.793339,2.607000
10714,test,0.345502,2.194000
10715,test,-0.893024,0.738000
10716,test,-0.629267,1.823000
10717,test,1.940353,3.403000
10718,test,-0.924144,2.313000
10719,test,-1.018984,1.429000
10720,test,-0.401439,2.310000
10721,test,1.472333,5.000010
10722,test,-0.488195,0.872000
10723,test,0.314805,1.620000
10724,test,0.421110,1.930000
10725,test,-0.635607,1.646000
10726,test,1.163824,2.367000
10727,test,-0.055945,1.276000
10728,test,-0.823122,0.896000
10729,test,-0.614314,1.938000
10730,test,-0.625832,1.188000
10731,test,-0.425479,1.274000
10732,test,0.562182,2.581000
10733,test,2.280722,4.063000
10734,test,-0.309874,2.027000
10735,test,0.846545,2.048000
10736,test,-0.175459,1.990000
10737,test,-0.151155,3.693000
10738,test,-0.545786,1.620000
10739,test,0.187259,5.000010
10740,test,0.701141,2.035000
10741,test,-1.103099,1.143000
10742,test,-1.258912,2.375000
10743,test,-0.176728,1.144000
10744,test,-0.885679,1.208000
10745,test,0.581731,2.331000
10746,test,-0.861533,1.088000
10747,test,-0.402231,2.292000
10748,test,-0.809754,1.077000
10749,test,-0.626942,1.041000
10750,test,-0.604170,2.181000
10751,test,-0.600313,0.975000
10752,test,-0.937934,1.661000
10753,test,0.910899,2.605000
10754,test,-1.298433,1.039000
10755,test,3.506567,5.000010
10756,test,1.399895,3.340000
10757,test,-0.303005,2.044000
10758,test,0.558589,2.403000
10759,test,-0.361389,2.458000
10760,test,-0.809490,1.750000
10761,test,-0.206897,2.440000
10762,test,1.108611,3.152000
10763,test,0.191169,2.750000
10764,test,-0.362657,0.789000
10765,test,-0.364929,1.940000
10766,test,-0.450259,3.000000
10767,test,-0.936560,0.713000
10768,test,-1.381438,1.021000
10769,test,1.940670,2.719000
10770,test,2.473414,4.103000
10771,test,0.473471,2.515000
10772,test,-0.920815,1.042000
10773,test,-0.404133,1.906000
10774,test,-0.884147,0.875000
10775,test,-0.875799,0.872000
10776,test,-1.409547,0.992000
10777,test,0.093158,1.575000
10778,test,0.786840,3.552000
10779,test,-0.619069,2.125000
10780,test,-0.979093,0.877000
10781,test,0.435482,3.309000
10782,test,0.240782,2.795000
10783,test,-0.066512,5.000010
10784,test,-0.932492,1.094000
10785,test,-1.395123,0.875000
10786,test,1.682197,5.000010
10787,test,0.135902,3.103000
10788,test,-0.645963,1.542000
10789,test,-0.820110,1.098000
10790,test,0.505753,1.810000
10791,test,-1.036367,2.616000
10792,test,0.675198,1.182000
10793,test,-0.693304,1.292000
10794,test,-0.241504,2.333000
10795,test,1.013612,2.694000
10796,test,-0.329582,1.798000
10797,test,-1.052905,1.029000
10798,test,0.643919,3.496000
10799,test,0.023256,1.294000
10800,test,1.057413,3.600000
10801,test,1.123088,1.967000
10802,test,-0.969054,1.467000
10803,test,0.902023,1.322000
10804,test,0.889342,2.669000
10805,test,-0.199817,2.267000
10806,test,0.709594,3.515000
10807,test,-1.346620,0.923000
10808,test,0.158569,2.013000
10809,test,-0.813347,2.906000
10810,test,1.441688,3.588000
10811,test,0.358817,4.097000
10812,test,0.175529,2.269000
10813,test,0.259750,2.213000
10814,test,-0.283932,1.549000
10815,test,-1.155618,1.417000
10816,test,-0.846158,1.236000
10817,test,0.369014,1.755000
10818,test,0.771676,2.279000
10819,test,-0.669211,0.922000
10820,test,0.276234,2.412000
10821,test,-0.450048,1.618000
10822,test,-1.040541,0.543000
10823,test,3.409243,4.000000
10824,test,-0.854770,2.481000
10825,test,-0.310878,0.925000
10826,test,-0.792318,0.974000
10827,test,-0.314418,1.760000
10828,test,-0.141486,1.935000
10829,test,-0.805633,0.474000
10830,test,-1.161958,1.125000
10831,test,1.785861,2.992000
10832,test,-1.055018,0.907000
10833,test,0.529160,3.223000
10834,test,-1.347888,0.716000
10835,test,-0.012144,2.414000
10836,test,-0.285622,0.656000
10837,test,3.665075,5.000010
10838,test,0.196452,2.451000
10839,test,0.073609,2.447000
10840,test,-0.901002,0.772000
10841,test,-1.407751,0.795000
10842,test,-1.041915,0.556000
10843,test,0.055486,3.000000
10844,test,-0.989713,2.068000
10845,test,1.566011,4.461000
10846,test,-0.546103,2.568000
10847,test,0.295520,3.821000
10848,test,1.031206,2.861000
10849,test,-1.047674,0.908000
10850,test,-0.464525,1.750000
10851,test,3.898504,5.000010
10852,test,-0.409575,4.185000
10853,test,-0.580182,0.766000
10854,test,-1.038217,1.642000
10855,test,-0.798659,1.238000
10856,test,0.201947,2.417000
10857,test,-1.292040,1.896000
10858,test,-0.862326,0.723000
10859,test,-0.871255,1.058000
10860,test,-0.106244,5.000010
10861,test,3.156160,5.000010
10862,test,-1.027227,1.063000
10863,test,-0.831681,0.723000
10864,test,0.450012,1.993000
10865,test,-0.857518,0.589000
10866,test,-0.940417,1.207000
10867,test,1.507310,3.446000
10868,test,0.652532,2.921000
10869,test,-1.265728,0.913000
10870,test,-1.260973,0.535000
10871,test,-0.361970,2.028000
10872,test,-0.957959,1.026000
10873,test,1.547254,3.291000
10874,test,0.882420,4.105000
10875,test,-0.221163,0.988000
10876,test,0.345714,1.683000
10877,test,1.785967,3.027000
10878,test,0.094638,1.624000
10879,test,-0.309874,1.900000
10880,test,0.643074,1.885000
10881,test,-0.696263,2.714000
10882,test,-0.437208,1.135000
10883,test,0.137963,1.792000
10884,test,1.315675,3.367000
10885,test,-0.106244,2.506000
10886,test,1.279535,3.404000
10887,test,0.386873,1.368000
10888,test,1.777249,3.671000
10889,test,0.547600,3.435000
10890,test,-0.740275,0.807000
10891,test,0.617554,2.578000
10892,test,-0.971855,1.016000
10893,test,-0.984588,0.535000
10894,test,-1.006938,1.302000
10895,test,-0.135621,0.675000
10896,test,0.624106,3.235000
10897,test,-0.703554,2.038000
10898,test,-0.642951,4.100000
10899,test,0.692687,2.700000
10900,test,-0.346753,0.991000
10901,test,-0.617484,1.471000
10902,test,0.124067,2.115000
10903,test,-0.430181,1.375000
10904,test,-1.111606,0.554000
10905,test,0.128770,1.797000
10906,test,-0.255083,4.083000
10907,test,-0.869881,2.190000
10908,test,2.280458,3.670000
10909,test,-1.279359,0.792000
10910,test,1.379553,1.994000
10911,test,-1.260497,1.433000
10912,test,-0.983690,1.500000
10913,test,-0.169965,1.036000
10914,test,0.754293,4.851000
10915,test,-0.416867,1.000000
10916,test,0.532171,1.693000
10917,test,-0.085427,1.285000
10918,test,0.557850,2.735000
10919,test,-0.784816,1.447000
10920,test,-1.324428,0.606000
10921,test,-0.661444,1.823000
10922,test,0.425496,2.241000
10923,test,-0.481221,1.228000
10924,test,0.007458,2.899000
10925,test,1.245033,2.379000
10926,test,0.187047,1.810000
10927,test,-0.265069,1.608000
10928,test,-0.311195,1.016000
10929,test,0.740873,2.094000
10930,test,-1.449174,0.938000
10931,test,-0.941844,1.144000
10932,test,-0.589006,1.111000
10933,test,-0.683424,0.602000
10934,test,-0.806901,1.226000
10935,test,1.002516,2.599000
10936,test,-1.145368,1.042000
10937,test,0.085603,1.090000
10938,test,-0.586206,0.649000
10939,test,-1.133374,0.857000
10940,test,-0.395468,1.533000
10941,test,-0.719405,0.737000
10942,test,-0.897250,0.750000
10943,test,-0.570778,2.090000
10944,test,-0.026674,1.779000
10945,test,1.234043,2.911000
10946,test,-0.319807,0.928000
10947,test,0.633194,3.316000
10948,test,-0.846528,1.450000
10949,test,-0.082046,4.474000
10950,test,1.404122,3.499000
10951,test,-0.308078,0.647000
10952,test,0.017022,2.757000
10953,test,-0.893182,1.432000
10954,test,1.231507,2.145000
10955,test,-0.790680,2.440000
10956,test,-1.517966,0.654000
10957,test,-1.247288,3.167000
10958,test,-0.402971,2.065000
10959,test,-0.312252,1.176000
10960,test,-0.488988,2.000000
10961,test,0.109062,2.291000
10962,test,-0.834270,0.949000
10963,test,0.757147,1.865000
10964,test,0.056173,1.411000
10965,test,-0.661444,2.729000
10966,test,1.401057,5.000010
10967,test,-0.304379,1.508000
10968,test,0.321673,1.927000
10969,test,-0.732138,1.406000
10970,test,0.810141,3.464000
10971,test,-0.559418,0.825000
10972,test,-1.145738,0.678000
10973,test,-1.173529,0.909000
10974,test,-0.326412,1.596000
10975,test,0.524827,2.319000
10976,test,-0.463996,2.527000
10977,test,0.597371,1.691000
10978,test,0.096275,1.779000
10979,test,-0.398955,2.330000
10980,test,0.568047,2.548000
10981,test,-0.962186,1.583000
10982,test,0.210190,2.337000
10983,test,0.302758,2.160000
10984,test,-0.951301,1.516000
10985,test,-0.742124,1.117000
10986,test,-0.911358,1.185000
10987,test,0.763011,1.573000
10988,test,0.078100,1.310000
10989,test,-1.073035,0.594000
10990,test,-0.581133,1.180000
10991,test,-0.932492,1.533000
10992,test,-0.863224,0.617000
10993,test,2.037149,3.041000
10994,test,-0.357479,1.464000
10995,test,0.927648,1.306000
10996,test,-1.100774,0.785000
10997,test,0.594623,2.840000
10998,test,-0.351192,2.815000
10999,test,-0.685326,1.713000
11000,test,0.218855,2.247000
11001,test,0.328542,5.000010
11002,test,0.983654,1.783000
11003,test,0.708115,2.068000
11004,test,5.252687,5.000010
11005,test,0.588072,2.631000
11006,test,-0.897250,1.534000
11007,test,-0.854770,1.328000
11008,test,-0.034810,2.712000
11009,test,0.875499,1.563000
11010,test,1.582760,2.765000
11011,test,0.153127,1.415000
11012,test,-0.084265,3.077000
11013,test,0.938744,3.648000
11014,test,0.140869,2.103000
11015,test,-0.187506,1.106000
11016,test,0.524827,1.464000
11017,test,-0.703131,1.079000
11018,test,0.554204,2.563000
11019,test,0.327432,2.227000
11020,test,-0.320124,3.096000
11021,test,-0.614631,1.028000
11022,test,-0.514402,2.750000
11023,test,0.930343,4.113000
11024,test,1.690545,5.000010
11025,test,0.820972,2.630000
11026,test,-0.609770,0.720000
11027,test,0.107952,3.500000
11028,test,-0.564173,3.530000
11029,test,-1.116202,0.864000
11030,test,-1.167823,0.595000
11031,test,-0.964827,1.171000
11032,test,-0.803942,0.750000
11033,test,0.213730,1.931000
11034,test,-0.849275,1.000000
11035,test,-0.978618,1.527000
11036,test,1.360057,2.645000
11037,test,0.508607,1.528000
11038,test,0.363308,2.783000
11039,test,0.427081,1.431000
11040,test,-0.810758,1.228000
11041,test,-0.075441,1.235000
11042,test,-0.590591,1.273000
11043,test,1.152306,2.545000
11044,test,0.201947,1.919000
11045,test,0.078100,1.347000
11046,test,-0.553183,1.399000
11047,test,-0.971432,1.558000
11048,test,0.959931,2.088000
11049,test,-0.203040,1.167000
11050,test,-1.267524,0.882000
11051,test,-0.363397,2.770000
11052,test,0.139865,2.035000
11053,test,0.318820,1.440000
11054,test,0.620249,2.408000
11055,test,-0.022130,2.531000
11056,test,-1.314390,0.970000
11057,test,-0.971749,1.229000
11058,test,0.042647,2.300000
11059,test,0.049516,1.836000
11060,test,-0.266971,1.534000
11061,test,-0.786771,0.913000
11062,test,-1.158735,1.000000
11063,test,0.120897,1.401000
11064,test,0.673402,1.831000
11065,test,-0.336345,2.119000
11066,test,-0.736418,1.201000
11067,test,-0.361970,0.717000
11068,test,-1.703684,1.113000
11069,test,-0.128277,1.563000
11070,test,0.494447,2.613000
11071,test,-0.845313,1.500000
11072,test,-0.448357,1.843000
11073,test,-1.144628,1.232000
11074,test,-0.930273,1.367000
11075,test,-0.179105,1.897000
11076,test,-0.691613,0.788000
11077,test,-1.610429,3.250000
11078,test,0.389092,3.573000
11079,test,0.963893,2.690000
11080,test,-0.400223,1.889000
11081,test,1.177245,2.727000
11082,test,0.372871,1.955000
11083,test,-1.326542,0.590000
11084,test,1.083302,2.211000
11085,test,-0.581133,2.775000
11086,test,-0.910671,1.492000
11087,test,2.324047,5.000010
11088,test,0.955070,2.985000
11089,test,-1.074937,0.582000
11090,test,-0.338775,1.418000
11091,test,-0.805210,0.723000
11092,test,2.189263,3.930000
11093,test,0.760951,2.979000
11094,test,1.176029,3.654000
11095,test,-0.902481,1.161000
11096,test,-0.636822,2.482000
11097,test,0.756830,1.917000
11098,test,-0.882456,0.979000
11099,test,-0.875112,0.750000
11100,test,-0.642740,0.723000
11101,test,0.018501,5.000010
11102,test,0.094849,2.665000
11103,test,0.146364,1.373000
11104,test,0.631556,1.540000
11105,test,0.034880,0.847000
11106,test,-1.030872,1.563000
11107,test,-0.480111,2.101000
11108,test,-1.032827,1.143000
11109,test,0.100925,1.828000
11110,test,-0.354150,2.524000
11111,test,0.396753,2.050000
11112,test,-0.904278,0.723000
11113,test,-0.401439,2.179000
11114,test,-0.203780,1.271000
11115,test,-0.870198,1.383000
11116,test,0.326693,2.693000
11117,test,-1.530647,1.076000
11118,test,0.943393,2.914000
11119,test,-0.892178,0.552000
11120,test,0.771465,4.139000
11121,test,0.081640,1.460000
11122,test,-0.447036,1.609000
11123,test,-0.590591,1.975000
11124,test,-0.548005,1.429000
11125,test,1.193412,2.603000
11126,test,5.881857,5.000010
11127,test,-0.788725,1.375000
11128,test,-0.343636,0.918000
11129,test,-0.115068,2.399000
11130,test,-0.838233,1.250000
11131,test,-1.094170,1.104000
11132,test,-1.118950,1.340000
11133,test,-0.149676,1.643000
11134,test,0.854048,3.353000
11135,test,-1.116414,0.958000
11136,test,1.565060,2.621000
11137,test,-0.209010,1.125000
11138,test,-0.062232,1.906000
11139,test,0.310314,2.524000
11140,test,-0.069418,1.904000
11141,test,-0.647178,1.254000
11142,test,-0.113272,2.160000
11143,test,1.298027,5.000010
11144,test,1.062115,3.878000
11145,test,-0.616005,1.540000
11146,test,0.230267,3.659000
11147,test,-0.403182,1.414000
11148,test,-0.662659,2.136000
11149,test,-1.480981,0.500000
11150,test,-0.365193,2.250000
11151,test,-0.248373,1.587000
11152,test,-0.000573,1.270000
11153,test,-0.176094,0.550000
11154,test,0.421427,3.407000
11155,test,0.820180,1.706000
11156,test,-0.615371,2.189000
11157,test,1.096459,2.882000
11158,test,-1.168457,0.572000
11159,test,-0.674441,1.516000
11160,test,-1.038005,1.000000
11161,test,-0.188404,2.319000
11162,test,-0.590591,1.783000
11163,test,1.390437,3.230000
11164,test,-0.716816,0.554000
11165,test,-0.093828,2.330000
11166,test,-1.120535,1.210000
11167,test,0.262339,1.249000
11168,test,-0.189355,1.629000
11169,test,0.876926,2.289000
11170,test,-0.429442,2.241000
11171,test,-0.178682,0.837000
11172,test,-0.282399,1.988000
11173,test,-0.665459,0.670000
11174,test,-0.364823,1.865000
11175,test,-0.032855,1.772000
11176,test,5.881857,5.000010
11177,test,-1.299067,0.844000
11178,test,-0.162251,1.519000
11179,test,-0.407303,1.438000
11180,test,0.622785,2.082000
11181,test,2.080844,3.314000
11182,test,-0.365880,0.850000
11183,test,-1.023370,2.333000
11184,test,-0.622187,0.944000
11185,test,-0.748253,1.478000
11186,test,-0.095255,1.781000
11187,test,0.665846,5.000010
11188,test,0.628544,2.762000
11189,test,0.406475,2.343000
11190,test,-1.069707,3.273000
11191,test,1.431544,2.452000
11192,test,-0.204889,0.953000
11193,test,3.602887,5.000010
11194,test,0.051840,1.118000
11195,test,0.013534,2.518000
11196,test,-0.869459,2.768000
11197,test,-1.001020,0.694000
11198,test,-0.779902,0.790000
11199,test,-0.120510,1.666000
11200,test,2.069801,2.500000
11201,test,-1.120693,0.524000
11202,test,0.502795,1.411000
11203,test,-0.183015,3.981000
11204,test,0.234970,2.430000
11205,test,0.585853,1.996000
11206,test,1.972794,3.449000
11207,test,-0.751001,1.021000
11208,test,-0.505420,1.217000
11209,test,1.017416,5.000010
11210,test,1.420343,2.347000
11211,test,0.189372,2.285000
11212,test,-0.333386,2.125000
11213,test,-0.990928,5.000010
11214,test,-1.432636,1.188000
11215,test,-0.667626,2.250000
11216,test,0.644553,2.881000
11217,test,-0.167587,1.875000
11218,test,0.040269,1.725000
11219,test,-0.651141,1.875000
11220,test,-0.568558,1.056000
11221,test,2.074028,4.699000
11222,test,-1.198890,0.594000
11223,test,-0.706830,1.403000
11224,test,-0.392456,2.056000
11225,test,0.010417,1.292000
11226,test,-1.136967,1.897000
11227,test,0.189953,2.952000
11228,test,0.504485,1.399000
11229,test,1.186438,1.200000
11230,test,0.213624,1.503000
11231,test,-0.637139,1.176000
11232,test,-0.410473,1.509000
11233,test,0.899011,1.531000
11234,test,-0.813506,0.858000
11235,test,-0.378561,1.543000
11236,test,-0.343795,2.308000
11237,test,-0.670796,3.158000
11238,test,0.780025,4.806000
11239,test,-0.553923,1.363000
11240,test,-0.147139,2.066000
11241,test,1.790933,3.521000
11242,test,1.780630,2.510000
11243,test,2.455556,5.000010
11244,test,-0.656636,0.727000
11245,test,0.007300,1.346000
11246,test,0.378049,1.909000
11247,test,-0.366673,0.976000
11248,test,-0.397740,2.426000
11249,test,-0.652515,1.607000
11250,test,-0.608608,1.014000
11251,test,-0.876803,1.039000
11252,test,-0.600049,0.836000
11253,test,0.769669,1.745000
11254,test,-0.581609,1.430000
11255,test,-0.128277,3.576000
11256,test,-0.591806,1.330000
11257,test,-0.184177,1.133000
11258,test,1.109826,3.946000
11259,test,-0.169965,1.464000
11260,test,2.069907,3.953000
11261,test,0.192490,1.628000
11262,test,-0.189989,1.365000
11263,test,0.760951,1.675000
11264,test,0.556212,1.739000
11265,test,-0.201666,1.125000
11266,test,-0.625357,1.560000
11267,test,0.380638,1.984000
11268,test,-0.434936,0.908000
11269,test,-0.647812,0.968000
11270,test,-0.928159,0.797000
11271,test,-1.155935,0.841000
11272,test,0.757622,2.026000
11273,test,1.544982,2.956000
11274,test,0.870374,2.868000
11275,test,-1.326648,0.431000
11276,test,-0.929058,1.352000
11277,test,-0.692300,1.002000
11278,test,-0.557569,2.913000
11279,test,0.418944,1.879000
11280,test,-0.695153,1.575000
11281,test,-0.558889,1.034000
11282,test,-1.172420,1.175000
11283,test,-0.702022,0.400000
11284,test,-0.739165,1.268000
11285,test,-0.773192,0.725000
11286,test,1.677231,5.000010
11287,test,-0.486504,0.871000
11288,test,-0.662131,1.594000
11289,test,0.263607,5.000010
11290,test,-1.087512,1.008000
11291,test,-0.141486,4.528000
11292,test,0.031023,2.369000
11293,test,-0.412534,0.882000
11294,test,1.021009,2.387000
11295,test,-0.775517,1.462000
11296,test,-0.436469,2.226000
11297,test,-0.679936,0.783000
11298,test,0.806918,2.419000
11299,test,-0.826767,2.610000
11300,test,-1.007730,1.062000
11301,test,-0.656636,1.911000
11302,test,0.226727,1.458000
11303,test,-0.103127,1.546000
11304,test,1.643838,3.307000
11305,test,1.767844,4.019000
11306,test,-1.253259,0.534000
11307,test,0.177167,2.125000
11308,test,-0.788725,1.245000
11309,test,-0.913471,1.334000
11310,test,4.765857,5.000010
11311,test,0.097279,1.292000
11312,test,-0.673385,3.596000
11313,test,-0.675498,0.636000
11314,test,-0.835908,5.000010
11315,test,-1.091369,0.780000
11316,test,-0.190201,1.090000
11317,test,-0.328419,4.357000
11318,test,0.971185,2.872000
11319,test,-0.956057,0.648000
11320,test,-0.097791,2.641000
11321,test,-0.856884,1.833000
11322,test,-0.826979,0.906000
11323,test,-0.883883,0.951000
11324,test,-0.288687,2.093000
11325,test,-0.608925,1.143000
11326,test,-0.976980,0.901000
11327,test,-0.553923,0.930000
11328,test,-1.019090,1.003000
11329,test,1.405760,2.887000
11330,test,2.768608,5.000010
11331,test,-0.833689,1.590000
11332,test,-0.718295,0.701000
11333,test,0.934147,2.821000
11334,test,0.020350,1.842000
11335,test,1.477141,2.196000
11336,test,-0.107618,0.808000
11337,test,-0.895137,0.721000
11338,test,0.116459,1.345000
11339,test,-0.331114,1.592000
11340,test,0.337524,1.498000
11341,test,0.682225,1.448000
11342,test,0.916764,1.618000
11343,test,-0.408941,1.378000
11344,test,-1.433218,2.500000
11345,test,-0.777049,1.889000
11346,test,0.400082,1.913000
11347,test,0.197456,1.401000
11348,test,-0.737105,1.750000
11349,test,0.925482,2.747000
11350,test,-1.016395,1.844000
11351,test,-0.113589,2.000000
11352,test,0.098917,2.019000
11353,test,-0.523225,1.341000
11354,test,-0.813506,0.888000
11355,test,3.152620,4.017000
11356,test,-0.451157,1.156000
11357,test,1.099787,2.280000
11358,test,-0.128277,2.000000
11359,test,-0.604857,0.796000
11360,test,0.444094,1.909000
11361,test,1.518353,3.482000
11362,test,0.551985,4.526000
11363,test,0.606194,2.852000
11364,test,-0.084265,2.524000
11365,test,-0.253023,1.108000
11366,test,-1.050369,1.013000
11367,test,0.353586,4.955000
11368,test,-0.894027,1.101000
11369,test,1.398733,2.817000
11370,test,-0.125582,1.709000
11371,test,-1.296425,0.758000
11372,test,-0.674653,1.591000
11373,test,1.579061,3.000000
11374,test,-0.122254,2.546000
11375,test,-1.201849,0.884000
11376,test,-0.413379,2.487000
11377,test,-0.486557,1.116000
11378,test,2.187202,4.541000
11379,test,0.105627,1.658000
11380,test,3.762610,3.125000
11381,test,0.160365,1.338000
11382,test,0.488899,2.726000
11383,test,0.167921,4.047000
11384,test,-1.550249,0.923000
11385,test,-0.268134,1.625000
11386,test,0.065736,2.474000
11387,test,-0.166794,2.900000
11388,test,0.491805,1.237000
11389,test,-0.477522,3.197000
11390,test,0.794079,2.505000
11391,test,0.796351,2.157000
11392,test,-1.115568,0.426000
11393,test,0.792811,5.000010
11394,test,-0.920815,0.839000
11395,test,-0.810758,0.840000
11396,test,-0.233368,2.197000
11397,test,-0.866500,0.905000
11398,test,0.723067,3.100000
11399,test,-0.871255,0.688000
11400,test,-1.050210,0.576000
11401,test,-1.174322,0.415000
11402,test,0.440713,2.128000
11403,test,0.489586,2.153000
11404,test,0.400082,5.000010
11405,test,0.515687,1.857000
11406,test,-0.213871,2.017000
11407,test,-0.920815,1.535000
11408,test,0.898060,2.159000
11409,test,1.785544,4.419000
11410,test,2.097857,3.727000
11411,test,-0.175671,1.647000
11412,test,0.893622,1.493000
11413,test,0.316654,2.708000
11414,test,0.729725,2.137000
11415,test,-1.099136,1.038000
11416,test,-0.888480,1.353000
11417,test,-0.430974,1.080000
11418,test,0.544377,1.663000
11419,test,0.598216,2.580000
11420,test,1.942519,2.830000
11421,test,0.482664,1.600000
11422,test,-0.575427,0.560000
11423,test,0.201947,2.791000
11424,test,-0.176305,5.000010
11425,test,-0.659013,3.188000
11426,test,-0.318909,1.856000
11427,test,0.557744,2.414000
11428,test,-0.481485,0.730000
11429,test,-1.405901,0.682000
11430,test,-0.230990,2.750000
11431,test,-0.480534,0.917000
11432,test,-0.673121,2.750000
11433,test,-0.980256,1.430000
11434,test,-0.501245,1.594000
11435,test,-0.796757,0.575000
11436,test,-0.016529,1.842000
11437,test,-0.563063,2.806000
11438,test,-0.762308,1.211000
11439,test,0.875499,2.356000
11440,test,-1.406113,0.556000
11441,test,0.320828,2.069000
11442,test,1.282599,3.862000
11443,test,0.381748,0.943000
11444,test,0.936841,1.977000
11445,test,-0.601105,1.904000
11446,test,0.742775,1.795000
11447,test,-0.831681,3.500000
11448,test,0.883636,2.646000
11449,test,-1.122595,1.315000
11450,test,-0.683529,0.730000
11451,test,-1.088463,0.541000
11452,test,0.742405,3.229000
11453,test,0.584690,2.097000
11454,test,-0.511337,1.448000
11455,test,0.532171,2.500000
11456,test,-0.240553,1.607000
11457,test,-0.122359,1.065000
11458,test,-0.642370,1.598000
11459,test,1.970892,3.478000
11460,test,-1.047991,0.552000
11461,test,0.626008,2.698000
11462,test,-1.637587,1.531000
11463,test,-0.647812,1.223000
11464,test,1.131119,1.669000
11465,test,-0.600049,0.926000
11466,test,-1.052905,1.375000
11467,test,0.469772,2.538000
11468,test,0.636205,2.200000
11469,test,0.760528,1.327000
11470,test,0.403358,1.249000
11471,test,0.855157,1.538000
11472,test,0.326112,1.794000
11473,test,-0.991562,0.675000
11474,test,0.079474,1.317000
11475,test,-0.745189,1.033000
11476,test,0.073873,2.521000
11477,test,0.072077,2.083000
11478,test,-0.625991,1.393000
11479,test,0.101718,1.176000
11480,test,1.035856,3.624000
11481,test,-0.135251,2.355000
11482,test,-0.288687,1.764000
11483,test,-0.260367,1.875000
11484,test,-0.574053,1.129000
11485,test,-0.699591,1.464000
11486,test,0.239672,3.418000
11487,test,-0.964827,0.942000
11488,test,-0.833900,0.620000
11489,test,-0.640098,1.550000
11490,test,1.244716,1.597000
11491,test,-0.509012,2.574000
11492,test,-0.339621,1.358000
11493,test,-0.996318,0.930000
11494,test,-0.201666,3.316000
11495,test,-0.972172,1.275000
11496,test,-0.656636,2.032000
11497,test,-0.177784,2.130000
11498,test,0.881417,2.048000
11499,test,0.847549,3.979000
11500,test,-0.918173,0.508000
11501,test,-1.321417,0.550000
11502,test,0.901336,2.145000
11503,test,1.461819,3.090000
11504,test,-0.083261,2.896000
11505,test,1.557821,1.272000
11506,test,-0.542722,3.357000
11507,test,-0.515458,1.536000
11508,test,1.867810,3.457000
11509,test,0.508976,1.722000
11510,test,-0.474986,1.628000
11511,test,-0.073750,2.875000
11512,test,3.362431,5.000010
11513,test,0.430568,1.838000
11514,test,0.020350,2.250000
11515,test,-0.489886,0.730000
11516,test,-0.743921,0.971000
11517,test,-0.181536,1.568000
11518,test,-0.630958,5.000010
11519,test,-0.216354,1.926000
11520,test,-0.696844,2.205000
11521,test,2.209711,3.800000
11522,test,0.135902,1.207000
11523,test,-0.607076,1.057000
11524,test,-1.234079,0.483000
11525,test,0.003813,1.485000
11526,test,-0.643691,1.162000
11527,test,-0.117763,2.115000
11528,test,2.375457,5.000010
11529,test,0.091150,3.461000
11530,test,1.672158,2.411000
11531,test,-0.025089,1.760000
11532,test,0.055697,1.884000
11533,test,0.997656,3.027000
11534,test,-0.612624,1.163000
11535,test,1.202870,5.000010
11536,test,-0.448779,1.394000
11537,test,-0.683846,1.305000
11538,test,0.951001,2.207000
11539,test,-0.003954,1.343000
11540,test,-1.032563,0.494000
11541,test,-0.887793,0.828000
11542,test,-0.874742,1.694000
11543,test,1.139890,1.517000
11544,test,-0.124526,2.091000
11545,test,1.465253,3.100000
11546,test,0.469614,1.783000
11547,test,-1.302079,0.903000
11548,test,0.110858,1.960000
11549,test,0.696332,2.201000
11550,test,0.488159,2.432000
11551,test,-0.467959,1.156000
11552,test,-0.255823,1.449000
11553,test,-0.606547,0.704000
11554,test,-0.800719,0.947000
11555,test,-0.933707,0.748000
11556,test,-0.914475,1.266000
11557,test,-0.249377,2.675000
11558,test,-0.244093,2.750000
11559,test,-0.262903,3.357000
11560,test,-1.136861,0.758000
11561,test,1.264424,3.071000
11562,test,0.086395,1.475000
11563,test,1.686530,3.563000
11564,test,-0.041362,1.809000
11565,test,0.911850,3.868000
11566,test,-0.639094,1.228000
11567,test,-0.284724,1.997000
11568,test,-1.240050,0.890000
11569,test,-0.506740,2.282000
11570,test,-0.433721,0.850000
11571,test,-0.632067,1.333000
11572,test,3.388532,5.000010
11573,test,0.484144,3.935000
11574,test,0.053795,5.000000
11575,test,0.078258,1.691000
11576,test,-1.169989,0.614000
11577,test,-0.215668,2.028000
11578,test,-0.305753,2.379000
11579,test,-0.139742,1.326000
11580,test,2.227569,5.000010
11581,test,1.936919,4.068000
11582,test,-0.843305,0.759000
11583,test,-0.774354,1.234000
11584,test,0.645610,1.890000
11585,test,0.056649,1.625000
11586,test,-0.928371,0.762000
11587,test,-0.311195,1.000000
11588,test,5.881857,5.000010
11589,test,0.237664,1.362000
11590,test,-0.620760,1.193000
11591,test,-1.092109,0.865000
11592,test,0.322254,4.528000
11593,test,0.230426,2.784000
11594,test,-1.464391,0.723000
11595,test,-0.183332,1.958000
11596,test,0.003813,2.250000
11597,test,0.275759,0.713000
11598,test,0.276234,2.480000
11599,test,-0.793269,1.922000
11600,test,-0.730025,0.962000
11601,test,-0.788725,1.608000
11602,test,-0.392456,3.438000
11603,test,0.508131,3.190000
11604,test,-1.534398,1.600000
11605,test,-0.382682,2.826000
11606,test,-0.667150,1.555000
11607,test,1.097462,2.765000
11608,test,5.881804,5.000010
11609,test,-0.608819,1.498000
11610,test,4.180172,5.000010
11611,test,-1.265199,1.563000
11612,test,0.376041,4.000000
11613,test,-0.608925,2.333000
11614,test,0.480815,3.518000
11615,test,-0.424105,1.080000
11616,test,-1.166132,0.421000
11617,test,1.554916,3.674000
11618,test,-0.337771,2.348000
11619,test,-0.348444,3.300000
11620,test,0.025845,1.897000
11621,test,-0.481802,1.736000
11622,test,1.038075,3.088000
11623,test,-0.018220,0.926000
11624,test,-0.667943,2.875000
11625,test,-1.049312,1.000000
11626,test,0.035778,2.278000
11627,test,-0.280180,1.862000
11628,test,-1.056075,0.560000
11629,test,-0.473612,1.603000
11630,test,-1.162011,1.288000
11631,test,0.783142,2.105000
11632,test,-1.057871,1.229000
11633,test,-0.656636,1.554000
11634,test,0.492545,2.615000
11635,test,1.840810,3.312000
11636,test,-1.095438,1.667000
11637,test,-0.597195,2.380000
11638,test,0.066370,1.233000
11639,test,-0.700648,4.182000
11640,test,-0.879920,0.672000
11641,test,-0.646491,0.550000
11642,test,0.383597,1.505000
11643,test,-1.132159,1.139000
11644,test,-1.146372,0.494000
11645,test,-0.635871,0.810000
11646,test,0.807499,4.169000
11647,test,-1.043289,1.361000
11648,test,-1.003345,1.356000
11649,test,-0.956374,2.146000
11650,test,-0.610246,2.099000
11651,test,-1.103099,1.625000
11652,test,-0.559682,1.057000
11653,test,0.124226,5.000010
11654,test,-0.194322,2.408000
11655,test,1.040400,2.557000
11656,test,-0.080408,1.752000
11657,test,0.063253,1.429000
11658,test,-1.248028,0.875000
11659,test,0.488952,1.663000
11660,test,1.183532,2.190000
11661,test,-0.019594,0.706000
11662,test,0.207970,2.613000
11663,test,-1.017663,0.538000
11664,test,-0.762308,1.717000
11665,test,0.121901,1.731000
11666,test,-0.743022,1.778000
11667,test,-0.854770,0.532000
11668,test,-0.934288,0.875000
11669,test,1.135134,3.185000
11670,test,0.643972,2.235000
11671,test,-1.105424,0.629000
11672,test,-0.390660,1.151000
11673,test,-0.425479,1.597000
11674,test,0.970762,3.260000
11675,test,-0.020650,2.799000
11676,test,0.760792,3.514000
11677,test,-1.109492,1.428000
11678,test,-0.703237,1.696000
11679,test,0.744043,2.245000
11680,test,1.623655,2.988000
11681,test,-0.090288,3.350000
11682,test,0.055169,1.278000
11683,test,0.876080,2.958000
11684,test,-0.449044,1.537000
11685,test,-1.077685,0.629000
11686,test,-0.522803,1.052000
11687,test,1.064757,3.407000
11688,test,0.872751,2.108000
11689,test,-0.930960,1.243000
11690,test,0.621147,3.404000
11691,test,0.104518,1.640000
11692,test,1.398521,5.000010
11693,test,-1.461379,1.202000
11694,test,0.353480,1.688000
11695,test,-0.829620,1.557000
11696,test,-1.128936,1.826000
11697,test,-0.907606,1.313000
11698,test,1.074215,3.760000
11699,test,-0.375919,2.670000
11700,test,0.600488,1.904000
11701,test,0.643866,1.753000
11702,test,-0.773297,2.056000
11703,test,-0.559523,2.475000
11704,test,-0.712378,0.926000
11705,test,0.862396,2.010000
11706,test,-1.044662,1.042000
11707,test,-0.768067,1.375000
11708,test,-0.618911,1.070000
11709,test,-0.755703,1.548000
11710,test,0.295520,1.757000
11711,test,2.860120,5.000010
11712,test,-0.336609,1.884000
11713,test,-1.118950,0.958000
11714,test,0.178224,1.644000
11715,test,-1.044662,2.245000
11716,test,-0.029632,0.828000
11717,test,0.193124,3.633000
11718,test,1.555180,5.000010
11719,test,-0.528667,1.985000
11720,test,-0.403446,2.198000
11721,test,1.144328,2.403000
11722,test,-0.410473,0.983000
11723,test,-0.335394,1.991000
11724,test,0.051840,2.974000
11725,test,5.881857,5.000010
11726,test,1.142848,4.167000
11727,test,-1.052905,1.813000
11728,test,-1.585596,1.375000
11729,test,-0.150310,0.928000
11730,test,-0.167904,1.110000
11731,test,0.853731,2.258000
11732,test,-0.641578,1.772000
11733,test,-0.656636,5.000010
11734,test,0.030231,2.871000
11735,test,-0.357215,2.045000
11736,test,0.176110,1.081000
11737,test,-0.438476,2.493000
11738,test,-0.252124,3.037000
11739,test,-1.228373,3.250000
11740,test,0.340641,2.003000
11741,test,-0.375232,1.472000
11742,test,0.668858,1.548000
11743,test,0.490695,1.608000
11744,test,0.728193,1.614000
11745,test,-1.557699,1.375000
11746,test,-0.846739,2.692000
11747,test,1.895813,4.565000
11748,test,-0.272730,2.415000
11749,test,-1.069390,0.725000
11750,test,3.472435,5.000010
11751,test,-0.534321,0.927000
11752,test,0.367059,2.535000
11753,test,-1.607893,0.917000
11754,test,-1.375785,0.513000
11755,test,1.273881,3.222000
11756,test,0.594306,2.139000
11757,test,0.341645,2.063000
11758,test,0.023626,2.655000
11759,test,-1.032035,2.250000
11760,test,-0.726802,1.094000
11761,test,-1.270853,1.030000
11762,test,0.615388,2.382000
11763,test,0.581731,1.632000
11764,test,-0.115068,1.714000
11765,test,-0.556142,1.639000
11766,test,-0.093036,1.975000
11767,test,-0.524546,0.972000
11768,test,-1.190067,0.875000
11769,test,-0.495169,0.463000
11770,test,-0.512341,3.536000
11771,test,1.172120,2.636000
11772,test,0.356598,1.984000
11773,test,0.104042,2.406000
11774,test,-0.410790,0.919000
11775,test,0.292244,2.746000
11776,test,1.209792,5.000010
11777,test,-0.346225,4.550000
11778,test,-0.173557,0.880000
11779,test,0.028857,1.313000
11780,test,-0.216354,0.675000
11781,test,-0.821748,0.658000
11782,test,-0.879762,1.927000
11783,test,-0.169542,0.825000
11784,test,0.197245,3.509000
11785,test,-1.464761,0.627000
11786,test,-0.676079,0.928000
11787,test,-0.826450,0.730000
11788,test,-1.184995,0.620000
11789,test,-0.392456,1.727000
11790,test,0.929550,3.748000
11791,test,0.440713,4.111000
11792,test,2.092785,3.692000
11793,test,-0.703501,1.246000
11794,test,-1.141405,0.604000
11795,test,-0.676978,1.098000
11796,test,0.173627,2.581000
11797,test,0.812994,2.438000
11798,test,-1.297799,1.406000
11799,test,-0.101331,1.256000
11800,test,0.436750,2.482000
11801,test,3.491509,5.000010
11802,test,1.605796,5.000010
11803,test,-1.233656,0.483000
11804,test,-0.805210,0.881000
11805,test,-0.766693,0.719000
11806,test,-0.074860,0.839000
11807,test,1.211165,2.661000
11808,test,0.159256,3.445000
11809,test,0.179492,1.836000
11810,test,0.863611,2.864000
11811,test,-0.425479,2.603000
11812,test,-0.155276,1.760000
11813,test,0.758890,2.357000
11814,test,0.974461,2.225000
11815,test,-0.902957,0.613000
11816,test,-0.705086,0.750000
11817,test,2.009410,3.195000
11818,test,0.532171,3.367000
11819,test,-1.065110,0.325000
11820,test,0.102880,1.432000
11821,test,0.648252,1.527000
11822,test,1.117910,2.948000
11823,test,-0.146294,2.561000
11824,test,-0.140641,1.346000
11825,test,-0.213765,1.377000
11826,test,-1.404475,1.000000
11827,test,1.598241,5.000010
11828,test,0.889183,3.457000
11829,test,-0.801036,0.889000
11830,test,-0.983848,1.189000
11831,test,1.208841,4.029000
11832,test,-0.072482,5.000000
11833,test,-0.360015,1.898000
11834,test,0.336256,2.064000
11835,test,-0.911041,3.289000
11836,test,0.012478,1.816000
11837,test,-0.746193,0.556000
11838,test,-0.743921,1.555000
11839,test,0.461054,2.075000
11840,test,-0.227344,1.578000
11841,test,-1.254210,1.875000
11842,test,0.400082,2.353000
11843,test,0.541629,1.562000
11844,test,0.122693,2.431000
11845,test,-0.177784,1.421000
11846,test,-1.325908,0.852000
11847,test,0.663574,2.400000
11848,test,-1.525944,0.764000
11849,test,0.161792,1.001000
11850,test,1.486546,2.778000
11851,test,0.856848,1.567000
11852,test,0.999241,4.250000
11853,test,0.065948,0.925000
11854,test,1.430646,2.728000
11855,test,-0.131923,2.138000
11856,test,-0.238334,1.000000
11857,test,-0.336979,1.543000
11858,test,-1.550196,1.125000
11859,test,-0.154695,2.306000
11860,test,1.221944,2.724000
11861,test,-0.788725,1.458000
11862,test,-0.410473,1.234000
11863,test,-0.909033,1.151000
11864,test,-0.311723,1.508000
11865,test,0.140605,3.964000
11866,test,0.181288,2.788000
11867,test,-1.249666,1.518000
11868,test,2.457194,5.000010
11869,test,-0.458501,1.632000
11870,test,0.335728,1.689000
11871,test,0.062513,1.639000
11872,test,-0.001682,2.571000
11873,test,-0.918438,0.598000
11874,test,1.468846,3.334000
11875,test,1.280750,3.341000
11876,test,2.639583,3.140000
11877,test,-0.255664,4.000000
11878,test,0.085708,1.412000
11879,test,-0.637192,1.796000
11880,test,-1.374887,5.000000
11881,test,-1.036367,2.000000
11882,test,1.002781,3.223000
11883,test,0.422114,1.756000
11884,test,-0.246841,2.194000
11885,test,-0.264752,1.152000
11886,test,-0.376606,2.054000
11887,test,-0.611725,0.656000
11888,test,0.075881,0.977000
11889,test,-0.156597,0.846000
11890,test,-0.013412,1.557000
11891,test,0.257425,4.292000
11892,test,0.870902,3.619000
11893,test,-0.824284,1.406000
11894,test,-0.477364,1.032000
11895,test,0.633986,2.333000
11896,test,-0.484602,0.738000
11897,test,-0.236168,3.434000
11898,test,0.089671,1.213000
11899,test,-0.405137,2.382000
11900,test,1.912879,3.193000
11901,test,0.451438,2.083000
11902,test,0.853625,2.952000
11903,test,-0.596878,1.046000
11904,test,-0.040464,1.689000
11905,test,0.294410,2.048000
11906,test,-0.427222,2.125000
11907,test,0.116089,2.213000
11908,test,-0.118502,1.191000
11909,test,1.563528,3.594000
11910,test,0.386873,2.395000
11911,test,-0.161299,1.945000
11912,test,0.426500,2.225000
11913,test,0.063834,1.375000
11914,test,-0.297035,1.568000
11915,test,0.688037,3.354000
11916,test,-1.760377,1.625000
11917,test,-0.605966,0.883000
11918,test,1.046846,2.473000
11919,test,0.657868,2.513000
11920,test,0.660774,2.396000
11921,test,0.289021,2.392000
11922,test,-0.078928,2.773000
11923,test,3.588991,5.000010
11924,test,-0.516304,0.657000
11925,test,0.818278,4.351000
11926,test,-0.798394,2.531000
11927,test,-0.439639,1.515000
11928,test,-0.106244,2.444000
11929,test,0.292349,3.240000
11930,test,0.835185,2.252000
11931,test,-1.399614,0.550000
11932,test,0.077202,1.320000
11933,test,-0.744713,1.281000
11934,test,-0.713699,1.535000
11935,test,-0.381467,2.705000
11936,test,-0.050238,1.930000
11937,test,-0.070263,1.258000
11938,test,0.738813,3.149000
11939,test,0.148689,1.957000
11940,test,0.873438,2.033000
11941,test,-0.854770,0.750000
11942,test,1.499596,3.514000
11943,test,0.475584,1.695000
11944,test,-0.524546,0.827000
11945,test,0.292455,1.827000
11946,test,-0.699750,2.321000
11947,test,0.867996,2.522000
11948,test,0.383597,2.512000
11949,test,-0.823597,0.571000
11950,test,-0.041573,2.063000
11951,test,3.919797,5.000010
11952,test,-0.667309,1.482000
11953,test,0.529530,1.877000
11954,test,-0.354732,1.415000
11955,test,0.868260,2.766000
11956,test,-1.180451,1.245000
11957,test,0.300063,2.169000
11958,test,1.200915,5.000010
11959,test,-0.867345,0.645000
11960,test,-0.377240,1.556000
11961,test,0.986983,2.216000
11962,test,-1.076734,0.631000
11963,test,-1.347359,0.743000
11964,test,-0.732138,0.738000
11965,test,0.727453,2.580000
11966,test,0.510139,1.279000
11967,test,0.243212,3.240000
11968,test,0.408324,2.175000
11969,test,-0.603272,2.087000
11970,test,1.335805,2.085000
11971,test,0.626906,2.320000
11972,test,-0.778317,0.705000
11973,test,0.071760,1.617000
11974,test,-0.229669,1.206000
11975,test,1.641302,5.000010
11976,test,0.689517,1.075000
11977,test,0.061034,1.625000
11978,test,-0.642476,1.561000
11979,test,1.199911,3.024000
11980,test,0.529688,1.851000
11981,test,-0.575374,0.911000
11982,test,0.935573,1.969000
11983,test,-0.192473,2.386000
11984,test,3.430166,5.000010
11985,test,-0.128277,5.000000
11986,test,0.355224,1.669000
11987,test,-0.062232,1.809000
11988,test,1.229394,2.761000
11989,test,-1.314073,0.531000
11990,test,1.231983,4.072000
11991,test,0.061826,4.097000
11992,test,-0.360015,2.728000
11993,test,-0.106244,1.231000
11994,test,-0.425479,1.415000
11995,test,-0.454908,1.073000
11996,test,1.450036,3.576000
11997,test,0.400082,2.221000
11998,test,0.622362,3.951000
11999,test,-0.607815,1.375000
12000,test,0.195924,5.000010
12001,test,-0.432559,1.582000
12002,test,1.417859,3.504000
12003,test,0.334037,1.566000
12004,test,-0.585889,1.375000
12005,test,1.772018,3.246000
12006,test,-1.120852,2.167000
12007,test,-0.410051,1.672000
12008,test,-0.293389,1.446000
12009,test,-0.491524,0.866000
12010,test,1.175607,3.273000
12011,test,-0.064187,4.276000
12012,test,3.311708,5.000010
12013,test,0.866781,3.719000
12014,test,0.003813,4.500000
12015,test,0.488159,1.645000
12016,test,0.421110,1.561000
12017,test,-0.467589,0.852000
12018,test,-0.883090,2.344000
12019,test,-0.524546,1.891000
12020,test,4.301377,5.000010
12021,test,0.207970,1.696000
12022,test,0.699080,2.014000
12023,test,0.799838,5.000010
12024,test,0.982914,5.000010
12025,test,-0.131289,2.500000
12026,test,-1.051795,2.475000
12027,test,-0.588319,1.778000
12028,test,-0.881188,0.987000
12029,test,0.122693,1.583000
12030,test,-0.371798,0.963000
12031,test,-0.548375,1.095000
12032,test,-0.594184,1.352000
12033,test,1.430117,3.793000
12034,test,0.700190,1.721000
12035,test,-0.150310,0.906000
12036,test,0.348725,1.818000
12037,test,0.900332,1.852000
12038,test,-0.482753,1.067000
12039,test,-0.326412,1.767000
12040,test,-1.138235,1.598000
12041,test,0.058868,1.938000
12042,test,-1.416152,0.638000
12043,test,0.197033,4.338000
12044,test,-0.703818,0.944000
12045,test,1.231454,4.220000
12046,test,-0.887793,0.819000
12047,test,3.190080,4.569000
12048,test,-0.788725,1.375000
12049,test,-0.142437,0.944000
12050,test,-0.544571,1.613000
12051,test,0.371022,1.899000
12052,test,-0.470072,2.125000
12053,test,-0.446349,1.420000
12054,test,-0.247158,1.396000
12055,test,-0.664878,1.391000
12056,test,0.180760,1.387000
12057,test,0.168079,1.500000
12058,test,0.378472,2.123000
12059,test,-0.357373,2.156000
12060,test,-1.081489,5.000010
12061,test,0.100661,4.443000
12062,test,1.516028,2.674000
12063,test,-0.600049,1.043000
12064,test,0.115825,1.348000
12065,test,-0.218098,2.221000
12066,test,-0.935292,0.726000
12067,test,-0.106244,2.526000
12068,test,1.521470,3.382000
12069,test,-0.371005,2.045000
12070,test,-0.498128,1.429000
12071,test,-0.570249,1.059000
12072,test,0.835872,2.173000
12073,test,-0.823333,0.683000
12074,test,-0.416021,3.134000
12075,test,-0.145871,1.188000
12076,test,-0.673121,0.735000
12077,test,1.561203,3.298000
12078,test,-0.656636,1.643000
12079,test,-1.452608,0.550000
12080,test,-0.342896,1.505000
12081,test,-0.779902,1.135000
12082,test,0.135902,2.125000
12083,test,-0.552866,1.219000
12084,test,0.525197,5.000010
12085,test,-0.132451,3.183000
12086,test,-1.134431,1.051000
12087,test,0.695276,4.456000
12088,test,-0.189619,2.619000
12089,test,-0.825394,0.623000
12090,test,0.548709,1.598000
12091,test,1.133549,1.508000
12092,test,1.566856,3.480000
12093,test,-0.499291,1.773000
12094,test,-0.778158,0.941000
12095,test,0.639692,2.895000
12096,test,-0.510280,1.273000
12097,test,-0.891914,1.563000
12098,test,2.151221,3.993000
12099,test,0.112338,2.390000
12100,test,0.108269,2.140000
12101,test,-0.485500,0.675000
12102,test,3.271447,5.000010
12103,test,1.715959,5.000010
12104,test,-0.242772,0.718000
12105,test,-0.408941,3.125000
12106,test,-0.895137,1.713000
12107,test,0.201947,1.629000
12108,test,1.073369,3.133000
12109,test,0.219172,2.375000
12110,test,1.304790,2.796000
12111,test,-0.070475,1.153000
12112,test,0.376041,2.628000
12113,test,-0.683741,0.870000
12114,test,1.164511,1.560000
12115,test,-0.886578,0.655000
12116,test,1.841022,3.638000
12117,test,-0.382787,5.000010
12118,test,-1.181824,1.375000
12119,test,-1.123652,0.967000
12120,test,1.072682,2.291000
12121,test,-1.192339,1.139000
12122,test,-1.210144,0.580000
12123,test,-1.017346,0.697000
12124,test,-0.697689,1.016000
12125,test,-0.804259,1.052000
12126,test,0.188051,2.623000
12127,test,-0.287577,0.878000
12128,test,-0.264012,5.000010
12129,test,0.845964,1.582000
12130,test,-0.342896,1.969000
12131,test,0.936472,2.286000
12132,test,0.317922,2.147000
12133,test,0.055697,2.815000
12134,test,0.965848,2.538000
12135,test,-0.070158,2.183000
12136,test,-0.571359,3.000000
12137,test,-0.869459,1.583000
12138,test,0.345027,1.650000
12139,test,3.105226,5.000010
12140,test,-0.320124,1.838000
12141,test,-1.035311,1.192000
12142,test,-0.949452,0.896000
12143,test,0.010787,1.595000
12144,test,-0.640098,1.841000
12145,test,-0.998854,0.550000
12146,test,-0.652250,1.400000
12147,test,-1.333569,1.031000
12148,test,-0.671007,1.429000
12149,test,-0.280709,1.228000
12150,test,-0.230990,1.302000
12151,test,-0.271938,0.908000
12152,test,-0.798870,1.347000
12153,test,-0.948607,1.076000
12154,test,-0.357479,2.208000
12155,test,-0.157812,1.163000
12156,test,-0.926046,0.967000
12157,test,-0.412164,1.742000
12158,test,0.790011,2.113000
12159,test,-0.315422,4.000000
12160,test,0.080847,4.146000
12161,test,0.275336,3.780000
12162,test,-0.468910,1.154000
12163,test,-0.306598,2.750000
12164,test,-0.357479,2.264000
12165,test,-1.003345,1.441000
12166,test,-0.370424,3.625000
12167,test,-1.614022,2.750000
12168,test,-0.887793,1.152000
12169,test,1.759443,2.880000
12170,test,-0.411319,1.250000
12171,test,2.414450,5.000010
12172,test,-0.602955,1.010000
12173,test,-1.028653,1.792000
12174,test,0.841473,1.934000
12175,test,-0.722681,1.102000
12176,test,-0.621870,1.031000
12177,test,0.697231,2.308000
12178,test,-0.656636,0.716000
12179,test,-0.005169,0.702000
12180,test,0.130143,1.731000
12181,test,0.416619,2.318000
12182,test,-0.839554,1.463000
12183,test,-1.300388,0.664000
12184,test,-0.439058,1.293000
12185,test,-1.341864,1.133000
12186,test,1.198379,2.125000
12187,test,-0.121673,1.786000
12188,test,-0.681416,1.048000
12189,test,-1.312012,1.292000
12190,test,0.074032,1.345000
12191,test,-0.655315,1.421000
12192,test,0.020879,0.916000
12193,test,-0.768384,1.357000
12194,test,0.413291,3.857000
12195,test,0.363097,1.531000
12196,test,1.407028,2.878000
12197,test,-0.332435,1.496000
12198,test,-0.046012,1.109000
12199,test,-0.041362,2.540000
12200,test,0.983654,3.461000
12201,test,-0.798183,0.792000
12202,test,1.537110,5.000000
12203,test,-1.005722,1.132000
12204,test,0.681855,1.922000
12205,test,0.256315,1.840000
12206,test,-0.010030,1.306000
12207,test,0.483721,3.611000
12208,test,-1.395334,1.819000
12209,test,2.108688,4.548000
12210,test,-0.792741,2.192000
12211,test,1.652873,2.941000
12212,test,-1.389734,0.500000
12213,test,-0.491524,1.740000
12214,test,0.608466,1.489000
12215,test,-1.134853,1.750000
12216,test,-0.135833,1.413000
12217,test,1.511749,4.093000
12218,test,0.154765,1.968000
12219,test,-0.118819,0.875000
12220,test,0.697442,1.539000
12221,test,-0.574793,1.493000
12222,test,-0.504733,1.125000
12223,test,0.205593,4.554000
12224,test,1.279007,2.164000
12225,test,-0.945384,1.398000
12226,test,-0.419984,1.287000
12227,test,-1.118950,0.829000
12228,test,-0.931594,1.140000
12229,test,-0.500770,3.265000
12230,test,-0.118555,2.788000
12231,test,1.962069,3.741000
12232,test,-0.535536,1.394000
12233,test,-0.749099,3.500000
12234,test,-0.420090,2.426000
12235,test,0.281994,1.669000
12236,test,0.600964,3.218000
12237,test,-0.167904,4.767000
12238,test,-1.140982,0.773000
12239,test,-0.760405,0.681000
12240,test,3.139146,5.000010
12241,test,0.654962,1.852000
12242,test,0.135902,2.265000
12243,test,-0.157337,1.098000
12244,test,-0.410685,2.643000
12245,test,0.728351,1.563000
12246,test,2.604606,3.606000
12247,test,-0.650613,1.993000
12248,test,0.167868,1.621000
12249,test,0.201947,1.892000
12250,test,-0.227344,2.188000
12251,test,-0.884147,1.396000
12252,test,0.437807,1.831000
12253,test,-0.103497,2.598000
12254,test,2.140337,3.336000
12255,test,-0.119189,2.094000
12256,test,-0.714914,0.847000
12257,test,1.474182,2.452000
12258,test,2.494390,5.000010
12259,test,-0.656636,1.375000
12260,test,-0.634603,3.250000
12261,test,-0.708996,2.402000
12262,test,0.400082,2.793000
12263,test,-0.697636,0.784000
12264,test,0.400082,2.500000
12265,test,-0.660281,1.089000
12266,test,0.775269,2.699000
12267,test,0.177484,1.946000
12268,test,-0.982158,0.681000
12269,test,-1.127192,1.458000
12270,test,-0.675498,1.085000
12271,test,0.639534,2.641000
12272,test,-0.602004,2.250000
12273,test,-0.422731,1.677000
12274,test,-0.072641,2.238000
12275,test,-1.181402,1.177000
12276,test,-0.340889,1.832000
12277,test,-0.033806,1.745000
12278,test,1.679714,3.655000
12279,test,0.343495,1.771000
12280,test,-0.665248,0.962000
12281,test,-0.986860,0.965000
12282,test,0.003813,3.908000
12283,test,0.551985,1.407000
12284,test,-0.635290,2.594000
12285,test,0.156561,1.636000
12286,test,-1.019301,0.675000
12287,test,-0.925306,0.987000
12288,test,0.195343,2.050000
12289,test,-0.112638,1.862000
12290,test,0.420054,4.592000
12291,test,0.461054,2.958000
12292,test,-0.071056,1.364000
12293,test,-0.874848,0.656000
12294,test,-0.743551,1.059000
12295,test,1.406605,2.641000
12296,test,1.058998,2.678000
12297,test,-1.209775,1.344000
12298,test,1.413844,2.682000
12299,test,-0.336715,0.937000
12300,test,3.021375,4.694000
12301,test,-0.032380,1.460000
12302,test,-1.239046,3.500000
12303,test,1.084095,5.000010
12304,test,-0.696897,0.803000
12305,test,1.896605,5.000010
12306,test,2.725759,5.000010
12307,test,0.581731,2.389000
12308,test,0.331606,2.029000
12309,test,2.035194,5.000010
12310,test,-0.260367,1.696000
12311,test,1.174656,5.000010
12312,test,0.259538,1.922000
12313,test,-0.215456,1.239000
12314,test,-0.541031,1.625000
12315,test,-0.647442,1.246000
12316,test,1.508684,3.450000
12317,test,0.677787,3.021000
12318,test,0.739341,1.571000
12319,test,0.324579,1.907000
12320,test,-0.173980,1.344000
12321,test,-0.120933,2.750000
12322,test,0.370494,3.339000
12323,test,-0.824178,0.953000
12324,test,-0.707675,2.263000
12325,test,-0.610404,2.175000
12326,test,0.014486,0.953000
12327,test,-1.670873,1.375000
12328,test,-1.114247,1.183000
12329,test,-0.797813,1.667000
12330,test,-1.072031,1.750000
12331,test,0.267992,2.104000
12332,test,-0.004113,1.093000
12333,test,0.169347,1.845000
12334,test,-0.453218,1.635000
12335,test,0.334037,2.373000
12336,test,-0.086273,1.615000
12337,test,1.122295,3.451000
12338,test,0.252458,1.489000
12339,test,-0.293389,1.588000
12340,test,-0.176833,1.029000
12341,test,0.206650,1.349000
12342,test,0.994485,3.063000
12343,test,-0.754541,1.406000
12344,test,-0.607076,0.481000
12345,test,0.770408,2.164000
12346,test,3.571397,5.000010
12347,test,-0.986860,0.875000
12348,test,0.247914,1.578000
12349,test,-0.903432,4.500000
12350,test,-0.712378,1.369000
12351,test,-0.180056,3.189000
12352,test,-0.256880,0.938000
12353,test,2.594514,4.350000
12354,test,-1.400512,0.803000
12355,test,0.084123,2.900000
12356,test,-0.880290,2.083000
12357,test,-0.654100,1.565000
12358,test,5.829444,5.000010
12359,test,-0.733248,1.389000
12360,test,0.253304,5.000010
12361,test,0.559699,1.553000
12362,test,-0.053620,1.603000
12363,test,0.681803,1.947000
12364,test,-1.221821,0.700000
12365,test,0.135902,0.675000
12366,test,-0.556142,1.069000
12367,test,-0.148619,2.900000
12368,test,0.144145,1.782000
12369,test,3.380871,5.000010
12370,test,-1.125554,3.500000
12371,test,-0.276852,5.000010
12372,test,0.322254,2.825000
12373,test,2.630812,3.887000
12374,test,0.591876,2.637000
12375,test,0.545380,2.037000
12376,test,0.272694,2.991000
12377,test,-0.085797,1.692000
12378,test,0.994485,3.250000
12379,test,-1.156675,1.266000
12380,test,2.834600,4.613000
12381,test,-0.574846,2.058000
12382,test,-0.113483,1.468000
12383,test,-0.322924,1.518000
12384,test,0.698235,4.203000
12385,test,-1.222984,0.931000
12386,test,-0.492845,1.894000
12387,test,1.170429,3.414000
12388,test,-0.629531,1.911000
12389,test,0.568311,2.921000
12390,test,0.618769,1.715000
12391,test,-0.182698,1.903000
12392,test,-0.695946,2.308000
12393,test,0.837404,2.271000
12394,test,-0.341100,1.396000
12395,test,-0.123892,1.162000
12396,test,-1.260708,0.720000
12397,test,-0.410579,1.272000
12398,test,1.644895,4.029000
12399,test,-0.424422,1.060000
12400,test,0.380427,2.910000
12401,test,0.993957,2.380000
12402,test,4.008085,5.000010
12403,test,0.434848,5.000010
12404,test,-0.807588,0.776000
12405,test,-0.532789,0.817000
12406,test,-0.227344,1.567000
12407,test,-0.859473,0.930000
12408,test,-0.952094,0.932000
12409,test,1.462294,5.000010
12410,test,0.312004,1.700000
12411,test,-0.432665,1.526000
12412,test,-0.131130,1.634000
12413,test,0.681908,4.447000
12414,test,-0.759349,2.891000
12415,test,0.638689,3.054000
12416,test,-1.217224,0.818000
12417,test,-0.787457,0.743000
12418,test,0.720848,5.000010
12419,test,0.600541,3.812000
12420,test,-0.408941,1.008000
12421,test,-0.913841,1.040000
12422,test,0.619351,2.537000
12423,test,-1.193501,1.625000
12424,test,-0.607551,0.811000
12425,test,-0.653624,0.664000
12426,test,-0.524546,0.989000
12427,test,-1.034782,1.429000
12428,test,-1.406588,0.875000
12429,test,-0.839554,1.396000
12430,test,-0.153057,1.930000
12431,test,0.916394,1.970000
12432,test,-0.465106,1.663000
12433,test,-0.481379,4.250000
12434,test,-0.817785,1.175000
12435,test,-0.239232,3.825000
12436,test,-0.326412,1.533000
12437,test,-0.301262,1.026000
12438,test,0.177167,2.096000
12439,test,-0.439639,2.083000
12440,test,2.125966,4.206000
12441,test,-0.395310,1.872000
12442,test,-0.314206,1.139000
12443,test,-0.676819,1.469000
12444,test,-0.307549,1.391000
12445,test,0.780289,2.633000
12446,test,0.185462,1.763000
12447,test,-0.656636,0.654000
12448,test,-0.224333,1.067000
12449,test,0.304290,3.050000
12450,test,-0.381625,1.429000
12451,test,-0.057847,1.455000
12452,test,0.798200,1.506000
12453,test,-0.333756,0.840000
12454,test,-0.401544,3.467000
12455,test,-0.882298,1.528000
12456,test,-0.828722,0.995000
12457,test,-0.694361,1.172000
12458,test,0.668646,3.459000
12459,test,0.018184,1.917000
12460,test,-0.857782,1.466000
12461,test,0.196135,2.130000
12462,test,2.572376,5.000010
12463,test,0.262497,1.614000
12464,test,0.505067,2.209000
12465,test,-0.163519,1.549000
12466,test,2.332871,5.000010
12467,test,-0.163677,1.611000
12468,test,1.571400,3.233000
12469,test,0.392738,2.403000
12470,test,-0.126375,1.655000
12471,test,-0.203780,1.706000
12472,test,-0.521534,1.426000
12473,test,-0.313203,1.035000
12474,test,-0.548005,0.875000
12475,test,0.003813,4.125000
12476,test,-0.102282,2.750000
12477,test,-0.194322,1.607000
12478,test,0.406898,3.482000
12479,test,-0.477364,1.474000
12480,test,-1.148115,0.675000
12481,test,3.129689,5.000010
12482,test,1.299190,5.000010
12483,test,0.595363,2.046000
12484,test,-0.128277,1.958000
12485,test,0.918507,2.268000
12486,test,0.000167,1.960000
12487,test,-0.164047,5.000010
12488,test,0.348725,1.669000
12489,test,0.179281,1.283000
12490,test,0.083066,2.407000
12491,test,1.301092,3.030000
12492,test,0.009836,1.714000
12493,test,-0.455754,1.667000
12494,test,-1.484310,0.451000
12495,test,-0.075335,1.671000
12496,test,-0.057160,3.813000
12497,test,-0.950826,1.583000
12498,test,-0.670901,1.067000
12499,test,-0.633177,0.759000
12500,test,4.043063,5.000010
12501,test,-0.960019,2.750000
12502,test,-0.458501,2.467000
12503,test,0.008885,3.331000
12504,test,-0.285517,2.955000
12505,test,-0.776890,4.107000
12506,test,-0.115702,3.408000
12507,test,-0.210807,1.836000
12508,test,-0.387226,2.302000
12509,test,-0.627735,0.865000
12510,test,-0.090024,1.220000
12511,test,-0.590591,0.906000
12512,test,0.458518,1.959000
12513,test,0.408324,2.689000
12514,test,1.591848,3.435000
12515,test,-0.360438,1.869000
12516,test,0.374668,2.545000
12517,test,0.110488,1.639000
12518,test,-0.875641,1.804000
12519,test,0.234970,1.681000
12520,test,-0.951301,0.998000
12521,test,1.395774,3.712000
12522,test,-0.019752,2.614000
12523,test,-0.392456,2.150000
12524,test,-1.286968,1.240000
12525,test,0.091890,1.911000
12526,test,0.346559,1.418000
12527,test,2.265083,5.000010
12528,test,1.704335,3.795000
12529,test,0.621834,2.492000
12530,test,-1.174005,0.836000
12531,test,-0.010876,2.933000
12532,test,-0.774037,0.977000
12533,test,-0.233949,1.632000
12534,test,0.579354,1.760000
12535,test,0.862396,2.796000
12536,test,0.019558,1.647000
12537,test,-1.107960,0.590000
12538,test,0.188263,1.398000
12539,test,-1.779451,1.125000
12540,test,-0.412957,0.790000
12541,test,-0.957906,1.625000
12542,test,1.743170,3.571000
12543,test,-0.276482,0.929000
12544,test,0.652162,2.028000
12545,test,-0.625040,0.741000
12546,test,-0.952887,0.576000
12547,test,-0.624512,0.624000
12548,test,0.741877,2.444000
12549,test,-1.175537,1.250000
12550,test,1.559724,4.938000
12551,test,0.993429,3.021000
12552,test,5.881857,5.000010
12553,test,-1.151972,1.115000
12554,test,-0.500981,2.088000
12555,test,-0.424052,1.311000
12556,test,-0.526924,1.136000
12557,test,-0.566551,0.965000
12558,test,0.844590,2.483000
12559,test,0.301014,1.549000
12560,test,-0.388811,1.115000
12561,test,-0.418874,2.135000
12562,test,-1.282899,0.517000
12563,test,-0.623613,1.573000
12564,test,0.081164,1.395000
12565,test,-0.037188,2.287000
12566,test,0.988621,2.518000
12567,test,1.432970,2.181000
12568,test,0.217164,3.325000
12569,test,0.364735,5.000010
12570,test,0.053954,2.170000
12571,test,1.249313,3.391000
12572,test,0.085761,1.543000
12573,test,-0.148830,5.000010
12574,test,-0.272730,1.500000
12575,test,0.080847,1.915000
12576,test,-0.478315,2.373000
12577,test,-0.559471,1.206000
12578,test,1.152359,2.320000
12579,test,1.806097,3.280000
12580,test,-0.175829,2.103000
12581,test,0.665846,0.996000
12582,test,-0.431291,0.952000
12583,test,0.084757,1.264000
12584,test,-0.408677,0.971000
12585,test,0.607515,2.742000
12586,test,-0.916113,0.785000
12587,test,-0.298092,2.100000
12588,test,0.069858,2.192000
12589,test,2.612056,5.000010
12590,test,0.460103,1.864000
12591,test,1.222419,4.536000
12592,test,0.598216,0.875000
12593,test,-1.108964,1.176000
12594,test,-0.098900,1.305000
12595,test,-0.742758,2.540000
12596,test,-0.788725,1.777000
12597,test,0.648569,2.074000
12598,test,-0.245678,2.333000
12599,test,-0.443496,1.236000
12600,test,0.492545,1.927000
12601,test,-0.155382,1.712000
12602,test,-0.777736,1.021000
12603,test,-0.945173,0.924000
12604,test,1.262786,2.931000
12605,test,-0.801565,0.976000
12606,test,2.227516,3.806000
12607,test,2.105994,3.549000
12608,test,-1.203012,0.501000
12609,test,-1.293519,0.647000
12610,test,1.312663,2.593000
12611,test,-0.923510,1.604000
12612,test,0.623366,5.000010
12613,test,0.053373,3.569000
12614,test,0.261705,2.846000
12615,test,-0.392456,3.804000
12616,test,0.958874,3.000000
12617,test,-0.513081,0.956000
12618,test,-0.694361,0.702000
12619,test,-0.772188,0.707000
12620,test,-0.557569,1.134000
12621,test,-0.186079,1.333000
12622,test,3.416746,4.614000
12623,test,-0.049657,2.206000
12624,test,-0.781751,1.625000
12625,test,-0.829356,0.699000
12626,test,0.148583,4.436000
12627,test,-0.121990,1.587000
12628,test,-0.351192,1.446000
12629,test,-0.675498,0.889000
12630,test,-1.132951,0.788000
12631,test,1.037018,2.456000
12632,test,-0.337401,2.750000
12633,test,0.621623,1.948000
12634,test,-0.327257,0.911000
12635,test,0.541629,2.125000
12636,test,-0.095255,5.000010
12637,test,3.601091,5.000010
12638,test,0.360085,2.815000
12639,test,-1.270483,0.802000
12640,test,-1.076470,2.250000
12641,test,0.666480,3.625000
12642,test,-0.448093,1.360000
12643,test,-0.700648,1.841000
12644,test,-0.684163,0.973000
12645,test,0.165596,0.937000
12646,test,3.752729,4.833000
12647,test,-0.271357,1.038000
12648,test,-0.141116,2.618000
12649,test,0.436116,3.328000
12650,test,0.108903,1.154000
12651,test,1.170376,2.526000
12652,test,0.231324,2.513000
12653,test,-0.665248,1.238000
12654,test,-0.866500,1.554000
12655,test,-0.693304,1.331000
12656,test,0.392315,2.375000
12657,test,-1.571965,1.161000
12658,test,-0.012672,2.507000
12659,test,2.190531,3.992000
12660,test,-0.240289,1.506000
12661,test,0.179915,1.984000
12662,test,-1.175801,1.089000
12663,test,-0.675657,2.424000
12664,test,-0.275055,2.938000
12665,test,-0.722681,0.963000
12666,test,0.423647,1.643000
12667,test,-0.760405,1.036000
12668,test,-0.834429,0.750000
12669,test,-0.679936,0.832000
12670,test,-0.458501,1.625000
12671,test,-1.133374,1.050000
12672,test,-0.334337,1.247000
12673,test,0.163694,2.366000
12674,test,0.253304,3.512000
12675,test,-0.705720,1.972000
12676,test,3.614986,5.000010
12677,test,0.020350,2.100000
12678,test,-0.096840,1.785000
12679,test,0.754610,5.000010
12680,test,1.304790,3.397000
12681,test,0.041537,2.572000
12682,test,1.103327,3.661000
12683,test,-0.537755,2.190000
12684,test,-0.786665,2.667000
12685,test,-0.360702,2.402000
12686,test,-0.712536,0.764000
12687,test,-0.628580,3.288000
12688,test,-1.268000,0.947000
12689,test,-0.626361,0.729000
12690,test,-0.128277,3.294000
12691,test,-0.700648,0.854000
12692,test,-0.973228,0.648000
12693,test,-1.055018,1.039000
12694,test,-0.022605,2.167000
12695,test,1.320113,2.794000
12696,test,0.366108,1.821000
12697,test,-0.524546,0.745000
12698,test,-1.102412,1.275000
12699,test,-1.358349,0.944000
12700,test,-0.785238,1.160000
12701,test,-0.384954,4.224000
12702,test,-0.578597,2.356000
12703,test,-1.153927,0.579000
12704,test,-0.246365,0.865000
12705,test,-1.619517,1.125000
12706,test,-0.440167,2.272000
12707,test,-0.085216,0.620000
12708,test,-0.223434,2.929000
12709,test,-1.240050,0.703000
12710,test,-0.353939,1.375000
12711,test,-0.253762,0.925000
12712,test,-0.146664,1.659000
12713,test,-0.458501,2.232000
12714,test,1.082774,3.333000
12715,test,-0.706143,2.250000
12716,test,1.161817,2.457000
12717,test,-0.481802,2.884000
12718,test,-0.672381,1.903000
12719,test,1.184219,3.294000
12720,test,-0.607868,3.000000
12721,test,-0.328419,3.294000
12722,test,-0.308817,2.333000
12723,test,-0.689658,1.469000
12724,test,3.083457,4.251000
12725,test,-1.064053,1.475000
12726,test,0.491699,1.758000
12727,test,1.048325,2.494000
12728,test,-0.605279,2.847000
12729,test,-0.602955,1.408000
12730,test,-1.531756,1.058000
12731,test,1.033531,2.475000
12732,test,-0.174508,1.531000
12733,test,1.969466,4.348000
12734,test,0.511037,2.306000
12735,test,-0.363767,1.599000
12736,test,-0.600049,0.765000
12737,test,-0.331907,1.252000
12738,test,0.279669,2.057000
12739,test,0.776220,3.125000
12740,test,-0.394887,2.240000
12741,test,0.258534,2.282000
12742,test,-0.828352,0.956000
12743,test,3.280007,3.839000
12744,test,-0.330797,2.108000
12745,test,-0.471710,1.573000
12746,test,-0.246471,2.860000
12747,test,0.596631,1.429000
12748,test,0.776643,3.738000
12749,test,0.512147,1.606000
12750,test,-1.276189,0.517000
12751,test,-0.455648,1.423000
12752,test,-0.308817,1.247000
12753,test,-0.389181,2.476000
12754,test,-0.425479,1.505000
12755,test,-0.419561,1.116000
12756,test,-0.712272,0.823000
12757,test,-0.500770,2.028000
12758,test,-0.077977,1.821000
12759,test,0.586434,2.126000
12760,test,-0.780166,0.529000
12761,test,-0.828934,0.606000
12762,test,-0.271357,3.442000
12763,test,-0.201296,2.084000
12764,test,-0.109415,1.606000
12765,test,0.463273,1.754000
12766,test,-0.295344,1.866000
12767,test,-0.672328,0.675000
12768,test,-1.237513,0.954000
12769,test,-0.861956,3.056000
12770,test,0.501685,2.356000
12771,test,-0.927420,0.840000
12772,test,0.727506,1.481000
12773,test,-0.402601,2.530000
12774,test,0.797566,3.790000
12775,test,0.301014,5.000010
12776,test,0.178964,2.778000
12777,test,-0.392456,0.856000
12778,test,0.741560,2.444000
12779,test,-0.645276,1.602000
12780,test,-1.150493,3.500000
12781,test,-0.480904,0.922000
12782,test,-0.892707,0.584000
12783,test,1.541918,4.991000
12784,test,-0.623138,2.046000
12785,test,-0.511971,1.949000
12786,test,0.655490,3.038000
12787,test,1.156903,4.310000
12788,test,0.001435,1.919000
12789,test,-0.546579,1.030000
12790,test,0.484355,2.314000
12791,test,-0.470971,1.603000
12792,test,-0.361389,0.986000
12793,test,-0.986860,1.750000
12794,test,0.168925,1.612000
12795,test,-0.252124,2.372000
12796,test,0.413291,2.243000
12797,test,-1.196249,2.750000
12798,test,-0.832262,1.493000
12799,test,-0.570778,2.173000
12800,test,-1.125396,1.219000
12801,test,-0.838233,0.673000
12802,test,-1.401252,0.570000
12803,test,-1.121803,0.852000
12804,test,-0.282399,2.479000
12805,test,-1.066114,0.718000
12806,test,-0.577382,2.250000
12807,test,1.455743,3.325000
12808,test,-0.096417,1.516000
12809,test,2.491960,5.000010
12810,test,0.115983,1.469000
12811,test,-0.465845,1.718000
12812,test,-0.766693,0.739000
12813,test,-1.423918,0.417000
12814,test,-1.027121,0.707000
12815,test,-0.686013,0.924000
12816,test,0.285692,4.000000
12817,test,0.760634,4.019000
12818,test,0.274808,1.444000
12819,test,-0.959385,1.089000
12820,test,-0.699750,0.673000
12821,test,2.292346,5.000010
12822,test,0.532171,0.908000
12823,test,0.551034,2.799000
12824,test,0.540414,2.289000
12825,test,0.414242,1.702000
12826,test,-0.091133,1.926000
12827,test,-0.514402,1.290000
12828,test,1.240384,3.627000
12829,test,-1.101884,2.053000
12830,test,0.027113,1.016000
12831,test,-0.867398,2.118000
12832,test,1.306270,3.873000
12833,test,-0.029210,2.042000
12834,test,0.703835,5.000010
12835,test,-0.834693,2.100000
12836,test,-0.962080,0.893000
12837,test,-0.999541,0.673000
12838,test,0.271374,2.453000
12839,test,0.203585,2.798000
12840,test,1.485859,3.595000
12841,test,0.417676,2.073000
12842,test,-0.369737,1.894000
12843,test,-0.484444,1.148000
12844,test,-1.487691,0.691000
12845,test,-1.225995,0.833000
12846,test,-0.414489,2.193000
12847,test,0.036835,1.870000
12848,test,0.756037,2.034000
12849,test,2.889708,5.000010
12850,test,-0.339621,2.053000
12851,test,-0.116442,2.316000
12852,test,-0.676608,1.556000
12853,test,0.233015,1.525000
12854,test,-1.124603,1.402000
12855,test,0.185462,1.313000
12856,test,0.434848,2.182000
12857,test,-1.171310,0.462000
12858,test,1.187336,3.156000
12859,test,-0.529935,0.721000
12860,test,0.091890,1.464000
12861,test,-0.605438,0.744000
12862,test,-0.120933,1.866000
12863,test,-0.786982,0.814000
12864,test,-0.965831,0.881000
12865,test,0.516215,1.946000
12866,test,0.908469,2.006000
12867,test,-1.109492,0.798000
12868,test,-0.989713,1.569000
12869,test,1.182687,2.746000
12870,test,-0.798183,0.631000
12871,test,0.021830,5.000010
12872,test,-0.391294,2.813000
12873,test,1.198379,1.063000
12874,test,1.020058,2.976000
12875,test,0.885115,2.864000
12876,test,1.038656,2.833000
12877,test,-1.490544,0.701000
12878,test,-0.106244,0.900000
12879,test,-0.143177,1.063000
12880,test,-0.948079,1.133000
12881,test,0.700137,1.650000
12882,test,-1.164653,0.644000
12883,test,-0.805210,2.133000
12884,test,0.943182,1.960000
12885,test,-0.563063,1.188000
12886,test,-0.128277,0.834000
12887,test,-0.638302,0.860000
12888,test,0.540097,5.000010
12889,test,-0.477364,1.622000
12890,test,-1.216062,0.480000
12891,test,1.559512,2.912000
12892,test,1.213015,3.677000
12893,test,1.390966,2.636000
12894,test,-0.784393,0.350000
12895,test,0.188738,2.247000
12896,test,0.623683,3.889000
12897,test,0.032133,1.458000
12898,test,0.105099,2.769000
12899,test,0.252775,2.221000
12900,test,-0.351984,0.970000
12901,test,-0.516462,3.242000
12902,test,0.141661,2.552000
12903,test,0.141926,1.545000
12904,test,-1.376049,0.506000
12905,test,-0.911992,2.050000
12906,test,-0.447300,2.082000
12907,test,-0.323241,2.143000
12908,test,-0.450576,1.563000
12909,test,2.141711,4.778000
12910,test,-0.181113,2.017000
12911,test,-0.123997,0.886000
12912,test,-1.400248,0.619000
12913,test,-0.205312,1.947000
12914,test,-0.410051,0.889000
12915,test,-0.872946,1.450000
12916,test,-0.277221,1.375000
12917,test,-0.731663,1.375000
12918,test,-0.000890,1.681000
12919,test,0.332135,2.383000
12920,test,-0.824760,1.578000
12921,test,-0.450048,1.075000
12922,test,0.457303,2.869000
12923,test,1.206040,2.660000
12924,test,-1.125713,0.510000
12925,test,-0.325566,2.021000
12926,test,-0.812871,2.159000
12927,test,-0.449044,0.613000
12928,test,0.161316,2.572000
12929,test,-0.876803,0.550000
12930,test,-1.096283,0.972000
12931,test,-0.707464,0.618000
12932,test,0.112813,1.370000
12933,test,1.999424,5.000010
12934,test,2.303177,5.000010
12935,test,-0.508008,0.550000
12936,test,-0.463574,2.868000
12937,test,1.129851,2.627000
12938,test,0.792335,3.393000
12939,test,-0.902323,0.568000
12940,test,0.164592,5.000010
12941,test,0.482664,2.464000
12942,test,-0.834957,1.324000
12943,test,0.902921,3.720000
12944,test,-0.692987,1.362000
12945,test,-0.920815,0.925000
12946,test,0.355171,2.131000
12947,test,-0.602004,1.185000
12948,test,-0.672275,2.294000
12949,test,-0.474986,2.208000
12950,test,1.055722,4.333000
12951,test,0.532171,3.013000
12952,test,-0.974866,0.533000
12953,test,-0.874214,0.892000
12954,test,-0.716393,1.717000
12955,test,-1.592201,5.000010
12956,test,-0.263537,1.909000
12957,test,1.153046,2.542000
12958,test,-0.002792,2.347000
12959,test,-1.040224,1.133000
12960,test,-1.064582,0.625000
12961,test,3.825273,5.000010
12962,test,0.587226,1.704000
12963,test,-0.373594,1.382000
12964,test,-1.330293,0.895000
12965,test,-0.252441,1.495000
12966,test,-0.097791,2.153000
12967,test,-0.659806,1.347000
12968,test,-0.939942,2.375000
12969,test,-0.000520,2.320000
12970,test,-0.893710,1.688000
12971,test,-0.727330,2.578000
12972,test,0.111862,2.706000
12973,test,-0.645223,1.685000
12974,test,0.430251,1.385000
12975,test,0.097121,1.212000
12976,test,0.684709,5.000010
12977,test,-0.929903,1.335000
12978,test,-1.029921,0.933000
12979,test,-0.353411,4.469000
12980,test,3.714476,5.000010
12981,test,-0.773826,0.600000
12982,test,0.469614,1.425000
12983,test,3.629516,5.000010
12984,test,-0.030372,1.111000
12985,test,-0.430974,1.138000
12986,test,-0.433933,1.441000
12987,test,0.433104,2.889000
12988,test,-0.845947,0.729000
12989,test,-0.194322,1.811000
12990,test,0.191803,1.458000
12991,test,-0.929639,1.625000
12992,test,0.630446,2.180000
12993,test,0.743092,2.575000
12994,test,-0.462411,1.832000
12995,test,-0.591965,2.331000
12996,test,1.958423,2.593000
12997,test,-0.502514,2.243000
12998,test,0.001065,5.000010
12999,test,-1.496779,1.308000
13000,test,-0.545416,2.454000
13001,test,0.673402,3.229000
13002,test,-0.612624,0.821000
13003,test,0.458782,1.745000
13004,test,1.092602,2.074000
13005,test,0.135902,2.571000
13006,test,5.881857,5.000010
13007,test,1.818144,3.312000
13008,test,0.631027,3.865000
13009,test,-0.881664,1.333000
13010,test,-0.600049,1.750000
13011,test,0.555736,1.179000
13012,test,-1.129623,0.584000
13013,test,-0.614631,1.554000
13014,test,-1.261395,4.250000
13015,test,0.157935,2.258000
13016,test,-0.576695,1.878000
13017,test,-0.382470,0.475000
13018,test,-0.597195,1.200000
13019,test,0.179069,1.250000
13020,test,-1.233815,0.906000
13021,test,-0.108781,2.324000
13022,test,0.146734,5.000010
13023,test,0.492545,5.000010
13024,test,0.355118,5.000010
13025,test,-0.720462,1.479000
13026,test,-0.260367,1.318000
13027,test,-0.209856,2.417000
13028,test,-0.057847,1.163000
13029,test,-1.571172,0.982000
13030,test,-0.904278,1.286000
13031,test,0.754241,2.794000
13032,test,0.425232,1.078000
13033,test,-0.303428,1.578000
13034,test,1.214018,5.000010
13035,test,-0.786929,1.854000
13036,test,-0.070475,1.798000
13037,test,3.498906,5.000010
13038,test,-0.940629,0.831000
13039,test,-0.400065,1.477000
13040,test,1.352237,4.517000
13041,test,-0.048072,2.138000
13042,test,-0.622662,2.308000
13043,test,-0.749891,0.955000
13044,test,-1.074937,0.683000
13045,test,-0.676713,1.381000
13046,test,-0.612624,0.994000
13047,test,1.246777,3.944000
13048,test,-0.401122,1.058000
13049,test,1.549262,2.408000
13050,test,0.451438,2.258000
13051,test,-0.583617,1.589000
13052,test,0.409064,4.573000
13053,test,0.062513,1.681000
13054,test,-0.720303,0.903000
13055,test,-0.621975,0.953000
13056,test,-0.276852,0.926000
13057,test,-0.956374,0.567000
13058,test,0.307619,1.849000
13059,test,-0.395785,1.694000
13060,test,1.541707,3.413000
13061,test,-1.474535,1.150000
13062,test,0.555736,2.324000
13063,test,0.132151,1.346000
13064,test,-0.906919,1.450000
13065,test,-0.369790,1.100000
13066,test,0.036835,1.150000
13067,test,-0.406828,1.372000
13068,test,4.814097,5.000010
13069,test,-0.910407,1.587000
13070,test,-0.403975,1.795000
13071,test,-0.089918,3.600000
13072,test,-0.621077,0.714000
13073,test,1.365499,5.000010
13074,test,-0.390501,1.980000
13075,test,0.803695,2.349000
13076,test,-0.691666,0.878000
13077,test,1.398468,2.776000
13078,test,-0.458501,1.219000
13079,test,1.456165,3.267000
13080,test,-0.751001,1.287000
13081,test,0.262497,2.114000
13082,test,-0.616269,1.337000
13083,test,0.323047,1.739000
13084,test,3.630837,5.000010
13085,test,-0.467959,1.115000
13086,test,0.546860,1.936000
13087,test,-0.722681,1.778000
13088,test,2.112493,5.000010
13089,test,1.857876,1.722000
13090,test,-0.125741,2.421000
13091,test,1.209792,1.601000
13092,test,-1.367595,0.507000
13093,test,0.132257,1.727000
13094,test,0.481343,2.760000
13095,test,0.887176,3.788000
13096,test,-0.947233,0.951000
13097,test,0.094902,1.821000
13098,test,-0.068837,2.477000
13099,test,-0.679778,2.000000
13100,test,0.479336,1.433000
13101,test,-0.218098,1.375000
13102,test,-1.121697,0.801000
13103,test,0.781557,2.195000
13104,test,-0.394834,1.740000
13105,test,0.500576,2.324000
13106,test,0.694959,3.500000
13107,test,1.751993,1.763000
13108,test,-0.788725,3.404000
13109,test,0.604451,1.653000
13110,test,0.665054,2.110000
13111,test,-0.392456,2.199000
13112,test,-0.322502,2.544000
13113,test,0.346982,1.275000
13114,test,-0.073222,4.750000
13115,test,-0.001999,1.234000
13116,test,1.176663,3.587000
13117,test,0.458571,1.625000
13118,test,-1.254421,0.669000
13119,test,0.607463,2.461000
13120,test,0.086976,2.449000
13121,test,-0.099376,2.638000
13122,test,-0.430551,2.658000
13123,test,0.604081,2.129000
13124,test,0.687562,2.632000
13125,test,0.223980,2.219000
13126,test,4.609252,4.324000
13127,test,-0.091292,1.652000
13128,test,-0.097210,1.457000
13129,test,-1.050791,2.188000
13130,test,-0.247739,4.850000
13131,test,1.285981,3.500000
13132,test,-1.154191,1.139000
13133,test,-1.445158,1.048000
13134,test,3.450455,5.000010
13135,test,-0.788725,1.750000
13136,test,-0.347704,0.713000
13137,test,-1.167506,1.188000
13138,test,1.118385,2.417000
13139,test,2.786414,5.000010
13140,test,0.799996,4.409000
13141,test,0.398021,1.514000
13142,test,-0.338194,1.265000
13143,test,0.619668,2.614000
13144,test,0.231324,3.360000
13145,test,-0.480534,1.754000
13146,test,-0.989132,0.893000
13147,test,1.130221,5.000010
13148,test,0.320828,1.823000
13149,test,-1.356711,1.625000
13150,test,-1.113666,0.632000
13151,test,0.019875,2.000000
13152,test,0.956972,2.250000
13153,test,-0.967047,0.575000
13154,test,-0.955898,0.409000
13155,test,-0.298884,1.957000
13156,test,0.493654,2.904000
13157,test,0.416619,1.624000
13158,test,-0.260367,2.757000
13159,test,-0.615847,1.519000
13160,test,0.647935,1.437000
13161,test,-0.111739,0.956000
13162,test,-1.480928,1.375000
13163,test,0.176322,4.125000
13164,test,1.990336,3.370000
13165,test,-0.428649,1.188000
13166,test,-0.873791,0.824000
13167,test,-0.579390,1.609000
13168,test,0.890821,2.803000
13169,test,0.400082,2.822000
13170,test,0.113870,1.600000
13171,test,4.380156,5.000010
13172,test,0.876186,1.320000
13173,test,-1.605674,1.813000
13174,test,-0.393249,4.208000
13175,test,2.101555,3.433000
13176,test,-0.397951,1.425000
13177,test,0.693585,2.494000
13178,test,0.327432,2.491000
13179,test,-0.425479,1.428000
13180,test,-0.455278,1.908000
13181,test,0.491541,1.708000
13182,test,-0.290695,1.561000
13183,test,-0.167904,2.128000
13184,test,-0.887793,1.875000
13185,test,-0.239127,2.102000
13186,test,-0.444605,1.942000
13187,test,1.246143,5.000010
13188,test,0.485940,1.636000
13189,test,-0.288687,1.896000
13190,test,-0.104712,1.944000
13191,test,0.480815,3.404000
13192,test,-0.181958,2.650000
13193,test,1.373002,2.783000
13194,test,0.386186,1.397000
13195,test,-0.495856,3.500000
13196,test,1.308013,3.736000
13197,test,1.362170,4.216000
13198,test,-0.854770,0.905000
13199,test,-1.174744,1.034000
13200,test,0.183613,0.952000
13201,test,-1.166661,1.091000
13202,test,1.126575,3.535000
13203,test,-0.368575,2.561000
13204,test,-0.730289,1.813000
13205,test,-0.167904,1.063000
13206,test,1.922125,3.285000
13207,test,-0.942848,0.955000
13208,test,3.359631,1.375000
13209,test,0.499149,5.000010
13210,test,-1.271170,0.605000
13211,test,0.123909,2.302000
13212,test,-1.541320,1.875000
13213,test,3.138248,4.170000
13214,test,-0.836753,1.063000
13215,test,0.251507,0.931000
13216,test,-0.381467,1.783000
13217,test,-0.466744,1.799000
13218,test,-0.813083,0.582000
13219,test,-0.701810,1.092000
13220,test,-0.626942,1.076000
13221,test,0.648463,3.189000
13222,test,2.408479,4.592000
13223,test,-0.392456,0.650000
13224,test,-1.126294,5.000010
13225,test,-0.935081,0.498000
13226,test,1.477035,2.837000
13227,test,-0.970639,2.267000
13228,test,1.226171,2.673000
13229,test,-0.445134,1.114000
13230,test,-0.369156,1.594000
13231,test,-0.863383,0.645000
13232,test,-0.444817,2.117000
13233,test,-0.370424,1.869000
13234,test,-0.833530,1.524000
13235,test,-0.498128,0.943000
13236,test,-0.313837,0.787000
13237,test,-0.966201,0.704000
13238,test,-0.881611,1.708000
13239,test,-1.011640,0.450000
13240,test,0.821606,2.641000
13241,test,1.699422,5.000010
13242,test,-0.069576,1.972000
13243,test,-0.990189,1.396000
13244,test,0.250503,1.763000
13245,test,-0.776362,1.522000
13246,test,0.891508,1.425000
13247,test,1.460973,3.490000
13248,test,-0.366038,1.708000
13249,test,0.427081,2.983000
13250,test,1.107501,2.623000
13251,test,-0.125635,1.834000
13252,test,0.052580,4.773000
13253,test,1.204825,2.746000
13254,test,2.862656,4.361000
13255,test,-1.151972,0.661000
13256,test,-0.087012,1.733000
13257,test,-0.161299,2.018000
13258,test,-0.821748,1.161000
13259,test,-0.371111,1.116000
13260,test,0.772152,3.009000
13261,test,-0.167904,2.146000
13262,test,0.738179,1.998000
13263,test,-0.781540,1.381000
13264,test,-0.177784,1.479000
13265,test,-0.388494,2.150000
13266,test,-0.056209,2.559000
13267,test,1.572510,2.396000
13268,test,-0.440484,1.423000
13269,test,-1.284062,0.900000
13270,test,0.343495,1.125000
13271,test,0.477803,2.171000
13272,test,-1.197887,1.462000
13273,test,-0.781751,0.492000
13274,test,-0.230990,1.392000
13275,test,1.975066,3.237000
13276,test,-0.937036,1.083000
13277,test,-1.036737,0.600000
13278,test,-0.746140,0.971000
13279,test,-1.779451,0.735000
13280,test,0.530111,2.866000
13281,test,-0.828352,2.063000
13282,test,0.903555,2.348000
13283,test,-0.288687,1.622000
13284,test,1.322173,3.320000
13285,test,0.151859,2.409000
13286,test,0.924953,3.169000
13287,test,0.606142,2.209000
13288,test,0.458782,1.677000
13289,test,-0.269190,1.028000
13290,test,-1.001548,1.161000
13291,test,-0.337824,1.571000
13292,test,-0.062232,2.483000
13293,test,2.254938,3.528000
13294,test,-0.414965,1.774000
13295,test,-1.171786,2.273000
13296,test,-1.148326,0.752000
13297,test,-0.082891,1.091000
13298,test,-0.609770,1.964000
13299,test,-0.588583,0.996000
13300,test,-1.137020,0.943000
13301,test,-0.002792,2.089000
13302,test,-0.159080,1.907000
13303,test,-0.417870,2.309000
13304,test,-1.147745,1.797000
13305,test,-0.524546,2.325000
13306,test,-0.192261,2.324000
13307,test,-0.407145,0.828000
13308,test,0.374034,1.625000
13309,test,1.651499,3.855000
13310,test,-0.945331,0.886000
13311,test,0.360455,1.468000
13312,test,0.032133,1.140000
13313,test,-0.222219,2.254000
13314,test,0.069858,3.943000
13315,test,-1.328867,0.600000
13316,test,-0.084952,1.804000
13317,test,2.419522,3.513000
13318,test,-0.671641,1.709000
13319,test,-0.373594,2.938000
13320,test,-1.087512,0.641000
13321,test,-1.188799,1.375000
13322,test,-0.752533,1.185000
13323,test,-0.769863,0.880000
13324,test,0.711761,2.019000
13325,test,-0.375919,0.984000
13326,test,-0.778317,0.819000
13327,test,-0.037452,1.594000
13328,test,-0.098266,2.576000
13329,test,0.638055,3.745000
13330,test,-1.239574,0.603000
13331,test,-0.798447,0.804000
13332,test,0.159943,2.098000
13333,test,-0.548586,1.322000
13334,test,-1.245016,0.904000
13335,test,1.994140,3.749000
13336,test,-0.730923,1.582000
13337,test,0.261969,1.484000
13338,test,-0.057160,3.000000
13339,test,3.171746,5.000010
13340,test,-0.142965,1.580000
13341,test,-0.183015,1.442000
13342,test,1.672317,3.683000
13343,test,-0.345855,1.660000
13344,test,-0.206316,2.263000
13345,test,0.886383,2.171000
13346,test,1.179886,3.144000
13347,test,-0.363397,3.625000
13348,test,0.439709,2.236000
13349,test,0.828792,2.793000
13350,test,-0.276535,1.839000
13351,test,-1.490439,0.670000
13352,test,-1.065057,1.015000
13353,test,0.746474,4.000000
13354,test,-0.805210,1.000000
13355,test,0.368909,1.169000
13356,test,-0.278278,2.205000
13357,test,-0.412798,2.250000
13358,test,-0.901953,0.976000
13359,test,1.183321,2.586000
13360,test,-0.564173,1.375000
13361,test,-0.507057,0.656000
13362,test,-1.587128,0.494000
13363,test,0.423647,1.655000
13364,test,1.186438,3.493000
13365,test,0.990364,3.307000
13366,test,3.293216,5.000010
13367,test,0.487736,1.492000
13368,test,-0.356422,2.575000
13369,test,-0.865179,1.167000
13370,test,-0.260367,1.983000
13371,test,-0.979674,0.941000
13372,test,-1.040700,5.000010
13373,test,-0.126058,1.836000
13374,test,-1.485208,0.750000
13375,test,-1.019882,1.129000
13376,test,0.142718,3.091000
13377,test,1.273512,2.698000
13378,test,-0.312252,1.791000
13379,test,0.468399,2.963000
13380,test,0.473471,1.799000
13381,test,-0.832738,1.451000
13382,test,0.022675,1.298000
13383,test,0.308623,2.279000
13384,test,-0.614156,1.417000
13385,test,-0.947497,3.325000
13386,test,-0.085216,1.248000
13387,test,0.624212,1.441000
13388,test,1.350969,2.951000
13389,test,-0.548111,1.437000
13390,test,2.190901,5.000010
13391,test,0.271162,0.863000
13392,test,0.929127,3.521000
13393,test,-0.444605,1.183000
13394,test,2.102771,5.000010
13395,test,0.378049,2.304000
13396,test,-1.267524,0.900000
13397,test,-0.553447,2.841000
13398,test,2.413393,4.676000
13399,test,-0.838497,1.547000
13400,test,-0.447511,1.488000
13401,test,0.272377,1.152000
13402,test,-0.041309,0.981000
13403,test,-1.325697,0.453000
13404,test,-0.727066,2.000000
13405,test,-1.070024,0.948000
13406,test,3.758066,5.000010
13407,test,1.268334,1.807000
13408,test,-0.394464,1.535000
13409,test,-0.668999,1.212000
13410,test,-1.619623,0.583000
13411,test,1.054824,3.635000
13412,test,-0.398480,1.833000
13413,test,0.173627,1.859000
13414,test,-0.460879,1.347000
13415,test,-1.083233,1.609000
13416,test,-0.439903,0.698000
13417,test,-0.253023,0.685000
13418,test,-0.893552,1.085000
13419,test,-0.285147,2.370000
13420,test,-0.188299,3.475000
13421,test,0.854523,4.411000
13422,test,-0.653149,1.170000
13423,test,-1.305408,1.344000
13424,test,2.169502,3.687000
13425,test,2.682063,5.000010
13426,test,0.989096,3.364000
13427,test,-0.766693,0.776000
13428,test,-0.131606,2.116000
13429,test,-0.482066,1.150000
13430,test,-0.307549,1.602000
13431,test,-0.379247,1.015000
13432,test,-0.142965,1.875000
13433,test,0.012055,1.287000
13434,test,-0.002792,2.323000
13435,test,0.220440,1.849000
13436,test,0.188950,3.209000
13437,test,-0.905598,0.797000
13438,test,0.993429,2.842000
13439,test,-1.213315,0.897000
13440,test,-0.871255,3.067000
13441,test,0.129879,2.799000
13442,test,-1.104261,1.099000
13443,test,-0.451157,0.615000
13444,test,0.842899,2.256000
13445,test,-0.702656,1.527000
13446,test,-0.442703,0.732000
13447,test,-0.993465,0.837000
13448,test,-0.800561,1.563000
13449,test,2.386130,5.000010
13450,test,-0.384373,1.530000
13451,test,-0.906814,0.639000
13452,test,0.547705,3.353000
13453,test,-0.153691,2.318000
13454,test,-1.134589,1.375000
13455,test,0.893093,2.183000
13456,test,-0.469174,2.048000
13457,test,-0.452214,1.714000
13458,test,0.727770,2.049000
13459,test,0.325108,2.539000
13460,test,1.645952,3.297000
13461,test,-0.516304,2.049000
13462,test,-0.583986,2.321000
13463,test,-0.184336,1.413000
13464,test,-1.103416,0.988000
13465,test,-0.909825,0.847000
13466,test,0.886489,2.974000
13467,test,-0.574053,1.592000
13468,test,-0.935292,0.477000
13469,test,-0.995472,0.623000
13470,test,-0.322290,0.852000
13471,test,2.273853,5.000010
13472,test,-0.363608,1.703000
13473,test,1.052393,3.276000
13474,test,-0.465845,2.186000
13475,test,-1.261554,2.125000
13476,test,-0.187559,1.216000
13477,test,-0.816676,1.616000
13478,test,-0.229880,1.472000
13479,test,-0.285147,1.222000
13480,test,-1.298750,0.846000
13481,test,0.449642,1.741000
13482,test,1.877848,5.000010
13483,test,-0.653360,3.029000
13484,test,0.685237,1.547000
13485,test,0.011949,1.138000
13486,test,0.107582,2.340000
13487,test,-0.792266,0.825000
13488,test,-0.622292,2.013000
13489,test,0.204800,1.943000
13490,test,-0.913788,1.534000
13491,test,-0.302371,0.886000
13492,test,-1.394119,1.375000
13493,test,-1.180715,1.625000
13494,test,1.475450,3.804000
13495,test,0.550822,1.404000
13496,test,-0.471710,5.000010
13497,test,-0.700648,2.175000
13498,test,0.532171,2.588000
13499,test,-1.642025,1.625000
13500,test,-0.209539,1.944000
13501,test,-0.235164,1.438000
13502,test,0.420424,2.301000
13503,test,-0.233949,1.656000
13504,test,0.941702,2.549000
13505,test,2.123271,3.573000
13506,test,-1.398663,1.292000
13507,test,0.976363,2.312000
13508,test,0.958821,2.646000
13509,test,0.695117,4.055000
13510,test,-1.229007,0.575000
13511,test,1.782744,4.104000
13512,test,0.938744,1.355000
13513,test,-0.032221,5.000010
13514,test,-0.204255,1.602000
13515,test,-1.016501,0.621000
13516,test,0.419895,2.909000
13517,test,0.632560,2.154000
13518,test,-1.015180,0.570000
13519,test,0.432470,1.844000
13520,test,1.683782,2.822000
13521,test,1.913671,3.626000
13522,test,-0.549009,0.731000
13523,test,-0.808539,3.552000
13524,test,-0.687439,1.395000
13525,test,-0.371586,1.708000
13526,test,-0.343795,1.162000
13527,test,2.659925,5.000010
13528,test,1.206304,3.151000
13529,test,-0.121514,1.261000
13530,test,-1.499474,3.000000
13531,test,-0.530834,1.886000
13532,test,0.102140,1.580000
13533,test,-0.820321,1.406000
13534,test,-0.367042,1.403000
13535,test,5.881857,5.000010
13536,test,0.034774,2.625000
13537,test,0.449642,1.971000
13538,test,-0.064663,1.860000
13539,test,0.058868,4.680000
13540,test,3.307376,5.000010
13541,test,0.473893,2.541000
13542,test,-1.650214,1.125000
13543,test,0.075617,1.929000
13544,test,-0.116442,1.841000
13545,test,-0.247158,2.121000
13546,test,-0.893129,1.576000
13547,test,0.113870,1.625000
13548,test,-0.296506,0.963000
13549,test,-0.280392,1.405000
13550,test,2.177216,4.033000
13551,test,-1.188323,2.667000
13552,test,-0.532313,1.890000
13553,test,-0.059221,1.094000
13554,test,-0.729285,1.578000
13555,test,-1.130362,0.745000
13556,test,-0.467959,1.620000
13557,test,0.581097,3.814000
13558,test,1.954725,5.000010
13559,test,-1.449174,0.544000
13560,test,0.658713,2.199000
13561,test,-0.425479,0.938000
13562,test,-0.943587,1.118000
13563,test,1.433023,3.185000
13564,test,0.091890,1.828000
13565,test,1.210743,3.440000
13566,test,-0.920815,1.375000
13567,test,-0.868296,2.559000
13568,test,2.048561,2.374000
13569,test,-0.196752,1.595000
13570,test,0.017497,1.786000
13571,test,1.297235,4.808000
13572,test,1.159439,3.900000
13573,test,0.032133,1.331000
13574,test,0.722962,2.247000
13575,test,0.135902,1.740000
13576,test,0.721113,1.883000
13577,test,-0.982845,1.140000
13578,test,0.513679,1.164000
13579,test,-0.826133,2.206000
13580,test,-0.812290,1.199000
13581,test,1.189291,3.420000
13582,test,1.158118,3.831000
13583,test,0.989466,3.516000
13584,test,-0.407673,1.809000
13585,test,-0.825394,0.985000
13586,test,1.623179,3.496000
13587,test,-0.916271,0.750000
13588,test,-0.269824,1.936000
13589,test,1.068403,2.432000
13590,test,-0.594395,2.089000
13591,test,-0.258095,0.929000
13592,test,-1.207027,0.567000
13593,test,1.620221,2.985000
13594,test,-0.640785,1.600000
13595,test,0.166389,3.455000
13596,test,0.129456,2.097000
13597,test,0.135902,1.602000
13598,test,-0.282980,1.514000
13599,test,-0.247158,1.555000
13600,test,-0.639887,1.104000
13601,test,-0.039407,2.103000
13602,test,-0.906655,1.074000
13603,test,0.165596,3.215000
13604,test,1.174233,2.932000
13605,test,-0.779268,1.413000
13606,test,-1.272279,0.526000
13607,test,1.149611,4.730000
13608,test,1.217770,5.000010
13609,test,-0.791737,1.270000
13610,test,-0.564173,1.136000
13611,test,0.683546,2.762000
13612,test,0.485782,1.476000
13613,test,-0.184864,1.072000
13614,test,0.476430,2.917000
13615,test,-0.574053,2.313000
13616,test,-0.128277,3.500000
13617,test,1.466680,2.961000
13618,test,-0.215562,0.746000
13619,test,0.808080,3.623000
13620,test,-0.379247,1.532000
13621,test,-0.081095,1.787000
13622,test,1.076539,2.605000
13623,test,-0.350293,2.618000
13624,test,-1.186897,0.715000
13625,test,0.735061,2.794000
13626,test,-0.708151,1.517000
13627,test,0.354115,2.782000
13628,test,0.290025,3.338000
13629,test,0.717097,2.137000
13630,test,-0.218521,1.212000
13631,test,-0.990928,1.647000
13632,test,-0.031270,3.613000
13633,test,0.053373,1.750000
13634,test,-0.920815,0.706000
13635,test,0.485940,1.983000
13636,test,-0.956268,1.327000
13637,test,1.533570,5.000010
13638,test,2.009991,4.676000
13639,test,0.173046,1.366000
13640,test,-0.350875,1.635000
13641,test,-1.201744,0.863000
13642,test,-0.989290,0.929000
13643,test,2.163479,4.908000
13644,test,0.458782,2.168000
13645,test,-0.588319,2.200000
13646,test,0.185462,1.392000
13647,test,0.639375,3.339000
13648,test,0.829215,2.232000
13649,test,0.189267,2.750000
13650,test,5.881857,5.000010
13651,test,-1.309740,0.502000
13652,test,0.101665,3.240000
13653,test,0.595839,2.168000
13654,test,0.129034,1.414000
13655,test,-0.134882,1.225000
13656,test,0.223980,3.147000
13657,test,-0.698429,1.793000
13658,test,0.412075,1.427000
13659,test,-0.686699,0.813000
13660,test,0.644236,3.545000
13661,test,-0.648763,1.196000
13662,test,0.331184,3.586000
13663,test,0.265139,1.707000
13664,test,0.067744,1.145000
13665,test,-0.904859,1.614000
13666,test,3.165459,5.000010
13667,test,-0.975395,1.875000
13668,test,-1.013278,1.375000
13669,test,-0.108464,2.281000
13670,test,1.064757,2.951000
13671,test,-0.579601,1.482000
13672,test,-0.015050,2.382000
13673,test,1.919113,4.345000
13674,test,4.851610,5.000010
13675,test,-0.522010,2.250000
13676,test,-0.009132,1.696000
13677,test,-0.233156,1.589000
13678,test,-1.229535,0.584000
13679,test,-0.396842,1.216000
13680,test,-0.094198,0.877000
13681,test,-1.035786,0.685000
13682,test,-0.357585,2.712000
13683,test,0.139548,2.037000
13684,test,1.533094,3.697000
13685,test,0.317552,1.825000
13686,test,1.508473,4.052000
13687,test,-0.633705,1.856000
13688,test,0.410226,3.168000
13689,test,0.102880,1.387000
13690,test,-0.440167,2.545000
13691,test,1.034641,2.479000
13692,test,-0.771765,1.705000
13693,test,-0.923563,0.735000
13694,test,1.282230,4.500000
13695,test,0.230426,1.685000
13696,test,-0.899681,0.587000
13697,test,0.466127,3.882000
13698,test,-0.273576,1.710000
13699,test,-0.474458,0.934000
13700,test,-1.213315,0.561000
13701,test,0.091890,1.706000
13702,test,1.230556,3.447000
13703,test,1.553912,2.833000
13704,test,-0.811603,2.225000
13705,test,-0.091345,1.158000
13706,test,-0.568981,2.500000
13707,test,0.598216,2.697000
13708,test,0.637103,2.707000
13709,test,1.193941,4.244000
13710,test,-0.874584,1.207000
13711,test,0.157935,2.146000
13712,test,0.142507,1.283000
13713,test,1.980720,2.604000
13714,test,0.239091,2.328000
13715,test,0.972189,2.170000
13716,test,-0.699169,1.514000
13717,test,-0.152053,1.134000
13718,test,-0.712113,2.778000
13719,test,-1.112821,0.841000
13720,test,-0.713223,1.455000
13721,test,-0.855721,1.145000
13722,test,0.180813,1.679000
13723,test,0.506599,1.462000
13724,test,0.895260,3.136000
13725,test,-0.214135,1.739000
13726,test,-0.456652,0.946000
13727,test,1.092707,4.222000
13728,test,2.954168,5.000010
13729,test,0.757516,2.549000
13730,test,2.021245,4.059000
13731,test,-0.341417,1.616000
13732,test,-1.142250,0.858000
13733,test,-0.406352,1.394000
13734,test,1.250211,2.922000
13735,test,1.054454,3.487000
13736,test,1.423248,3.183000
13737,test,-0.433563,2.110000
13738,test,-0.465370,1.769000
13739,test,0.324579,2.201000
13740,test,0.318133,3.674000
13741,test,0.383861,1.235000
13742,test,0.927278,3.754000
13743,test,-1.052905,1.500000
13744,test,-0.370424,1.139000
13745,test,-1.099506,0.541000
13746,test,-0.104237,2.750000
13747,test,-0.235587,1.562000
13748,test,-0.493109,2.250000
13749,test,0.828105,3.766000
13750,test,0.257002,1.956000
13751,test,-1.407381,1.681000
13752,test,0.049410,1.823000
13753,test,-0.207531,1.875000
13754,test,-1.317084,0.550000
13755,test,1.296865,2.232000
13756,test,-0.699856,1.809000
13757,test,0.374403,2.070000
13758,test,0.210084,1.376000
13759,test,-0.757130,2.207000
13760,test,1.035697,3.244000
13761,test,-0.920815,0.717000
13762,test,0.730306,1.617000
13763,test,-0.371428,2.448000
13764,test,1.638132,1.824000
13765,test,1.886883,5.000010
13766,test,-0.050238,4.130000
13767,test,-0.078030,1.831000
13768,test,-1.015497,1.460000
13769,test,0.147579,1.778000
13770,test,1.262839,3.155000
13771,test,0.672609,2.229000
13772,test,-0.996476,2.083000
13773,test,1.042407,2.029000
13774,test,1.328619,5.000010
13775,test,0.811779,2.416000
13776,test,-0.037452,1.648000
13777,test,-0.169331,2.263000
13778,test,-0.239497,0.404000
13779,test,0.012636,1.208000
13780,test,-0.399589,2.346000
13781,test,-0.451527,2.232000
13782,test,0.113870,1.410000
13783,test,-0.101859,2.131000
13784,test,-0.049023,1.680000
13785,test,-0.446138,0.650000
13786,test,-0.174244,1.027000
13787,test,-1.369286,2.536000
13788,test,0.920145,2.444000
13789,test,-0.055047,1.676000
13790,test,1.131964,3.969000
13791,test,0.520865,2.026000
13792,test,-1.218017,0.558000
13793,test,-0.656636,1.113000
13794,test,-1.326859,2.250000
13795,test,0.364048,1.753000
13796,test,1.547888,3.676000
13797,test,-0.121303,1.382000
13798,test,-1.009315,0.670000
13799,test,-0.384795,3.100000
13800,test,0.649467,1.886000
13801,test,1.421769,2.390000
13802,test,0.630023,4.537000
13803,test,1.460709,3.476000
13804,test,-1.057607,0.598000
13805,test,0.774952,1.761000
13806,test,0.457144,2.337000
13807,test,-0.893605,1.284000
13808,test,-0.632173,0.844000
13809,test,0.106473,1.464000
13810,test,-0.051242,1.571000
13811,test,1.522633,5.000010
13812,test,-0.848166,1.530000
13813,test,-0.247792,1.478000
13814,test,-1.162962,1.169000
13815,test,-0.728493,1.191000
13816,test,-0.280550,0.993000
13817,test,-0.452478,1.670000
13818,test,0.438916,2.641000
13819,test,-0.656636,2.063000
13820,test,-0.590591,0.945000
13821,test,-0.785450,1.351000
13822,test,-0.326412,0.996000
13823,test,0.008885,1.641000
13824,test,-0.957483,1.200000
13825,test,0.378049,1.973000
13826,test,-1.380910,0.760000
13827,test,0.478332,1.992000
13828,test,-0.084265,1.548000
13829,test,2.008142,4.743000
13830,test,0.088720,2.959000
13831,test,-0.470495,1.646000
13832,test,1.445175,3.692000
13833,test,-1.101567,0.526000
13834,test,-0.581133,1.788000
13835,test,-0.331907,1.438000
13836,test,0.028857,2.306000
13837,test,-0.564913,1.761000
13838,test,-0.481168,3.462000
13839,test,2.389987,4.190000
13840,test,0.201947,2.816000
13841,test,-0.504468,1.925000
13842,test,-0.213184,1.250000
13843,test,-0.332171,1.875000
13844,test,-0.381467,1.877000
13845,test,-0.279440,1.871000
13846,test,-0.975447,1.125000
13847,test,0.682014,2.374000
13848,test,0.149111,0.682000
13849,test,-0.984535,2.125000
13850,test,-0.506371,1.522000
13851,test,0.631080,1.324000
13852,test,0.604187,1.586000
13853,test,-0.405665,0.842000
13854,test,0.923844,2.484000
13855,test,0.503851,2.429000
13856,test,-0.446666,1.478000
13857,test,-0.421305,1.516000
13858,test,-0.235587,0.928000
13859,test,-0.739747,2.192000
13860,test,-1.081225,2.111000
13861,test,-1.325327,1.583000
13862,test,-0.635290,1.422000
13863,test,-0.063447,1.222000
13864,test,-1.184995,0.530000
13865,test,-0.439639,2.060000
13866,test,-0.687122,1.775000
13867,test,-0.738214,1.706000
13868,test,-0.532789,2.059000
13869,test,1.526965,4.514000
13870,test,0.053373,3.551000
13871,test,-0.438688,1.263000
13872,test,-0.964827,0.926000
13873,test,0.102404,1.488000
13874,test,0.055962,2.356000
13875,test,-0.472661,2.821000
13876,test,-0.708996,0.813000
13877,test,0.643391,2.098000
13878,test,1.430646,3.599000
13879,test,-1.303875,0.525000
13880,test,-0.761832,1.646000
13881,test,0.083066,1.281000
13882,test,1.121661,5.000010
13883,test,0.050044,2.629000
13884,test,1.197903,2.973000
13885,test,-0.537121,0.756000
13886,test,-0.069576,1.737000
13887,test,-0.299571,2.242000
13888,test,1.328514,3.625000
13889,test,-0.477205,1.798000
13890,test,-1.399772,1.700000
13891,test,-0.186978,2.117000
13892,test,-0.810758,1.965000
13893,test,-0.783389,1.137000
13894,test,-0.664878,0.679000
13895,test,0.259168,1.872000
13896,test,-0.646755,1.950000
13897,test,3.316833,5.000010
13898,test,0.370705,2.043000
13899,test,-0.844996,1.519000
13900,test,0.411547,1.851000
13901,test,1.488712,3.130000
13902,test,-0.278384,2.563000
13903,test,-0.178788,3.239000
13904,test,0.201947,2.075000
13905,test,-0.086061,1.922000
13906,test,-0.044638,1.661000
13907,test,0.089407,1.733000
13908,test,-0.338088,4.000000
13909,test,1.037916,2.766000
13910,test,0.286854,2.327000
13911,test,-1.183568,1.406000
13912,test,-0.130919,1.393000
13913,test,-0.197809,1.938000
13914,test,-1.015180,0.606000
13915,test,2.071756,3.099000
13916,test,-0.812766,0.744000
13917,test,-1.248028,0.863000
13918,test,-0.448093,1.375000
13919,test,-0.991562,2.200000
13920,test,0.865407,1.472000
13921,test,-1.370184,0.929000
13922,test,0.084810,4.125000
13923,test,-1.427141,5.000010
13924,test,0.197456,2.757000
13925,test,-1.304932,1.038000
13926,test,0.129298,2.167000
13927,test,-0.149993,1.585000
13928,test,1.154631,2.871000
13929,test,1.269338,3.455000
13930,test,0.290025,1.580000
13931,test,-0.022922,1.800000
13932,test,-0.046276,1.073000
13933,test,-0.545997,1.644000
13934,test,-0.636294,1.625000
13935,test,-0.850068,1.316000
13936,test,-1.242797,2.375000
13937,test,0.505753,5.000010
13938,test,0.940698,2.948000
13939,test,-0.825077,1.589000
13940,test,-0.709736,0.991000
13941,test,-0.860001,2.125000
13942,test,-1.067593,0.991000
13943,test,-0.721096,0.656000
13944,test,1.416274,3.350000
13945,test,-0.689658,1.543000
13946,test,-0.373594,3.390000
13947,test,-0.369631,2.027000
13948,test,0.446049,2.893000
13949,test,-1.399614,2.188000
13950,test,0.162320,5.000010
13951,test,-0.869987,0.555000
13952,test,0.445256,2.662000
13953,test,-1.642500,3.500000
13954,test,-1.406694,0.609000
13955,test,-0.549960,0.611000
13956,test,-1.129940,0.617000
13957,test,-0.120035,3.261000
13958,test,-0.665037,1.639000
13959,test,-0.722681,1.667000
13960,test,0.952428,3.037000
13961,test,0.680640,2.513000
13962,test,-0.883090,1.585000
13963,test,0.056173,1.731000
13964,test,-0.318169,0.906000
13965,test,-0.094039,1.310000
13966,test,-0.742864,1.013000
13967,test,-1.038164,0.980000
13968,test,-1.317084,1.000000
13969,test,-0.199288,0.933000
13970,test,-0.486029,1.846000
13971,test,-0.416814,3.500000
13972,test,-0.632860,0.775000
13973,test,-0.004218,1.744000
13974,test,-0.095255,1.219000
13975,test,-0.554557,1.097000
13976,test,0.337049,1.524000
13977,test,0.135902,1.892000
13978,test,0.502795,1.813000
13979,test,0.076145,1.194000
13980,test,-0.498498,1.316000
13981,test,-1.049418,0.658000
13982,test,-1.006673,1.015000
13983,test,-1.184995,0.792000
13984,test,-0.340783,2.325000
13985,test,-0.066142,1.627000
13986,test,-0.715865,0.846000
13987,test,0.845224,2.611000
13988,test,0.924742,3.659000
13989,test,0.848975,2.264000
13990,test,-0.011404,3.422000
13991,test,-0.715336,1.900000
13992,test,0.102880,0.875000
13993,test,0.444094,2.133000
13994,test,0.109484,1.950000
13995,test,-1.095121,1.618000
13996,test,-0.902798,0.678000
13997,test,0.816534,2.166000
13998,test,-1.317084,0.575000
13999,test,0.267992,3.412000
14000,test,1.321434,2.776000
14001,test,-0.020386,1.222000
14002,test,-0.361283,1.405000
14003,test,-0.128277,0.994000
14004,test,-0.418399,1.237000
14005,test,-0.430340,1.121000
14006,test,0.196875,2.743000
14007,test,2.283681,3.616000
14008,test,-0.321604,1.759000
14009,test,1.803508,4.622000
14010,test,0.824777,1.678000
14011,test,-0.658327,3.509000
14012,test,-0.323241,1.833000
14013,test,-0.890012,0.927000
14014,test,-0.781381,0.532000
14015,test,-0.392456,0.625000
14016,test,0.772258,3.003000
14017,test,1.179834,2.862000
14018,test,-0.064874,1.708000
14019,test,1.109826,4.955000
14020,test,-1.154825,0.694000
14021,test,-0.323664,1.201000
14022,test,-0.374439,4.347000
14023,test,0.143088,1.773000
14024,test,5.881857,5.000010
14025,test,-0.656636,0.715000
14026,test,0.325794,2.055000
14027,test,0.553464,2.664000
14028,test,0.274015,1.795000
14029,test,-0.950667,1.300000
14030,test,0.072499,1.804000
14031,test,-0.516304,1.583000
14032,test,0.154236,2.016000
14033,test,-0.784816,1.450000
14034,test,-1.057026,0.981000
14035,test,-0.289426,1.247000
14036,test,-0.200662,1.918000
14037,test,0.024577,1.297000
14038,test,2.811036,5.000010
14039,test,-1.121275,0.868000
14040,test,2.240250,3.657000
14041,test,-0.334020,5.000010
14042,test,-1.075888,0.905000
14043,test,-0.463204,1.197000
14044,test,-0.263695,1.517000
14045,test,-0.991721,1.188000
14046,test,-0.482225,2.050000
14047,test,-0.972700,0.942000
14048,test,-0.010083,2.033000
14049,test,-0.085110,1.366000
14050,test,-1.031665,1.281000
14051,test,-0.366884,1.816000
14052,test,-0.548586,0.721000
14053,test,-0.331695,2.646000
14054,test,-1.019248,1.417000
14055,test,0.518434,2.750000
14056,test,0.279986,3.536000
14057,test,-0.294816,1.955000
14058,test,0.485940,3.638000
14059,test,0.825728,3.266000
14060,test,-0.975606,1.106000
14061,test,-0.458501,1.146000
14062,test,2.332660,4.514000
14063,test,-0.974866,0.550000
14064,test,-0.355788,1.817000
14065,test,1.561573,3.326000
14066,test,-0.863594,1.201000
14067,test,-1.202906,0.608000
14068,test,-0.881981,1.418000
14069,test,0.747213,1.830000
14070,test,0.781134,2.704000
14071,test,0.598216,2.830000
14072,test,0.589234,1.667000
14073,test,-0.783548,0.816000
14074,test,-0.194322,2.156000
14075,test,-0.175037,1.118000
14076,test,-1.525680,1.292000
14077,test,2.497032,5.000010
14078,test,-0.678668,1.813000
14079,test,-0.313731,2.543000
14080,test,-1.069865,0.583000
14081,test,-1.207344,0.630000
14082,test,2.035194,2.750000
14083,test,0.083066,1.732000
14084,test,-0.979780,1.324000
14085,test,0.814209,5.000010
14086,test,-0.864228,0.346000
14087,test,0.539780,1.917000
14088,test,-0.978618,0.628000
14089,test,-0.385958,1.851000
14090,test,0.187364,1.257000
14091,test,-0.356898,1.919000
14092,test,0.257002,1.569000
14093,test,1.056092,4.401000
14094,test,-0.342896,1.178000
14095,test,-0.000309,1.114000
14096,test,0.439709,3.413000
14097,test,-0.752269,0.900000
14098,test,-0.776732,4.125000
14099,test,-0.951090,2.145000
14100,test,-0.293389,1.591000
14101,test,0.389409,5.000010
14102,test,-0.293389,0.783000
14103,test,-0.905281,0.728000
14104,test,-0.452214,2.622000
14105,test,0.083066,1.026000
14106,test,-1.672406,5.000010
14107,test,-0.992883,1.192000
14108,test,-0.207531,1.672000
14109,test,1.180151,4.801000
14110,test,-0.639411,0.657000
14111,test,0.334037,2.222000
14112,test,3.324389,5.000010
14113,test,-0.607076,1.337000
14114,test,-0.844626,2.250000
14115,test,-0.102599,1.395000
14116,test,-1.090049,1.018000
14117,test,1.277791,5.000010
14118,test,-0.518311,1.566000
14119,test,-0.574053,1.189000
14120,test,-0.260367,3.500000
14121,test,0.499149,1.883000
14122,test,-0.829356,1.777000
14123,test,-0.108833,1.835000
14124,test,-0.822910,1.345000
14125,test,-0.926891,0.906000
14126,test,-1.279359,1.132000
14127,test,0.398814,2.197000
14128,test,-0.615107,1.700000
14129,test,0.215156,1.862000
14130,test,0.654645,2.233000
14131,test,-0.458501,2.750000
14132,test,2.137061,3.449000
14133,test,-0.282399,2.547000
14134,test,0.436750,1.309000
14135,test,0.138650,1.727000
14136,test,0.929867,2.698000
14137,test,0.586540,2.246000
14138,test,-1.459688,0.942000
14139,test,-0.962080,0.551000
14140,test,0.598216,2.647000
14141,test,-0.991562,1.587000
14142,test,-1.131789,1.791000
14143,test,1.138410,1.875000
14144,test,-0.030108,0.904000
14145,test,-0.392456,1.663000
14146,test,-0.380093,1.589000
14147,test,-0.255823,1.299000
14148,test,-0.752691,1.011000
14149,test,-0.343530,0.894000
14150,test,-0.389022,1.375000
14151,test,0.864932,3.036000
14152,test,-0.920815,0.919000
14153,test,0.021830,1.551000
14154,test,-0.863964,2.210000
14155,test,0.359715,1.724000
14156,test,-1.184995,1.643000
14157,test,-0.207531,2.825000
14158,test,1.194258,2.362000
14159,test,0.099234,1.330000
14160,test,0.976521,3.483000
14161,test,0.639428,1.634000
14162,test,0.232751,2.693000
14163,test,-1.066114,0.523000
14164,test,-0.022605,0.964000
14165,test,-1.115463,0.490000
14166,test,1.791884,3.148000
14167,test,0.086395,1.955000
14168,test,-0.017058,1.267000
14169,test,-0.661127,2.308000
14170,test,0.896950,2.818000
14171,test,1.078706,2.611000
14172,test,-0.129862,1.740000
14173,test,-0.865760,0.920000
14174,test,-0.128277,4.409000
14175,test,0.858433,3.617000
14176,test,-1.007360,0.534000
14177,test,-0.552866,1.643000
14178,test,1.377704,1.668000
14179,test,0.281201,1.741000
14180,test,0.606934,2.023000
14181,test,-0.856778,0.629000
14182,test,-0.689658,1.533000
14183,test,-1.179922,0.633000
14184,test,-1.025377,1.364000
14185,test,-0.804259,1.408000
14186,test,0.725287,2.200000
14187,test,-1.251039,0.670000
14188,test,-0.605279,1.612000
14189,test,0.390624,3.374000
14190,test,0.871853,0.675000
14191,test,1.362699,2.714000
14192,test,0.760000,1.955000
14193,test,-0.253604,1.093000
14194,test,-0.515564,2.208000
14195,test,-1.498681,0.850000
14196,test,1.541390,3.235000
14197,test,0.195924,2.837000
14198,test,0.395696,2.373000
14199,test,1.306376,5.000010
14200,test,0.708538,2.314000
14201,test,0.160682,1.870000
14202,test,-0.796070,1.313000
14203,test,-0.541612,1.644000
14204,test,-0.326412,0.814000
14205,test,-1.106956,0.861000
14206,test,-0.410473,1.875000
14207,test,-1.027385,2.071000
14208,test,-1.082440,0.927000
14209,test,0.117040,2.230000
14210,test,-0.988868,0.508000
14211,test,-0.945014,1.600000
14212,test,1.814921,5.000010
14213,test,-0.049023,0.934000
14214,test,-0.888268,2.500000
14215,test,-0.648129,2.410000
14216,test,-1.215798,0.725000
14217,test,0.061615,1.520000
14218,test,0.354907,2.560000
14219,test,-0.419456,0.872000
14220,test,-1.391372,0.433000
14221,test,4.980160,5.000010
14222,test,-0.562271,2.285000
14223,test,-0.483545,2.710000
14224,test,0.604874,1.923000
14225,test,-0.018220,1.700000
14226,test,0.603606,3.401000
14227,test,-1.077262,0.594000
14228,test,0.016176,3.063000
14229,test,0.551034,2.319000
14230,test,-1.302396,1.054000
14231,test,0.751335,1.771000
14232,test,-0.186978,1.468000
14233,test,-0.687915,1.347000
14234,test,0.372132,3.512000
14235,test,0.309151,1.441000
14236,test,-0.539552,1.134000
14237,test,0.097385,1.518000
14238,test,-0.373805,2.875000
14239,test,0.003813,2.757000
14240,test,-0.053409,0.950000
14241,test,0.044443,2.742000
14242,test,-0.107248,1.939000
14243,test,-0.011721,1.598000
14244,test,1.323917,1.663000
14245,test,-0.595293,3.500000
14246,test,1.310919,3.379000
14247,test,-1.028125,1.070000
14248,test,0.298003,1.811000
14249,test,0.182134,1.483000
14250,test,0.609312,2.522000
14251,test,0.602760,3.667000
14252,test,3.612926,5.000010
14253,test,0.388352,2.168000
14254,test,0.072446,1.900000
14255,test,-0.064663,1.164000
14256,test,0.107265,3.289000
14257,test,-0.952094,2.146000
14258,test,3.004943,5.000010
14259,test,0.201947,3.328000
14260,test,1.158752,2.649000
14261,test,1.275414,2.882000
14262,test,-0.000309,2.167000
14263,test,0.967328,2.758000
14264,test,-0.893922,0.581000
14265,test,0.760105,1.650000
14266,test,0.041537,1.719000
14267,test,0.653905,2.945000
14268,test,-0.313203,3.321000
14269,test,-1.434486,1.500000
14270,test,-0.707147,1.594000
14271,test,-0.481538,1.505000
14272,test,-1.014388,0.895000
14273,test,-0.351826,1.125000
14274,test,1.223476,3.356000
14275,test,-0.858892,1.682000
14276,test,-1.287972,1.417000
14277,test,-1.432636,0.827000
14278,test,0.374509,1.858000
14279,test,0.320828,0.963000
14280,test,0.471886,3.780000
14281,test,1.126575,2.714000
14282,test,1.462347,2.761000
14283,test,-1.019882,0.699000
14284,test,-0.399061,1.548000
14285,test,1.295174,2.583000
14286,test,0.806707,0.718000
14287,test,-0.278965,0.897000
14288,test,-1.444102,1.375000
14289,test,0.185462,0.942000
14290,test,0.038579,1.706000
14291,test,2.427077,3.919000
14292,test,0.230267,2.618000
14293,test,0.400082,1.625000
14294,test,0.217375,1.238000
14295,test,-0.751265,1.438000
14296,test,0.033189,0.859000
14297,test,0.160260,3.369000
14298,test,-1.087090,1.247000
14299,test,-0.267711,1.744000
14300,test,-0.508008,0.922000
14301,test,-1.121539,0.896000
14302,test,-0.458501,1.583000
14303,test,-0.818736,5.000010
14304,test,1.132387,1.631000
14305,test,-1.041122,0.516000
14306,test,-0.392456,2.165000
14307,test,-0.310244,1.642000
14308,test,-0.554927,1.352000
14309,test,-0.453799,1.852000
14310,test,-0.859948,4.500000
14311,test,0.912167,1.869000
14312,test,0.194180,1.568000
14313,test,1.008328,5.000010
14314,test,-1.113877,0.938000
14315,test,-1.056551,1.125000
14316,test,-0.038033,1.525000
14317,test,-0.378349,3.417000
14318,test,0.692528,2.473000
14319,test,0.836506,3.418000
14320,test,-1.303611,1.938000
14321,test,0.042647,1.966000
14322,test,-1.399614,0.925000
14323,test,-0.037769,3.031000
14324,test,0.010417,2.281000
14325,test,-0.234794,2.000000
14326,test,-1.197622,1.063000
14327,test,-1.136544,0.488000
14328,test,-0.848483,1.235000
14329,test,-0.394200,1.785000
14330,test,-0.180162,1.464000
14331,test,-0.697478,0.830000
14332,test,-0.243459,1.908000
14333,test,1.583817,2.905000
14334,test,2.573327,5.000010
14335,test,1.312980,2.745000
14336,test,-1.258648,0.864000
14337,test,-0.458501,0.918000
14338,test,5.881857,5.000010
14339,test,-0.686224,0.883000
14340,test,2.792543,4.188000
14341,test,1.257344,3.500000
14342,test,2.265928,3.901000
14343,test,-0.447511,1.937000
14344,test,0.249975,2.714000
14345,test,-0.209010,1.546000
14346,test,0.691472,3.446000
14347,test,0.007458,1.432000
14348,test,0.961991,2.682000
14349,test,-0.409522,3.160000
14350,test,-0.297510,2.861000
14351,test,-0.458501,1.100000
14352,test,-0.349607,3.700000
14353,test,1.580488,3.524000
14354,test,0.511513,1.956000
14355,test,-1.200475,1.014000
14356,test,1.062749,2.555000
14357,test,1.450512,3.125000
14358,test,0.638847,1.614000
14359,test,0.689781,1.981000
14360,test,-1.019882,0.677000
14361,test,-0.007864,1.455000
14362,test,0.798676,3.769000
14363,test,0.550188,2.597000
14364,test,-1.089309,1.134000
14365,test,1.038075,2.989000
14366,test,-0.139848,2.750000
14367,test,-0.327891,2.547000
14368,test,0.783617,3.021000
14369,test,-0.039354,1.310000
14370,test,0.719580,1.928000
14371,test,-0.322766,2.308000
14372,test,-0.680676,2.250000
14373,test,0.288334,1.501000
14374,test,-0.121990,0.816000
14375,test,-0.893922,0.615000
14376,test,0.545011,3.199000
14377,test,0.088509,3.422000
14378,test,-0.333861,1.986000
14379,test,-0.845313,2.500000
14380,test,1.457169,4.276000
14381,test,-1.296161,0.491000
14382,test,-0.861269,2.317000
14383,test,0.361829,2.502000
14384,test,-0.131870,1.232000
14385,test,-0.121673,1.339000
14386,test,2.394425,4.429000
14387,test,-0.847215,3.500000
14388,test,-0.400699,0.919000
14389,test,-0.563697,1.926000
14390,test,0.588759,2.448000
14391,test,-0.800032,5.000000
14392,test,0.025845,3.216000
14393,test,-0.654628,0.712000
14394,test,-1.030872,0.828000
14395,test,-0.042155,1.368000
14396,test,-1.028125,1.651000
14397,test,-1.234502,0.438000
14398,test,-0.332435,1.125000
14399,test,-0.857201,1.650000
14400,test,0.746632,1.515000
14401,test,-0.857993,0.975000
14402,test,0.773156,2.708000
14403,test,-0.725005,0.875000
14404,test,-0.240923,3.411000
14405,test,0.179915,1.250000
14406,test,1.204772,2.439000
14407,test,0.961569,2.314000
14408,test,-0.713593,2.939000
14409,test,-0.520478,1.667000
14410,test,0.911005,2.399000
14411,test,-0.277274,1.846000
14412,test,-0.739165,1.690000
14413,test,0.406105,1.631000
14414,test,-0.421146,4.179000
14415,test,1.035116,1.502000
14416,test,0.825939,2.467000
14417,test,-1.212628,2.250000
14418,test,0.382276,2.446000
14419,test,0.581097,2.219000
14420,test,-0.604751,1.232000
14421,test,0.161316,3.521000
14422,test,1.118597,3.710000
14423,test,-1.190384,0.866000
14424,test,0.212937,1.828000
14425,test,-0.180320,1.248000
14426,test,0.278401,1.970000
14427,test,1.298609,3.680000
14428,test,-0.613205,3.750000
14429,test,-0.096840,1.758000
14430,test,-1.487163,0.657000
14431,test,-1.240050,1.188000
14432,test,0.499149,1.944000
14433,test,-0.080249,4.944000
14434,test,-0.752057,0.734000
14435,test,0.936524,2.330000
14436,test,-0.137101,1.801000
14437,test,-1.194769,1.114000
14438,test,0.678527,1.434000
14439,test,-0.095255,0.932000
14440,test,0.242314,1.289000
14441,test,-1.158207,0.633000
14442,test,1.250422,5.000010
14443,test,0.168925,1.850000
14444,test,-1.110707,0.680000
14445,test,-1.170306,0.581000
14446,test,0.686082,2.412000
14447,test,-0.384214,1.000000
14448,test,-0.368099,1.042000
14449,test,0.005820,2.269000
14450,test,-0.815513,0.855000
14451,test,1.428902,4.374000
14452,test,-0.496226,2.375000
14453,test,0.043440,2.190000
14454,test,0.906249,2.677000
14455,test,0.518645,0.872000
14456,test,0.603500,2.638000
14457,test,0.055486,1.909000
14458,test,0.833811,2.239000
14459,test,-1.258384,0.951000
14460,test,-0.638619,0.828000
14461,test,-0.942848,0.483000
14462,test,1.951026,3.279000
14463,test,-1.179658,0.596000
14464,test,-1.339117,0.425000
14465,test,-1.283586,1.088000
14466,test,-0.348444,0.750000
14467,test,-0.529618,2.800000
14468,test,3.556022,4.601000
14469,test,0.341962,1.640000
14470,test,-0.939361,0.748000
14471,test,-0.136942,1.463000
14472,test,-0.203991,1.298000
14473,test,-1.133321,1.050000
14474,test,0.179915,1.683000
14475,test,0.619720,3.149000
14476,test,-0.559312,1.375000
14477,test,0.081640,2.502000
14478,test,0.182504,1.646000
14479,test,-0.173822,1.185000
14480,test,2.203899,3.822000
14481,test,1.301092,2.994000
14482,test,0.627435,1.111000
14483,test,-1.202325,1.151000
14484,test,0.042858,3.602000
14485,test,-0.100855,4.500000
14486,test,1.388430,4.836000
14487,test,0.748006,2.171000
14488,test,-0.610933,2.208000
14489,test,-0.144762,2.099000
14490,test,-0.618911,1.632000
14491,test,0.146892,1.625000
14492,test,-0.743974,0.938000
14493,test,-0.237066,1.375000
14494,test,0.183085,2.454000
14495,test,0.243582,1.337000
14496,test,0.267992,1.667000
14497,test,1.141686,3.560000
14498,test,-0.594237,1.775000
14499,test,0.709119,3.736000
14500,test,-0.255294,1.625000
14501,test,-0.619017,2.882000
14502,test,-0.801617,1.361000
14503,test,0.310736,1.985000
14504,test,1.288570,3.461000
14505,test,-0.911622,1.250000
14506,test,-0.113060,5.000010
14507,test,0.293406,0.875000
14508,test,-0.896775,1.500000
14509,test,0.177748,5.000010
14510,test,-0.563063,1.951000
14511,test,-0.626150,0.839000
14512,test,3.992023,5.000010
14513,test,-0.441964,1.036000
14514,test,-0.810758,1.577000
14515,test,0.927384,5.000010
14516,test,-0.252124,3.000000
14517,test,5.881857,5.000010
14518,test,-0.861375,0.643000
14519,test,2.342540,3.585000
14520,test,0.138174,0.832000
14521,test,1.009279,1.757000
14522,test,0.686399,2.206000
14523,test,-0.702022,1.086000
14524,test,1.051918,4.947000
14525,test,-1.039696,1.625000
14526,test,-0.487614,0.956000
14527,test,0.453763,1.776000
14528,test,-0.466744,1.636000
14529,test,-0.130866,1.504000
14530,test,-0.102599,2.145000
14531,test,-0.001841,2.762000
14532,test,0.854312,2.960000
14533,test,0.149851,1.941000
14534,test,0.040481,2.129000
14535,test,-0.612624,0.878000
14536,test,0.769299,2.289000
14537,test,-0.356000,2.763000
14538,test,0.486468,3.022000
14539,test,0.677364,2.664000
14540,test,-0.267130,1.051000
14541,test,-0.924725,1.241000
14542,test,-0.785872,1.480000
14543,test,-1.097921,0.635000
14544,test,-0.123363,0.798000
14545,test,1.225272,3.202000
14546,test,1.654987,5.000010
14547,test,-0.001101,2.984000
14548,test,0.490907,2.275000
14549,test,-1.346461,0.905000
14550,test,0.074243,1.429000
14551,test,0.261969,1.797000
14552,test,2.314326,4.988000
14553,test,-0.088914,2.601000
14554,test,3.005472,4.118000
14555,test,0.106103,3.786000
14556,test,-0.257619,2.165000
14557,test,0.943235,2.258000
14558,test,-0.688073,1.164000
14559,test,0.032872,1.634000
14560,test,0.983971,2.609000
14561,test,-0.622345,0.821000
14562,test,-0.973968,1.185000
14563,test,0.201947,1.431000
14564,test,0.571798,1.940000
14565,test,-0.524546,0.875000
14566,test,1.308489,3.247000
14567,test,0.500576,2.185000
14568,test,1.171855,3.083000
14569,test,-1.482196,0.928000
14570,test,-0.158288,2.773000
14571,test,-0.551651,1.107000
14572,test,-0.656636,0.806000
14573,test,-0.672645,1.773000
14574,test,0.862396,1.795000
14575,test,-0.470125,3.068000
14576,test,0.759154,3.607000
14577,test,0.942231,4.048000
14578,test,-0.276852,3.333000
14579,test,0.278665,1.517000
14580,test,-0.906550,1.708000
14581,test,-1.185946,0.934000
14582,test,1.205723,2.391000
14583,test,-1.036367,3.000000
14584,test,-1.089097,0.627000
14585,test,0.150062,1.821000
14586,test,-0.077343,1.679000
14587,test,0.496137,3.697000
14588,test,-0.466268,0.747000
14589,test,-0.975447,0.580000
14590,test,-0.636928,1.207000
14591,test,1.404914,2.731000
14592,test,-0.626625,1.141000
14593,test,0.028593,1.750000
14594,test,-0.859948,0.895000
14595,test,-0.631592,1.445000
14596,test,0.111122,2.173000
14597,test,-0.086378,1.508000
14598,test,1.088269,3.369000
14599,test,-1.033091,0.972000
14600,test,-0.431925,2.250000
14601,test,-1.100616,1.095000
14602,test,-0.782702,1.391000
14603,test,-0.627735,0.818000
14604,test,-0.876222,0.750000
14605,test,-0.734305,1.856000
14606,test,-0.598411,1.373000
14607,test,0.336415,1.645000
14608,test,-0.685326,1.260000
14609,test,-1.331086,0.851000
14610,test,-0.376447,2.500000
14611,test,0.429564,2.455000
14612,test,-0.115068,1.689000
14613,test,-0.199658,2.167000
14614,test,-0.786982,1.667000
14615,test,-0.158024,1.207000
14616,test,-0.054465,1.276000
14617,test,-0.656636,1.875000
14618,test,3.696195,3.818000
14619,test,0.883266,2.733000
14620,test,0.361829,1.544000
14621,test,1.206304,3.387000
14622,test,-1.166132,0.149990
14623,test,-0.122254,2.070000
14624,test,1.162345,3.216000
14625,test,-0.722681,0.730000
14626,test,-0.946229,1.000000
14627,test,2.288330,3.559000
14628,test,-0.683054,1.535000
14629,test,-0.645646,0.913000
14630,test,0.618294,1.940000
14631,test,-0.384003,2.201000
14632,test,-0.849117,1.656000
14633,test,-0.909455,0.888000
14634,test,0.427292,1.984000
14635,test,1.919113,3.445000
14636,test,-0.762308,0.846000
14637,test,5.881857,5.000010
14638,test,0.044179,0.869000
14639,test,-0.109415,1.530000
14640,test,-0.350082,2.836000
14641,test,-0.458501,0.710000
14642,test,-0.675921,1.362000
14643,test,-1.067593,0.574000
14644,test,-0.222642,1.229000
14645,test,-0.858416,1.727000
14646,test,1.212381,2.794000
14647,test,0.720161,1.969000
14648,test,-0.367676,1.154000
14649,test,-1.011640,1.008000
14650,test,-0.858522,1.500000
14651,test,1.930209,3.404000
14652,test,-1.236034,2.000000
14653,test,-0.726802,1.920000
14654,test,0.086395,2.850000
14655,test,0.213941,2.469000
14656,test,-0.618118,2.667000
14657,test,-0.964405,0.637000
14658,test,-0.562852,0.843000
14659,test,0.416619,1.620000
14660,test,1.147392,3.216000
14661,test,1.809690,3.558000
14662,test,1.342779,3.349000
14663,test,-0.795330,0.625000
14664,test,-0.819212,2.250000
14665,test,0.183085,1.469000
14666,test,-0.153268,2.456000
14667,test,-0.909403,1.008000
14668,test,-0.558572,1.844000
14669,test,-0.758081,1.017000
14670,test,-0.846528,0.882000
14671,test,-0.660123,2.438000
14672,test,0.143669,3.313000
14673,test,1.801765,2.929000
14674,test,-0.700067,0.850000
14675,test,0.063042,1.577000
14676,test,1.746657,2.621000
14677,test,0.670073,4.474000
14678,test,1.497853,3.819000
14679,test,2.198456,3.718000
14680,test,0.307619,1.966000
14681,test,-0.617009,1.650000
14682,test,-0.331431,0.855000
14683,test,1.162979,2.480000
14684,test,0.635149,2.661000
14685,test,-0.806109,1.542000
14686,test,-0.346753,2.063000
14687,test,4.409691,5.000010
14688,test,0.356069,1.603000
14689,test,-0.008868,1.372000
14690,test,0.272272,2.098000
14691,test,-0.340730,1.083000
14692,test,-0.735890,2.583000
14693,test,-1.156093,0.607000
14694,test,2.269415,2.500000
14695,test,1.269655,2.514000
14696,test,-1.374887,0.275000
14697,test,0.133789,1.821000
14698,test,-1.126875,0.612000
14699,test,0.477116,1.786000
14700,test,1.002516,2.991000
14701,test,-1.425134,1.106000
14702,test,0.765547,4.163000
14703,test,-0.117868,2.110000
14704,test,0.443354,2.348000
14705,test,-0.357690,2.556000
14706,test,-0.810758,0.875000
14707,test,1.195209,5.000010
14708,test,-0.139425,1.260000
14709,test,-0.486029,0.833000
14710,test,0.974249,2.472000
14711,test,-0.903855,0.486000
14712,test,-0.787722,1.573000
14713,test,0.667431,1.483000
14714,test,-0.705456,1.565000
14715,test,0.079315,2.743000
14716,test,0.449008,1.664000
14717,test,0.177431,2.201000
14718,test,0.240465,1.300000
14719,test,1.175078,3.448000
14720,test,0.942336,2.279000
14721,test,0.730147,2.593000
14722,test,-0.434144,2.643000
14723,test,-0.509329,0.820000
14724,test,-0.380304,1.023000
14725,test,0.254783,0.962000
14726,test,-0.187717,1.693000
14727,test,-0.359434,1.761000
14728,test,0.719316,4.445000
14729,test,0.276499,1.079000
14730,test,-1.231384,0.694000
14731,test,0.717044,4.452000
14732,test,0.330550,2.138000
14733,test,0.941280,4.224000
14734,test,-0.596614,0.875000
14735,test,-0.821748,1.286000
14736,test,-0.107407,2.034000
14737,test,-0.617696,0.925000
14738,test,-0.833266,1.339000
14739,test,-0.299095,0.875000
14740,test,-0.450734,1.188000
14741,test,3.742374,5.000010
14742,test,-1.289134,0.730000
14743,test,0.254783,2.610000
14744,test,-0.054307,2.380000
14745,test,-1.162962,1.336000
14746,test,-1.166396,0.612000
14747,test,-1.159898,1.875000
14748,test,0.593144,1.541000
14749,test,-0.087012,2.278000
14750,test,0.168925,2.750000
14751,test,0.835449,2.521000
14752,test,-0.132979,1.313000
14753,test,-0.819212,0.865000
14754,test,-0.158288,5.000010
14755,test,1.404122,3.877000
14756,test,0.237030,1.432000
14757,test,-0.882298,1.464000
14758,test,1.394400,2.434000
14759,test,0.947620,1.724000
14760,test,-0.065561,2.417000
14761,test,-0.846528,2.262000
14762,test,0.144145,3.237000
14763,test,-1.234185,0.505000
14764,test,-0.304379,2.250000
14765,test,-0.397159,1.316000
14766,test,-0.138052,4.333000
14767,test,-0.187717,3.506000
14768,test,0.584637,1.935000
14769,test,-1.224621,1.661000
14770,test,-0.350241,2.674000
14771,test,-0.722681,1.575000
14772,test,0.154236,2.932000
14773,test,-0.351561,3.394000
14774,test,-0.473190,3.250000
14775,test,-1.010319,0.933000
14776,test,-0.326412,1.347000
14777,test,-0.999435,1.375000
14778,test,0.535659,2.315000
14779,test,-1.204808,0.558000
14780,test,0.626061,2.314000
14781,test,-0.722681,1.620000
14782,test,-1.204438,3.273000
14783,test,-0.545575,1.617000
14784,test,-0.246207,1.452000
14785,test,-0.199024,1.372000
14786,test,-0.513556,1.350000
14787,test,0.906883,2.391000
14788,test,-1.221187,1.525000
14789,test,0.421216,1.213000
14790,test,-0.658749,2.022000
14791,test,-0.973651,1.250000
14792,test,0.733001,1.943000
14793,test,-0.929903,0.547000
14794,test,-0.960442,1.000000
14795,test,-0.644219,1.145000
14796,test,-0.911992,1.222000
14797,test,-0.983690,1.030000
14798,test,0.964422,2.696000
14799,test,-0.446138,0.886000
14800,test,-0.255294,1.681000
14801,test,-0.093511,2.788000
14802,test,2.027004,5.000010
14803,test,0.207970,2.688000
14804,test,-0.848747,2.481000
14805,test,-0.781487,3.375000
14806,test,-0.403869,1.408000
14807,test,-0.249377,2.158000
14808,test,-0.393936,1.255000
14809,test,0.452918,2.321000
14810,test,0.678685,3.878000
14811,test,0.855633,2.034000
14812,test,-0.243248,0.727000
14813,test,0.146892,1.434000
14814,test,-0.634603,1.649000
14815,test,-0.043951,1.455000
14816,test,-0.691243,0.679000
14817,test,-0.299518,1.680000
14818,test,1.061957,3.588000
14819,test,0.166389,4.351000
14820,test,-0.529249,1.240000
14821,test,0.778017,4.898000
14822,test,-1.150598,1.035000
14823,test,-0.736682,0.899000
14824,test,0.543161,1.737000
14825,test,0.069858,0.945000
14826,test,-1.192286,2.625000
14827,test,2.254304,3.590000
14828,test,-0.519474,2.113000
14829,test,-0.074015,1.651000
14830,test,-0.516991,1.854000
14831,test,0.345714,1.911000
14832,test,0.435165,1.422000
14833,test,-0.621553,3.667000
14834,test,0.090199,2.657000
14835,test,-0.604487,2.335000
14836,test,-0.477152,1.089000
14837,test,-0.832738,0.925000
14838,test,0.088984,1.779000
14839,test,-0.066142,1.355000
14840,test,0.925799,2.396000
14841,test,0.123539,1.705000
14842,test,-0.849275,0.681000
14843,test,1.065180,2.326000
14844,test,-1.135435,0.699000
14845,test,-0.189250,1.417000
14846,test,-0.378772,2.429000
14847,test,-0.359434,0.840000
14848,test,-0.027889,0.990000
14849,test,-0.995895,0.828000
14850,test,-0.932016,0.620000
14851,test,0.026796,1.952000
14852,test,1.696040,3.343000
14853,test,-0.988815,0.769000
14854,test,0.209556,2.841000
14855,test,-1.057607,1.066000
14856,test,-0.630218,1.042000
14857,test,2.518272,4.635000
14858,test,-1.031665,1.156000
14859,test,-0.275900,1.598000
14860,test,-0.942478,2.333000
14861,test,-0.236009,1.411000
14862,test,0.720003,2.051000
14863,test,0.695434,2.249000
14864,test,-0.441964,2.191000
14865,test,4.069850,5.000010
14866,test,0.367059,2.535000
14867,test,1.630259,5.000010
14868,test,-0.524546,0.577000
14869,test,-0.885838,1.650000
14870,test,0.264822,1.654000
14871,test,0.732525,2.346000
14872,test,1.010178,3.092000
14873,test,-1.106111,1.403000
14874,test,0.862396,2.414000
14875,test,1.444224,3.149000
14876,test,1.537057,4.000000
14877,test,-0.280180,1.543000
14878,test,-0.672539,1.083000
14879,test,-0.400699,1.360000
14880,test,0.971079,2.876000
14881,test,-1.361097,0.663000
14882,test,2.069484,4.090000
14883,test,2.423484,5.000010
14884,test,1.938768,4.326000
14885,test,-0.451897,1.117000
14886,test,0.750753,1.830000
14887,test,1.188657,1.447000
14888,test,-1.147745,0.868000
14889,test,-0.676449,1.445000
14890,test,1.999318,3.593000
14891,test,-0.684692,0.743000
14892,test,0.931294,2.431000
14893,test,-0.121673,2.625000
14894,test,-0.108833,1.873000
14895,test,0.187259,3.750000
14896,test,-0.189937,5.000010
14897,test,-0.435042,1.672000
14898,test,0.035620,4.069000
14899,test,-0.291963,1.980000
14900,test,2.375298,3.551000
14901,test,-0.252124,1.478000
14902,test,0.374668,1.861000
14903,test,1.084254,4.205000
14904,test,0.022147,0.813000
14905,test,0.762325,2.683000
14906,test,0.602285,1.850000
14907,test,0.186096,1.787000
14908,test,0.283209,1.867000
14909,test,-0.405560,1.143000
14910,test,-0.260367,1.341000
14911,test,0.747002,2.218000
14912,test,-0.924408,0.589000
14913,test,-0.483915,1.409000
14914,test,-0.969741,0.555000
14915,test,-0.153691,1.357000
14916,test,0.113870,4.344000
14917,test,0.138914,2.957000
14918,test,0.426500,2.254000
14919,test,0.420741,2.489000
14920,test,0.571006,2.023000
14921,test,-0.977772,1.125000
14922,test,-0.704188,1.171000
14923,test,-0.731768,1.333000
14924,test,-0.555032,2.269000
14925,test,-0.430710,2.164000
14926,test,1.525275,4.024000
14927,test,-1.532390,0.471000
14928,test,0.214786,1.240000
14929,test,0.339849,2.968000
14930,test,-0.062232,1.590000
14931,test,0.616497,2.051000
14932,test,-0.715231,0.674000
14933,test,0.349888,2.264000
14934,test,-1.085927,0.935000
14935,test,0.174156,1.793000
14936,test,-0.336820,2.013000
14937,test,0.950843,2.098000
14938,test,-0.950192,0.812000
14939,test,-0.626625,1.646000
14940,test,-1.538308,2.750000
14941,test,-0.301949,2.361000
14942,test,-0.815143,0.806000
14943,test,0.617079,3.298000
14944,test,-0.538125,1.096000
14945,test,0.034880,1.827000
14946,test,-0.272360,1.708000
14947,test,0.195924,1.923000
14948,test,0.766234,1.551000
14949,test,0.245008,0.958000
14950,test,-0.784340,1.469000
14951,test,3.300983,4.777000
14952,test,-0.431608,0.827000
14953,test,-1.259863,0.652000
14954,test,-1.195720,0.734000
14955,test,-0.545628,1.072000
14956,test,-0.558784,1.444000
14957,test,-0.893024,2.792000
14958,test,-0.035814,1.720000
14959,test,1.813600,3.813000
14960,test,-0.135251,2.484000
14961,test,0.644448,2.242000
14962,test,-0.685696,0.720000
14963,test,0.286326,2.520000
14964,test,0.153708,3.152000
14965,test,-1.300547,0.819000
14966,test,0.521182,1.674000
14967,test,0.449906,1.787000
14968,test,-0.285781,2.345000
14969,test,-0.260367,1.031000
14970,test,0.960882,2.587000
14971,test,0.373347,3.152000
14972,test,-1.167612,0.685000
14973,test,-0.225918,1.494000
14974,test,-0.640785,0.863000
14975,test,-0.291910,0.990000
14976,test,-0.464525,0.875000
14977,test,1.160918,3.155000
14978,test,0.328542,1.568000
14979,test,-0.432083,1.213000
14980,test,-1.095966,0.745000
14981,test,-0.661708,0.892000
14982,test,-0.599045,1.489000
14983,test,-1.617932,0.844000
14984,test,0.445943,2.746000
14985,test,-0.326412,3.550000
14986,test,-0.810758,0.998000
14987,test,0.867943,2.321000
14988,test,-0.331484,2.250000
14989,test,-1.173001,1.089000
14990,test,3.495472,4.986000
14991,test,-0.248003,0.900000
14992,test,0.210771,4.102000
14993,test,-0.450259,2.703000
14994,test,-0.689658,1.750000
14995,test,-1.048202,0.710000
14996,test,0.843111,2.021000
14997,test,0.025845,1.895000
14998,test,-0.480534,0.917000
14999,test,-0.106244,1.759000
15000,test,-1.548770,0.525000
